# The following table is formatted as tab separated values. 
#GeneName	GeneId	TranscriptId	BioType	variants_impact_HIGH	variants_impact_LOW	variants_impact_MODERATE	variants_impact_MODIFIER	variants_effect_3_prime_UTR_variant	variants_effect_5_prime_UTR_premature_start_codon_gain_variant	variants_effect_5_prime_UTR_variant	variants_effect_conservative_inframe_deletion	variants_effect_conservative_inframe_insertion	variants_effect_disruptive_inframe_deletion	variants_effect_downstream_gene_variant	variants_effect_frameshift_variant	variants_effect_intron_variant	variants_effect_missense_variant	variants_effect_non_coding_transcript_exon_variant	variants_effect_non_coding_transcript_variant	variants_effect_splice_acceptor_variant	variants_effect_splice_donor_variant	variants_effect_splice_region_variant	variants_effect_start_lost	variants_effect_stop_gained	variants_effect_stop_lost	variants_effect_synonymous_variant	variants_effect_upstream_gene_variant
	.10071	uc011cml.2		0	0	0	10	0	0	0	0	0	0	0	0	0	0	0	0	0	0	0	0	0	0	0	10
	.10089	uc003jfg.3		0	4	0	193	0	0	0	0	0	0	2	0	159	0	36	0	0	0	4	0	0	0	0	0
	.10259	uc003khb.1	protein_coding	0	2	0	29	0	2	3	0	0	0	3	0	19	0	0	0	0	0	0	0	0	0	0	4
	.10259	uc011ctn.2		0	1	0	120	0	0	0	0	0	0	0	0	105	0	16	0	0	0	1	0	0	0	0	0
	.10259	uc011cto.1		0	0	0	26	0	0	0	0	0	0	0	0	24	0	0	0	0	0	0	0	0	0	0	2
	.10269	uc003kiy.1		0	0	0	3	0	0	0	0	0	0	3	0	0	0	0	0	0	0	0	0	0	0	0	0
	.10269	uc010jav.3		0	0	0	49	0	0	0	0	0	0	0	0	42	0	7	0	0	0	0	0	0	0	0	0
	.10405	uc003lfn.3		0	0	0	11	0	0	0	0	0	0	0	0	0	0	0	0	0	0	0	0	0	0	0	11
	.10407	uc021yeo.1		0	0	0	21	0	0	0	0	0	0	7	0	0	0	0	0	0	0	0	0	0	0	0	14
	.10413	uc011daz.2	protein_coding	1	4	3	29	0	0	0	0	0	0	17	0	0	3	0	0	0	0	0	0	1	0	4	12
	.10466	uc003lxm.1		0	0	0	10	0	0	0	0	0	0	0	0	0	0	0	0	0	0	0	0	0	0	0	10
	.10502	uc021yhq.1		0	0	0	6	0	0	0	0	0	0	0	0	0	0	0	0	0	0	0	0	0	0	0	6
	.10609	uc021ylb.1		0	0	0	3	0	0	0	0	0	0	0	0	0	0	1	0	0	0	0	0	0	0	0	2
	.10644	uc003nce.2	protein_coding	0	2	3	33	1	1	1	0	0	0	0	0	24	3	0	0	0	0	0	0	0	0	1	7
	.10645	uc003ncj.3	protein_coding	1	2	5	14	1	0	0	0	0	0	1	0	11	5	0	0	0	0	2	0	1	0	2	1
	.10880	uc003nsn.2		0	0	0	22	0	0	0	0	0	0	22	0	0	0	0	0	0	0	0	0	0	0	0	0
	.10881	uc011dnf.1		0	0	0	33	0	0	0	0	0	0	21	0	0	0	0	0	0	0	0	0	0	0	0	12
	.10882	uc011dng.1		0	0	0	25	0	0	0	0	0	0	5	0	0	0	2	0	0	0	0	0	0	0	0	18
	.10883	uc011dnh.1		0	0	0	20	0	0	0	0	0	0	14	0	1	0	3	0	0	0	0	0	0	0	0	2
	.10906	uc021yvc.1		0	0	0	17	0	0	0	0	0	0	0	0	0	0	0	0	0	0	0	0	0	0	0	17
	.10907	uc010jtn.1		0	0	0	11	0	0	0	0	0	0	0	0	0	0	0	0	0	0	0	0	0	0	0	11
	.11133	uc021yzy.1		0	0	0	22	0	0	0	0	0	0	22	0	0	0	0	0	0	0	0	0	0	0	0	0
	.11172	uc010kaa.1		1	1	0	37	0	0	0	0	0	0	7	0	10	0	5	0	1	0	1	0	0	0	0	17
	.11174	uc003pdg.2		0	0	0	4	0	0	0	0	0	0	0	0	0	0	0	0	0	0	0	0	0	0	0	4
	.1126	uc001hsm.1		0	0	0	36	0	0	0	0	0	0	0	0	7	0	5	0	0	0	0	0	0	0	0	24
	.1127	uc009xfa.3	protein_coding	0	4	4	44	0	2	5	0	0	0	18	0	4	4	0	0	0	0	0	0	0	0	2	17
	.11288	uc011ebi.1		0	3	0	70	0	0	0	0	0	0	0	0	60	0	12	0	0	0	3	0	0	0	0	1
	.11289	uc010keg.2		0	0	0	7	0	0	0	0	0	0	3	0	0	0	0	0	0	0	0	0	0	0	0	4
	.11400	uc010kja.2	protein_coding	4	12	8	69	2	4	10	0	0	0	10	0	45	8	0	0	1	0	2	0	3	0	6	5
	.11406	uc021zhj.1		0	0	0	12	0	0	0	0	0	0	10	0	0	0	0	0	0	0	0	0	0	0	0	2
	.11413	uc021zho.1		0	0	0	22	0	0	0	0	0	0	0	0	0	0	0	0	0	0	0	0	0	0	0	22
	.11415	uc031sqs.1		0	0	0	4	0	0	0	0	0	0	0	0	0	0	0	0	0	0	0	0	0	0	0	4
	.11437	uc021zib.1		0	0	0	4	0	0	0	0	0	0	0	0	0	0	0	0	0	0	0	0	0	0	0	4
	.11454	uc021zil.1		0	0	0	9	0	0	0	0	0	0	4	0	0	0	1	0	0	0	0	0	0	0	0	4
	.11455	uc021zin.1		0	0	0	7	0	0	0	0	0	0	5	0	0	0	2	0	0	0	0	0	0	0	0	0
	.1155	uc001hwo.3		0	0	0	19	0	0	0	0	0	0	0	0	15	0	4	0	0	0	0	0	0	0	0	0
	.1155	uc001hwp.3		0	1	0	39	0	0	0	0	0	0	0	0	31	0	6	0	0	0	1	0	0	0	0	3
	.1155	uc021pkt.1		0	0	0	4	0	0	0	0	0	0	0	0	0	0	0	0	0	0	0	0	0	0	0	4
	.1156	uc001hwu.1	protein_coding	1	1	1	54	1	0	6	0	0	0	5	0	42	1	0	0	0	0	0	0	1	0	1	0
	.1181	uc021plr.1		0	0	0	1	0	0	0	0	0	0	0	0	0	0	0	0	0	0	0	0	0	0	0	1
	.12003	uc010kun.2		0	0	0	12	0	0	0	0	0	0	0	0	3	0	1	0	0	0	0	0	0	0	0	8
	.12024	uc003syw.4		0	0	0	12	0	0	0	0	0	0	0	0	0	0	0	0	0	0	0	0	0	0	0	12
	.12024	uc022aar.1		0	0	0	12	0	0	0	0	0	0	0	0	0	0	0	0	0	0	0	0	0	0	0	12
	.12025	uc003syy.3		0	1	0	12	0	0	0	0	0	0	0	0	5	0	7	0	0	0	1	0	0	0	0	1
	.12026	uc003syz.1		0	0	0	13	0	0	0	0	0	0	0	0	0	0	0	0	0	0	0	0	0	0	0	13
	.12225	uc010lai.4		0	0	0	6	0	0	0	0	0	0	0	0	0	0	0	0	0	0	0	0	0	0	0	6
	.12282	uc003ugj.1		0	0	0	5	0	0	0	0	0	0	0	0	0	0	4	0	0	0	0	0	0	0	0	1
	.12282	uc003ugk.4		0	0	0	5	0	0	0	0	0	0	0	0	0	0	4	0	0	0	0	0	0	0	0	1
	.12284	uc010ldz.3		0	0	0	11	0	0	0	0	0	0	0	0	0	0	5	0	0	0	0	0	0	0	0	6
	.12285	uc031syc.1		0	0	0	1	0	0	0	0	0	0	0	0	0	0	0	0	0	0	0	0	0	0	0	1
	.12286	uc031syd.1		0	0	0	4	0	0	0	0	0	0	1	0	0	0	0	0	0	0	0	0	0	0	0	3
	.12287	uc010lea.2		0	0	0	2	0	0	0	0	0	0	0	0	0	0	0	0	0	0	0	0	0	0	0	2
	.12287	uc022agq.1		0	0	0	2	0	0	0	0	0	0	0	0	1	0	0	0	0	0	0	0	0	0	0	1
	.12287	uc022agr.1		0	0	0	2	0	0	0	0	0	0	0	0	1	0	0	0	0	0	0	0	0	0	0	1
	.12287	uc022ags.1		0	0	0	2	0	0	0	0	0	0	0	0	0	0	0	0	0	0	0	0	0	0	0	2
	.12297	uc003uja.2		0	0	0	25	0	0	0	0	0	0	2	0	22	0	1	0	0	0	0	0	0	0	0	0
	.12297	uc010lei.2		0	0	0	25	0	0	0	0	0	0	2	0	22	0	1	0	0	0	0	0	0	0	0	0
	.12328	uc022ahx.1		0	0	0	7	0	0	0	0	0	0	5	0	0	0	0	0	0	0	0	0	0	0	0	2
	.12329	uc003ups.3		0	0	0	13	0	0	0	0	0	0	0	0	0	0	0	0	0	0	0	0	0	0	0	13
	.12392	uc003vcp.1		0	0	0	10	0	0	0	0	0	0	0	0	0	0	0	0	0	0	0	0	0	0	0	10
	.12392	uc003vcq.1		0	0	0	15	0	0	0	0	0	0	10	0	0	0	0	0	0	0	0	0	0	0	0	5
	.12392	uc003vcr.1		0	0	0	15	0	0	0	0	0	0	10	0	0	0	0	0	0	0	0	0	0	0	0	5
	.12392	uc010lje.1		0	0	0	10	0	0	0	0	0	0	10	0	0	0	0	0	0	0	0	0	0	0	0	0
	.12392	uc010ljf.1		0	0	0	15	0	0	0	0	0	0	5	0	8	0	2	0	0	0	0	0	0	0	0	0
	.12392	uc010ljg.3	protein_coding	1	2	6	6	0	0	0	0	0	0	5	0	1	6	0	0	0	0	0	0	1	0	2	0
	.12392	uc010ljh.1	protein_coding	0	0	0	10	0	0	0	0	0	0	10	0	0	0	0	0	0	0	0	0	0	0	0	0
	.12393	uc003vcs.1		0	0	0	24	0	0	0	0	0	0	10	0	11	0	3	0	0	0	0	0	0	0	0	0
	.1241	uc001ijx.1		0	0	0	8	0	0	0	0	0	0	0	0	0	0	0	0	0	0	0	0	0	0	0	8
	.1241	uc001ijy.1		0	0	0	8	0	0	0	0	0	0	0	0	0	0	0	0	0	0	0	0	0	0	0	8
	.1241	uc010qbe.1		0	0	0	8	0	0	0	0	0	0	0	0	0	0	0	0	0	0	0	0	0	0	0	8
	.1241	uc010qbf.1		0	0	0	8	0	0	0	0	0	0	0	0	0	0	0	0	0	0	0	0	0	0	0	8
	.1241	uc010qbg.1		0	0	0	8	0	0	0	0	0	0	0	0	0	0	0	0	0	0	0	0	0	0	0	8
	.12443	uc003vlk.3		0	1	0	47	0	0	0	0	0	0	1	0	44	0	3	0	0	0	1	0	0	0	0	0
	.12443	uc003vll.3		0	1	0	47	0	0	0	0	0	0	1	0	44	0	3	0	0	0	1	0	0	0	0	0
	.12443	uc003vln.3		0	1	0	47	0	0	0	0	0	0	1	0	44	0	3	0	0	0	1	0	0	0	0	0
	.12443	uc003vlp.3		0	0	0	1	0	0	0	0	0	0	0	0	0	0	0	0	0	0	0	0	0	0	0	1
	.12443	uc003vlq.1		0	0	0	1	0	0	0	0	0	0	0	0	0	0	0	0	0	0	0	0	0	0	0	1
	.12443	uc010lkx.2		0	0	0	1	0	0	0	0	0	0	0	0	0	0	0	0	0	0	0	0	0	0	0	1
	.12443	uc011koe.2		0	1	0	47	0	0	0	0	0	0	1	0	44	0	3	0	0	0	1	0	0	0	0	0
	.12459	uc010llq.2	protein_coding	3	0	6	38	0	0	8	0	0	0	0	1	30	6	0	0	1	0	0	0	1	0	0	1
	.12463	uc003vos.3	protein_coding	0	3	2	35	3	0	0	0	0	0	1	0	16	2	0	0	0	0	0	0	0	0	3	15
	.12502	uc022amo.1		0	0	0	5	0	0	0	0	0	0	2	0	0	0	0	0	0	0	0	0	0	0	0	3
	.12513	uc003vwb.1		0	0	0	2	0	0	0	0	0	0	0	0	0	0	1	0	0	0	0	0	0	0	0	1
	.12571	uc011kuj.2		0	2	0	22	0	0	0	0	0	0	10	0	11	0	3	0	0	0	2	0	0	0	0	0
	.1270	uc001iot.1		0	0	0	15	0	0	0	0	0	0	0	0	0	0	4	0	0	0	0	0	0	0	0	11
	.12744	uc003xdv.2		1	0	0	7	0	0	0	0	0	0	0	0	5	0	3	0	1	0	0	0	0	0	0	0
	.1276	uc001iqb.3		0	0	0	30	0	0	0	0	0	0	2	0	27	0	1	0	0	0	0	0	0	0	0	0
	.1276	uc010qcl.2		0	1	0	102	0	0	0	0	0	0	0	0	97	0	6	0	0	0	1	0	0	0	0	0
	.12779	uc011lbd.1	protein_coding	0	0	1	7	0	0	0	0	0	0	2	0	1	1	0	0	0	0	0	0	0	0	0	4
	.12779	uc011lbe.1	protein_coding	0	0	0	9	0	0	0	0	0	0	2	0	3	0	0	0	0	0	0	0	0	0	0	4
	.12794	uc003xlh.3	protein_coding	1	2	1	9	0	1	1	0	0	0	0	0	7	1	0	0	0	0	1	0	1	0	1	1
	.12795	uc010lwf.3		0	2	0	31	0	0	0	0	0	0	0	0	13	0	12	0	0	0	2	0	0	0	0	8
	.12796	uc003xlw.1		0	2	0	33	0	0	0	0	0	0	9	0	21	0	3	0	0	0	2	0	0	0	0	2
	.12796	uc011lbr.2		0	1	0	34	0	0	0	0	0	0	12	0	12	0	1	0	0	0	1	0	0	0	0	10
	.12806	uc010lxi.2		0	1	0	64	0	0	0	0	0	0	0	0	49	0	16	0	0	0	1	0	0	0	0	0
	.12806	uc011lco.2		0	1	0	59	0	0	0	0	0	0	10	0	37	0	13	0	0	0	1	0	0	0	0	0
	.12806	uc011lcp.2		0	1	0	64	0	0	0	0	0	0	0	0	49	0	16	0	0	0	1	0	0	0	0	0
	.12806	uc022auk.1		0	0	0	10	0	0	0	0	0	0	0	0	0	0	2	0	0	0	0	0	0	0	0	8
	.12808	uc022aum.1		0	0	0	4	0	0	0	0	0	0	0	0	0	0	0	0	0	0	0	0	0	0	0	4
	.12874	uc003xxp.1	protein_coding	0	0	1	23	5	0	2	0	0	0	7	0	4	1	0	0	0	0	0	0	0	0	0	5
	.1288	uc001iqv.3		0	1	0	83	0	0	0	0	0	0	0	0	72	0	12	0	0	0	1	0	0	0	0	0
	.1288	uc001iqx.1		0	1	0	22	0	0	0	0	0	0	2	0	15	0	1	0	0	0	1	0	0	0	0	5
	.1288	uc001irb.3		0	0	0	35	0	0	0	0	0	0	0	0	24	0	8	0	0	0	0	0	0	0	0	3
	.1288	uc009xke.1		0	0	0	23	0	0	0	0	0	0	2	0	16	0	0	0	0	0	0	0	0	0	0	5
	.1288	uc009xkf.1		0	1	0	22	0	0	0	0	0	0	2	0	15	0	1	0	0	0	1	0	0	0	0	5
	.12890	uc003xzl.3	protein_coding	0	1	1	21	0	0	0	0	0	0	0	0	21	1	0	0	0	0	0	0	0	0	1	0
	.12940	uc010maz.2		0	1	0	42	0	0	0	0	0	0	0	0	25	0	8	0	0	0	1	0	0	0	0	10
	.12945	uc022ayl.1		0	0	0	9	0	0	0	0	0	0	0	0	6	0	1	0	0	0	0	0	0	0	0	2
	.12945	uc022aym.1		0	0	0	9	0	0	0	0	0	0	0	0	6	0	1	0	0	0	0	0	0	0	0	2
	.12945	uc022ayn.1		0	0	0	9	0	0	0	0	0	0	0	0	6	0	1	0	0	0	0	0	0	0	0	2
	.12945	uc022ayp.1		0	0	0	9	0	0	0	0	0	0	0	0	6	0	1	0	0	0	0	0	0	0	0	2
	.12945	uc022ayq.1		0	0	0	9	0	0	0	0	0	0	0	0	6	0	1	0	0	0	0	0	0	0	0	2
	.12945	uc022ayr.1		0	0	0	9	0	0	0	0	0	0	0	0	6	0	1	0	0	0	0	0	0	0	0	2
	.12945	uc022ays.1		0	0	0	9	0	0	0	0	0	0	0	0	6	0	1	0	0	0	0	0	0	0	0	2
	.12945	uc022ayt.1		0	0	0	9	0	0	0	0	0	0	0	0	6	0	1	0	0	0	0	0	0	0	0	2
	.12945	uc022ayu.1		0	0	0	9	0	0	0	0	0	0	0	0	6	0	1	0	0	0	0	0	0	0	0	2
	.12945	uc022ayv.1		0	0	0	8	0	0	0	0	0	0	8	0	0	0	0	0	0	0	0	0	0	0	0	0
	.12967	uc003ykp.1		0	0	0	4	0	0	0	0	0	0	4	0	0	0	0	0	0	0	0	0	0	0	0	0
	.13032	uc003ysg.4		0	0	0	20	0	0	0	0	0	0	0	0	0	0	0	0	0	0	0	0	0	0	0	20
	.13033	uc031tch.1		0	0	0	26	0	0	0	0	0	0	16	0	0	0	1	0	0	0	0	0	0	0	0	9
	.13043	uc022bbn.1		0	0	0	2	0	0	0	0	0	0	2	0	0	0	0	0	0	0	0	0	0	0	0	0
	.13051	uc003yue.2	protein_coding	0	2	5	23	2	0	1	0	0	0	0	0	6	5	0	0	0	0	0	0	0	0	2	14
	.13051	uc003yui.1		0	0	0	20	0	0	0	0	0	0	0	0	9	0	4	0	0	0	0	0	0	0	0	7
	.13128	uc010mhn.4		0	0	0	17	0	0	0	0	0	0	0	0	11	0	6	0	0	0	0	0	0	0	0	0
	.13149	uc003zlu.3		0	0	0	11	0	0	0	0	0	0	6	0	5	0	0	0	0	0	0	0	0	0	0	0
	.13163	uc022bdy.1		0	0	0	5	0	0	0	0	0	0	1	0	0	0	0	0	0	0	0	0	0	0	0	4
	.13164	uc022bdz.1		0	0	0	5	0	0	0	0	0	0	1	0	0	0	0	0	0	0	0	0	0	0	0	4
	.13165	uc022bea.1		0	0	0	1	0	0	0	0	0	0	1	0	0	0	0	0	0	0	0	0	0	0	0	0
	.13198	uc003zqy.4		2	1	0	66	0	0	0	0	0	0	1	0	55	0	13	0	2	0	1	0	0	0	0	0
	.13198	uc003zqz.1	protein_coding	0	0	0	10	0	0	0	0	0	0	0	0	0	0	0	0	0	0	0	0	0	0	0	10
	.13199	uc010mjj.3		0	0	0	2	0	0	0	0	0	0	2	0	0	0	0	0	0	0	0	0	0	0	0	0
	.13372	uc004akv.2		0	0	0	5	0	0	0	0	0	0	0	0	0	0	3	0	0	0	0	0	0	0	0	2
	.13475	uc004avj.3	protein_coding	0	1	0	12	2	0	2	0	0	0	6	0	0	0	0	0	0	0	0	0	0	0	1	2
	.13476	uc010mrm.1		0	0	0	36	0	0	0	0	0	0	2	0	31	0	2	0	0	0	0	0	0	0	0	1
	.13476	uc011lul.1		0	0	0	36	0	0	0	0	0	0	2	0	32	0	2	0	0	0	0	0	0	0	0	0
	.13497	uc004axs.4		0	0	0	12	0	0	0	0	0	0	0	0	10	0	2	0	0	0	0	0	0	0	0	0
	.13497	uc004axt.1		0	0	0	3	0	0	0	0	0	0	2	0	0	0	1	0	0	0	0	0	0	0	0	0
	.13629	uc004bvk.3		0	0	0	4	0	0	0	0	0	0	4	0	0	0	0	0	0	0	0	0	0	0	0	0
	.13630	uc010mye.1	protein_coding	0	1	3	25	1	0	0	0	0	0	14	0	3	3	0	0	0	0	2	0	0	0	0	8
	.13630	uc010myf.1	protein_coding	0	1	1	34	0	0	0	0	0	0	21	0	6	1	0	0	0	0	1	0	0	0	0	8
	.13631	uc004bvo.4	protein_coding	0	4	4	26	0	1	4	0	0	0	1	0	9	4	0	0	0	0	0	0	0	0	3	12
	.13649	uc004byv.1		0	0	0	14	0	0	0	0	0	0	0	0	0	0	10	0	0	0	0	0	0	0	0	4
	.13688	uc004cff.3		0	0	0	84	0	0	0	0	0	0	22	0	61	0	1	0	0	0	0	0	0	0	0	0
	.1415	uc021prj.2		0	0	0	1	0	0	0	0	0	0	1	0	0	0	0	0	0	0	0	0	0	0	0	0
	.1418	uc001jmk.3		0	0	0	10	0	0	0	0	0	0	0	0	4	0	3	0	0	0	0	0	0	0	0	3
	.1418	uc001jmo.3	protein_coding	0	1	0	26	2	0	1	0	0	0	3	0	13	0	0	0	0	0	0	0	0	0	1	7
	.1418	uc001jmp.1	protein_coding	0	0	8	30	0	0	2	0	0	0	6	0	22	8	0	0	0	0	0	0	0	0	0	0
	.1418	uc009xpj.2		0	0	0	77	0	0	0	0	0	0	0	0	53	0	24	0	0	0	0	0	0	0	0	0
	.1419	uc021prk.1		0	0	0	2	0	0	0	0	0	0	2	0	0	0	0	0	0	0	0	0	0	0	0	0
	.1429	uc001jol.1		0	0	0	43	0	0	0	0	0	0	3	0	35	0	4	0	0	0	0	0	0	0	0	1
	.1429	uc001jop.1		0	0	0	7	0	0	0	0	0	0	2	0	0	0	0	0	0	0	0	0	0	0	0	5
	.1429	uc010qjb.2		0	0	0	51	0	0	0	0	0	0	2	0	44	0	4	0	0	0	0	0	0	0	0	1
	.1463	uc001jtt.1		0	0	0	5	0	0	0	0	0	0	0	0	0	0	0	0	0	0	0	0	0	0	0	5
	.1463	uc001jtu.1		0	0	0	7	0	0	0	0	0	0	4	0	0	0	3	0	0	0	0	0	0	0	0	0
	.1463	uc001jtv.4	protein_coding	0	1	1	23	2	0	0	0	0	0	0	0	19	1	0	0	0	0	1	0	0	0	0	3
	.1463	uc001jtw.4	protein_coding	0	1	1	23	2	0	0	0	0	0	0	0	19	1	0	0	0	0	1	0	0	0	0	3
	.1463	uc010qkh.1		0	0	0	5	0	0	0	0	0	0	0	0	0	0	0	0	0	0	0	0	0	0	0	5
	.1463	uc021ptm.1		0	0	0	18	0	0	0	0	0	0	3	0	11	0	4	0	0	0	0	0	0	0	0	0
	.1464	uc009xrd.1	protein_coding	0	2	2	28	3	1	1	0	0	0	4	0	21	2	0	0	0	0	2	0	0	0	0	0
	.1578	uc001kfc.1		0	0	0	3	0	0	0	0	0	0	1	0	0	0	2	0	0	0	0	0	0	0	0	0
	.1578	uc021pvw.1		1	0	0	37	0	0	0	0	0	0	0	0	28	0	8	0	1	0	0	0	0	0	0	2
	.1599	uc009xua.1		0	0	0	37	0	0	0	0	0	0	9	0	25	0	3	0	0	0	0	0	0	0	0	0
	.165	uc001bhf.1		0	0	0	18	0	0	0	0	0	0	5	0	0	0	8	0	0	0	0	0	0	0	0	5
	.166	uc001bhi.3		0	1	0	35	0	0	0	0	0	0	0	0	29	0	7	0	0	0	1	0	0	0	0	0
	.166	uc001bhj.3		0	0	0	26	0	0	0	0	0	0	0	0	17	0	8	0	0	0	0	0	0	0	0	1
	.1696	uc001kzx.3		0	0	0	4	0	0	0	0	0	0	0	0	1	0	3	0	0	0	0	0	0	0	0	0
	.1697	uc021pyf.1		0	0	0	2	0	0	0	0	0	0	1	0	0	0	1	0	0	0	0	0	0	0	0	0
	.1733	uc001lfk.1		0	0	0	26	0	0	0	0	0	0	5	0	5	0	1	0	0	0	0	0	0	0	0	15
	.1864	uc009yfo.2		0	0	0	36	0	0	0	0	0	0	0	0	21	0	14	0	0	0	0	0	0	0	0	1
	.1907	uc001mlu.2		0	0	0	9	0	0	0	0	0	0	0	0	5	0	4	0	0	0	0	0	0	0	0	0
	.1953	uc009yjs.2		0	0	0	36	0	0	0	0	0	0	0	0	23	0	13	0	0	0	0	0	0	0	0	0
	.1954	uc010rec.2		0	0	0	7	0	0	0	0	0	0	0	0	0	0	0	0	0	0	0	0	0	0	0	7
	.1954	uc010red.2		0	0	0	6	0	0	0	0	0	0	0	0	0	0	0	0	0	0	0	0	0	0	0	6
	.1954	uc021qfr.1		0	0	0	6	0	0	0	0	0	0	0	0	0	0	0	0	0	0	0	0	0	0	0	6
	.1973	uc021qgj.1		0	0	0	2	0	0	0	0	0	0	0	0	0	0	0	0	0	0	0	0	0	0	0	2
	.2122	uc001ncg.3	protein_coding	1	1	4	24	3	0	0	0	0	0	0	1	8	4	0	0	0	0	2	0	0	0	0	14
	.2208	uc001nyr.1	protein_coding	0	0	0	9	0	0	0	0	0	0	0	0	0	0	0	0	0	0	0	0	0	0	0	9
	.2220	uc009ypz.3		0	1	0	22	0	0	0	0	0	0	2	0	10	0	5	0	0	0	1	0	0	0	0	6
	.2220	uc010rnw.2	protein_coding	0	16	2	38	1	8	12	0	0	0	0	0	29	2	0	0	0	0	5	0	0	0	3	0
	.2235	uc021qlp.1		0	0	0	12	0	0	0	0	0	0	12	0	0	0	0	0	0	0	0	0	0	0	0	0
	.2236	uc009yqs.1		0	1	0	22	0	0	0	0	0	0	9	0	4	0	0	0	0	0	1	0	0	0	0	10
	.2279	uc010rqh.1		0	0	0	8	0	0	0	0	0	0	7	0	0	0	1	0	0	0	0	0	0	0	0	0
	.2282	uc001opp.3		0	2	0	80	0	0	0	0	0	0	0	0	68	0	14	0	0	0	2	0	0	0	0	0
	.2282	uc001opq.1		0	1	0	39	0	0	0	0	0	0	4	0	26	0	6	0	0	0	1	0	0	0	0	4
	.2282	uc001opt.1		0	0	0	29	0	0	0	0	0	0	3	0	17	0	7	0	0	0	0	0	0	0	0	2
	.2282	uc021qmq.1		0	0	0	3	0	0	0	0	0	0	0	0	0	0	0	0	0	0	0	0	0	0	0	3
	.2344	uc001pbk.3		0	0	0	26	0	0	0	0	0	0	0	0	20	0	2	0	0	0	0	0	0	0	0	4
	.2399	uc009yxs.1		0	0	0	14	0	0	0	0	0	0	3	0	7	0	1	0	0	0	0	0	0	0	0	3
	.2400	uc009yxt.1	protein_coding	0	0	1	21	0	0	0	0	0	0	10	0	7	1	0	0	0	0	0	0	0	0	0	4
	.2401	uc009yxu.2		0	0	0	34	0	0	0	0	0	0	12	0	21	0	1	0	0	0	0	0	0	0	0	0
	.2414	uc001pmy.3		0	0	0	6	0	0	0	0	0	0	0	0	0	0	1	0	0	0	0	0	0	0	0	5
	.242	uc001byp.3		0	0	0	4	0	0	0	0	0	0	0	0	0	0	0	0	0	0	0	0	0	0	0	4
	.242	uc001byq.3		0	0	0	4	0	0	0	0	0	0	0	0	0	0	0	0	0	0	0	0	0	0	0	4
	.2431	uc001pqf.3		0	0	0	24	0	0	0	0	0	0	4	0	18	0	2	0	0	0	0	0	0	0	0	0
	.2431	uc009yzm.3		0	0	0	24	0	0	0	0	0	0	0	0	23	0	1	0	0	0	0	0	0	0	0	0
	.2431	uc009yzn.3		0	0	0	24	0	0	0	0	0	0	0	0	22	0	2	0	0	0	0	0	0	0	0	0
	.2532	uc001qjy.3		0	0	0	1	0	0	0	0	0	0	0	0	0	0	0	0	0	0	0	0	0	0	0	1
	.2533	uc009zdx.1		0	0	0	6	0	0	0	0	0	0	1	0	0	0	0	0	0	0	0	0	0	0	0	5
	.2534	uc031qfm.1		0	0	0	1	0	0	0	0	0	0	1	0	0	0	0	0	0	0	0	0	0	0	0	0
	.2535	uc031qfn.1		0	0	0	1	0	0	0	0	0	0	0	0	1	0	0	0	0	0	0	0	0	0	0	0
	.2536	uc021qta.1		0	0	0	7	0	0	0	0	0	0	4	0	0	0	0	0	0	0	0	0	0	0	0	3
	.2537	uc001qkx.2		0	0	0	53	0	0	0	0	0	0	6	0	38	0	8	0	0	0	0	0	0	0	0	1
	.2571	uc009zeg.3		0	0	0	3	0	0	0	0	0	0	3	0	0	0	0	0	0	0	0	0	0	0	0	0
	.2581	uc009zeu.3		0	0	0	8	0	0	0	0	0	0	0	0	0	0	0	0	0	0	0	0	0	0	0	8
	.2581	uc009zev.3		0	0	0	8	0	0	0	0	0	0	0	0	0	0	0	0	0	0	0	0	0	0	0	8
	.2595	uc021qui.1		0	0	0	4	0	0	0	0	0	0	3	0	0	0	0	0	0	0	0	0	0	0	0	1
	.265	uc001cdk.3		0	0	0	19	0	0	0	0	0	0	0	0	0	0	0	0	0	0	0	0	0	0	0	19
	.2651	uc001rcb.3	protein_coding	0	1	1	13	5	1	1	0	0	0	0	0	0	1	0	0	0	0	0	0	0	0	0	7
	.266	uc001cdo.1		0	0	0	21	0	0	0	0	0	0	12	0	0	0	0	0	0	0	0	0	0	0	0	9
	.2698	uc001rlt.3	protein_coding	1	2	3	13	1	0	1	0	0	0	0	0	7	3	0	0	0	0	0	0	1	0	2	4
	.2698	uc001rlu.3	protein_coding	1	2	3	18	1	0	1	0	0	0	0	0	14	3	0	0	0	0	0	0	1	0	2	2
	.2748	uc001rza.1		0	0	0	25	0	0	0	0	0	0	9	0	5	0	1	0	0	0	0	0	0	0	0	10
	.2764	uc031qhm.1		0	0	0	6	0	0	0	0	0	0	0	0	6	0	0	0	0	0	0	0	0	0	0	0
	.2765	uc009zne.4		0	0	0	3	0	0	0	0	0	0	0	0	0	0	0	0	0	0	0	0	0	0	0	3
	.2765	uc021qyk.1		0	0	0	1	0	0	0	0	0	0	1	0	0	0	0	0	0	0	0	0	0	0	0	0
	.2765	uc031qhn.1		0	0	0	5	0	0	0	0	0	0	0	0	0	0	0	0	0	0	0	0	0	0	0	5
	.2765	uc031qho.1		0	0	0	13	0	0	0	0	0	0	0	0	5	0	0	0	0	0	0	0	0	0	0	8
	.2806	uc001sof.1		0	0	0	17	0	0	0	0	0	0	7	0	5	0	5	0	0	0	0	0	0	0	0	0
	.2806	uc001soh.1	protein_coding	0	0	0	17	2	0	0	0	0	0	15	0	0	0	0	0	0	0	0	0	0	0	0	0
	.2807	uc021qzm.1		0	0	0	17	0	0	0	0	0	0	12	0	0	0	1	0	0	0	0	0	0	0	0	4
	.2821	uc010ssh.3		1	1	0	55	0	0	0	0	0	0	0	0	37	0	20	0	1	0	1	0	0	0	0	0
	.2874	uc021rbn.1		0	0	0	2	0	0	0	0	0	0	0	0	0	0	0	0	0	0	0	0	0	0	0	2
	.2935	uc021rcr.1		0	0	0	11	0	0	0	0	0	0	7	0	0	0	0	0	0	0	0	0	0	0	0	4
	.2936	uc001tiw.3		0	0	0	12	0	0	0	0	0	0	0	0	7	0	5	0	0	0	0	0	0	0	0	0
	.2938	uc031qjh.1		0	0	0	8	0	0	0	0	0	0	2	0	0	0	6	0	0	0	0	0	0	0	0	0
	.2953	uc021rde.1		0	0	0	1	0	0	0	0	0	0	0	0	0	0	0	0	0	0	0	0	0	0	0	1
	.2958	uc021rdg.1		0	0	0	16	0	0	0	0	0	0	5	0	11	0	0	0	0	0	0	0	0	0	0	0
	.2992	uc001ttn.4		0	2	0	52	0	0	0	0	0	0	0	0	44	0	10	0	0	0	2	0	0	0	0	0
	.2992	uc031qjp.1		0	0	0	2	0	0	0	0	0	0	2	0	0	0	0	0	0	0	0	0	0	0	0	0
	.3055	uc001ugl.3		0	0	0	9	0	0	0	0	0	0	0	0	0	0	6	0	0	0	0	0	0	0	0	3
	.3175	uc031qky.1	protein_coding	0	0	1	16	0	0	0	0	0	0	3	0	11	1	0	0	0	0	0	0	0	0	0	2
	.3176	uc031qkz.1		0	0	0	10	0	0	0	0	0	0	5	0	3	0	0	0	0	0	0	0	0	0	0	2
	.321	uc001cqz.1		0	0	0	15	0	0	0	0	0	0	11	0	4	0	0	0	0	0	0	0	0	0	0	0
	.321	uc001cra.1		0	0	0	15	0	0	0	0	0	0	11	0	4	0	0	0	0	0	0	0	0	0	0	0
	.321	uc001crb.1		0	0	0	3	0	0	0	0	0	0	3	0	0	0	0	0	0	0	0	0	0	0	0	0
	.321	uc009vyq.2	protein_coding	0	2	4	11	2	0	0	0	0	0	0	0	5	4	0	0	0	0	0	0	0	0	2	4
	.321	uc021onf.1		0	0	0	7	0	0	0	0	0	0	7	0	0	0	0	0	0	0	0	0	0	0	0	0
	.3238	uc001vca.3		0	0	0	4	0	0	0	0	0	0	0	0	0	0	0	0	0	0	0	0	0	0	0	4
	.3239	uc010acs.1		0	1	0	46	0	0	0	0	0	0	1	0	43	0	3	0	0	0	1	0	0	0	0	0
	.3239	uc010act.1	protein_coding	0	0	0	11	0	0	2	0	0	0	6	0	3	0	0	0	0	0	0	0	0	0	0	0
	.3240	uc001vcc.1		0	0	0	13	0	0	0	0	0	0	3	0	10	0	0	0	0	0	0	0	0	0	0	0
	.3243	uc001vcl.1	protein_coding	1	0	1	21	0	0	0	0	0	0	0	0	21	1	0	0	0	0	0	0	1	0	0	0
	.3243	uc001vco.3		0	0	0	66	0	0	0	0	0	0	0	0	56	0	10	0	0	0	0	0	0	0	0	0
	.3348	uc001vmo.4		0	0	0	3	0	0	0	0	0	0	0	0	0	0	0	0	0	0	0	0	0	0	0	3
	.3349	uc001vmp.3	protein_coding	1	1	2	26	1	0	0	0	0	0	0	0	24	2	0	0	0	0	0	0	1	0	1	1
	.3390	uc001vre.3	protein_coding	0	0	1	12	0	0	0	0	0	0	0	0	0	1	0	0	0	0	0	0	0	0	0	12
	.3390	uc010tjm.1		0	0	0	13	0	0	0	0	0	0	0	0	1	0	0	0	0	0	0	0	0	0	0	12
	.3468	uc001wat.1		0	0	0	30	0	0	0	0	0	0	13	0	0	0	1	0	0	0	0	0	0	0	0	16
	.3469	uc001wau.1		0	0	0	27	0	0	0	0	0	0	15	0	0	0	0	0	0	0	0	0	0	0	0	12
	.3470	uc021row.1		0	0	0	16	0	0	0	0	0	0	6	0	0	0	2	0	0	0	0	0	0	0	0	8
	.3506	uc010alq.3		0	0	0	12	0	0	0	0	0	0	12	0	0	0	0	0	0	0	0	0	0	0	0	0
	.3534	uc001wtq.3		0	0	0	8	0	0	0	0	0	0	0	0	0	0	0	0	0	0	0	0	0	0	0	8
	.3534	uc001wts.3		0	0	0	12	0	0	0	0	0	0	0	0	9	0	0	0	0	0	0	0	0	0	0	3
	.3534	uc001wtw.1		0	0	0	12	0	0	0	0	0	0	0	0	3	0	0	0	0	0	0	0	0	0	0	9
	.3562	uc001wxn.1		0	0	0	3	0	0	0	0	0	0	0	0	0	0	0	0	0	0	0	0	0	0	0	3
	.3562	uc001wxq.1		0	0	0	3	0	0	0	0	0	0	0	0	0	0	0	0	0	0	0	0	0	0	0	3
	.3563	uc010ans.3	protein_coding	0	0	1	11	1	0	1	0	0	0	0	0	4	1	0	0	0	0	0	0	0	0	0	5
	.3564	uc010tqm.1		0	0	0	37	0	0	0	0	0	0	6	0	25	0	4	0	0	0	0	0	0	0	0	2
	.3567	uc001wyj.3		1	3	0	100	0	0	0	0	0	0	0	0	81	0	23	0	1	0	3	0	0	0	0	0
	.3567	uc001wyn.3		0	1	0	28	0	0	0	0	0	0	10	0	3	0	2	0	0	0	1	0	0	0	0	14
	.357	uc001czf.2		0	0	0	18	0	0	0	0	0	0	0	0	0	0	0	0	0	0	0	0	0	0	0	18
	.3601	uc001xdl.3		0	0	0	13	0	0	0	0	0	0	0	0	0	0	0	0	0	0	0	0	0	0	0	13
	.3601	uc001xdn.2		0	0	0	13	0	0	0	0	0	0	0	0	0	0	0	0	0	0	0	0	0	0	0	13
	.3601	uc010apd.2		0	0	0	13	0	0	0	0	0	0	0	0	0	0	0	0	0	0	0	0	0	0	0	13
	.3601	uc010ape.2		0	0	0	13	0	0	0	0	0	0	0	0	0	0	0	0	0	0	0	0	0	0	0	13
	.3601	uc021rtu.1		0	0	0	13	0	0	0	0	0	0	0	0	0	0	0	0	0	0	0	0	0	0	0	13
	.3602	uc010apf.1		0	1	0	23	0	0	0	0	0	0	0	0	13	0	10	0	0	0	1	0	0	0	0	1
	.3640	uc010tsr.3		0	0	0	8	0	0	0	0	0	0	0	0	0	0	3	0	0	0	0	0	0	0	0	5
	.3799	uc021sbd.1	protein_coding	0	0	3	19	0	0	0	0	0	0	7	0	7	3	0	0	0	0	0	0	0	0	0	5
	.3800	uc001ydz.1		0	0	0	14	0	0	0	0	0	0	4	0	9	0	1	0	0	0	0	0	0	0	0	0
	.3800	uc001yea.1		0	0	0	14	0	0	0	0	0	0	4	0	9	0	1	0	0	0	0	0	0	0	0	0
	.3800	uc001yeb.1		0	0	0	14	0	0	0	0	0	0	4	0	9	0	1	0	0	0	0	0	0	0	0	0
	.3800	uc001yec.1		0	0	0	14	0	0	0	0	0	0	7	0	6	0	1	0	0	0	0	0	0	0	0	0
	.3800	uc021sbe.1		0	0	0	8	0	0	0	0	0	0	7	0	0	0	1	0	0	0	0	0	0	0	0	0
	.3936	uc001ykt.1	protein_coding	1	1	0	32	1	1	4	0	0	0	9	0	8	0	0	0	0	0	0	0	1	0	0	10
	.415	uc001dih.4		0	2	0	26	0	0	0	0	0	0	3	0	20	0	5	0	0	0	2	0	0	0	0	0
	.4214	uc010bbe.3		0	0	0	37	0	0	0	0	0	0	0	0	29	0	7	0	0	0	0	0	0	0	0	1
	.4230	uc031qrm.1	protein_coding	0	0	0	44	1	0	0	0	0	0	15	0	2	0	0	0	0	0	0	0	0	0	0	26
	.4246	uc010bdh.3		0	0	0	9	0	0	0	0	0	0	9	0	0	0	0	0	0	0	0	0	0	0	0	0
	.43	uc001aiu.1		0	0	0	15	0	0	0	0	0	0	6	0	0	0	7	0	0	0	0	0	0	0	0	2
	.43	uc001aiv.2		0	0	0	13	0	0	0	0	0	0	7	0	0	0	6	0	0	0	0	0	0	0	0	0
	.43	uc001aiw.2		0	0	0	13	0	0	0	0	0	0	7	0	0	0	6	0	0	0	0	0	0	0	0	0
	.43	uc001aiz.2		0	0	0	5	0	0	0	0	0	0	0	0	0	0	0	0	0	0	0	0	0	0	0	5
	.43	uc010nyx.2		0	2	0	50	0	0	0	0	0	0	1	0	35	0	10	0	0	0	2	0	0	0	0	6
	.4318	uc002adz.1		0	0	0	8	0	0	0	0	0	0	0	0	0	0	0	0	0	0	0	0	0	0	0	8
	.4319	uc010bfs.3	protein_coding	0	2	0	95	7	1	1	0	0	0	1	0	87	0	0	0	0	0	1	0	0	0	0	0
	.4320	uc010ugs.2		0	0	0	2	0	0	0	0	0	0	0	0	0	0	0	0	0	0	0	0	0	0	0	2
	.4320	uc010ugt.1		0	0	0	2	0	0	0	0	0	0	0	0	0	0	0	0	0	0	0	0	0	0	0	2
	.434	uc001dla.2		0	0	0	5	0	0	0	0	0	0	0	0	0	0	1	0	0	0	0	0	0	0	0	4
	.434	uc021ope.1		0	0	0	5	0	0	0	0	0	0	0	0	0	0	1	0	0	0	0	0	0	0	0	4
	.436	uc001dlk.3		7	7	0	167	0	0	0	0	0	0	0	0	156	0	25	0	7	0	7	0	0	0	0	0
	.436	uc010ose.2		8	7	0	166	0	0	0	0	0	0	0	0	157	0	24	0	8	0	7	0	0	0	0	0
	.436	uc010osf.2		8	7	0	166	0	0	0	0	0	0	0	0	157	0	24	0	8	0	7	0	0	0	0	0
	.4446	uc002apt.1	protein_coding	0	0	0	13	1	0	0	0	0	0	9	0	3	0	0	0	0	0	0	0	0	0	0	0
	.4487	uc002avj.1	protein_coding	0	0	1	5	1	0	3	0	0	0	1	0	0	1	0	0	0	0	0	0	0	0	0	0
	.4487	uc002avk.1		0	0	0	6	0	0	0	0	0	0	0	0	0	0	5	0	0	0	0	0	0	0	0	1
	.458	uc001dpa.3		1	0	0	9	0	0	0	0	0	0	0	0	8	0	2	0	1	0	0	0	0	0	0	0
	.458	uc001dpe.2		0	0	0	10	0	0	0	0	0	0	4	0	0	0	0	0	0	0	0	0	0	0	0	6
	.458	uc009wdi.1		0	0	0	4	0	0	0	0	0	0	2	0	0	0	1	0	0	0	0	0	0	0	0	1
	.458	uc021opt.1		0	0	0	9	0	0	0	0	0	0	4	0	0	0	0	0	0	0	0	0	0	0	0	5
	.4742	uc021sxh.1		0	0	0	4	0	0	0	0	0	0	0	0	0	0	0	0	0	0	0	0	0	0	0	4
	.4743	uc021sxi.1		0	0	0	7	0	0	0	0	0	0	0	0	0	0	3	0	0	0	0	0	0	0	0	4
	.4744	uc010urr.1	protein_coding	0	0	2	15	0	0	0	0	0	0	4	0	6	2	0	0	0	0	0	0	0	0	0	5
	.4745	uc010boo.1		0	0	0	18	0	0	0	0	0	0	3	0	8	0	0	0	0	0	0	0	0	0	0	7
	.4746	uc010bop.3	protein_coding	0	0	0	3	0	0	0	0	0	0	3	0	0	0	0	0	0	0	0	0	0	0	0	0
	.4926	uc010bse.1		0	0	0	10	0	0	0	0	0	0	10	0	0	0	0	0	0	0	0	0	0	0	0	0
	.4926	uc021tak.1		0	0	0	127	0	0	0	0	0	0	0	0	127	0	0	0	0	0	0	0	0	0	0	0
	.4926	uc021tap.1		0	0	0	13	0	0	0	0	0	0	13	0	0	0	0	0	0	0	0	0	0	0	0	0
	.4940	uc002cqw.1	protein_coding	0	1	1	14	2	0	0	0	0	0	9	0	0	1	0	0	0	0	0	0	0	0	1	3
	.4941	uc002cqx.3		0	0	0	3	0	0	0	0	0	0	0	0	0	0	0	0	0	0	0	0	0	0	0	3
	.4941	uc002cqy.3		0	0	0	3	0	0	0	0	0	0	0	0	0	0	0	0	0	0	0	0	0	0	0	3
	.51	uc021ofa.1		0	0	0	7	0	0	0	0	0	0	2	0	0	0	1	0	0	0	0	0	0	0	0	4
	.5126	uc002dot.3		0	0	0	26	0	0	0	0	0	0	15	0	0	0	11	0	0	0	0	0	0	0	0	0
	.5138	uc002dvh.1		0	0	0	7	0	0	0	0	0	0	0	0	0	0	0	0	0	0	0	0	0	0	0	7
	.5138	uc010bzb.2		0	0	0	105	0	0	0	0	0	0	0	0	105	0	0	0	0	0	0	0	0	0	0	0
	.5138	uc010bzl.1		0	0	0	5	0	0	0	0	0	0	5	0	0	0	0	0	0	0	0	0	0	0	0	0
	.5138	uc021tgg.1		0	0	0	13	0	0	0	0	0	0	13	0	0	0	0	0	0	0	0	0	0	0	0	0
	.5138	uc031qvp.1	protein_coding	0	0	0	26	0	0	0	0	0	0	26	0	0	0	0	0	0	0	0	0	0	0	0	0
	.5155	uc002ebk.1		0	0	0	27	0	0	0	0	0	0	12	0	0	0	0	0	0	0	0	0	0	0	0	15
	.5203	uc021tic.1		0	0	0	12	0	0	0	0	0	0	7	0	2	0	1	0	0	0	0	0	0	0	0	2
	.5226	uc002eko.1		1	3	0	115	0	0	0	0	0	0	0	0	80	0	16	0	1	0	3	0	0	0	0	23
	.5226	uc010ccq.1		0	3	0	104	0	0	0	0	0	0	3	0	65	0	28	0	0	0	3	0	0	0	0	11
	.5226	uc010ccr.1		1	5	0	153	0	0	0	0	0	0	0	0	106	0	41	0	1	0	5	0	0	0	0	12
	.5226	uc010ccs.1		1	3	0	123	0	0	0	0	0	0	0	0	96	0	23	0	1	0	3	0	0	0	0	8
	.5241	uc002eok.1		0	0	0	9	0	0	0	0	0	0	0	0	0	0	6	0	0	0	0	0	0	0	0	3
	.5241	uc010cdn.3		0	0	0	42	0	0	0	0	0	0	1	0	34	0	7	0	0	0	0	0	0	0	0	0
	.5276	uc010vlj.1		0	1	0	55	0	0	0	0	0	0	4	0	39	0	12	0	0	0	1	0	0	0	0	1
	.5315	uc002fcj.1		0	0	0	28	0	0	0	0	0	0	12	0	13	0	3	0	0	0	0	0	0	0	0	0
	.5478	uc021toz.1		0	0	0	8	0	0	0	0	0	0	0	0	0	0	0	0	0	0	0	0	0	0	0	8
	.5482	uc002ggp.3		0	0	0	10	0	0	0	0	0	0	9	0	0	0	1	0	0	0	0	0	0	0	0	0
	.5482	uc010cmf.3		1	1	0	17	0	0	0	0	0	0	1	0	8	0	10	0	1	0	1	0	0	0	0	0
	.5508	uc021tps.1		0	0	0	19	0	0	0	0	0	0	0	0	0	0	0	0	0	0	0	0	0	0	0	19
	.5509	uc021tpt.1		0	0	0	19	0	0	0	0	0	0	0	0	0	0	0	0	0	0	0	0	0	0	0	19
	.5510	uc010cns.3	protein_coding	0	1	1	40	2	1	3	0	0	0	0	0	4	1	0	0	0	0	0	0	0	0	0	31
	.5510	uc010vuq.2		0	2	0	57	0	0	0	0	0	0	0	0	34	0	24	0	0	0	2	0	0	0	0	1
	.5516	uc002gko.4		0	0	0	18	0	0	0	0	0	0	0	0	12	0	6	0	0	0	0	0	0	0	0	0
	.5518	uc010cnv.3		0	0	0	2	0	0	0	0	0	0	0	0	1	0	0	0	0	0	0	0	0	0	0	1
	.5522	uc021tqb.1		0	0	0	20	0	0	0	0	0	0	12	0	0	0	0	0	0	0	0	0	0	0	0	8
	.5523	uc010cny.1		0	0	0	35	0	0	0	0	0	0	13	0	21	0	0	0	0	0	0	0	0	0	0	1
	.555	uc001efj.3		0	0	0	38	0	0	0	0	0	0	0	0	26	0	12	0	0	0	0	0	0	0	0	0
	.560	uc001egd.2	protein_coding	0	0	0	28	0	0	2	0	0	0	16	0	10	0	0	0	0	0	0	0	0	0	0	0
	.561	uc001egg.3		0	0	0	31	0	0	0	0	0	0	8	0	21	0	2	0	0	0	0	0	0	0	0	0
	.561	uc001egi.3		0	0	0	21	0	0	0	0	0	0	9	0	3	0	9	0	0	0	0	0	0	0	0	0
	.561	uc001egj.3		0	0	0	21	0	0	0	0	0	0	9	0	3	0	9	0	0	0	0	0	0	0	0	0
	.561	uc001egk.3		0	0	0	21	0	0	0	0	0	0	9	0	3	0	9	0	0	0	0	0	0	0	0	0
	.561	uc009whb.2		0	0	0	51	0	0	0	0	0	0	14	0	36	0	1	0	0	0	0	0	0	0	0	0
	.561	uc021osh.1		0	0	0	1	0	0	0	0	0	0	1	0	0	0	0	0	0	0	0	0	0	0	0	0
	.5741	uc010ctc.3	protein_coding	0	0	0	4	0	0	0	0	0	0	4	0	0	0	0	0	0	0	0	0	0	0	0	0
	.5774	uc002hnp.1		0	0	0	30	0	0	0	0	0	0	3	0	25	0	2	0	0	0	0	0	0	0	0	0
	.5774	uc002hnq.2	protein_coding	0	2	3	71	0	2	6	0	0	0	4	0	61	3	0	0	0	0	0	0	0	0	0	0
	.5774	uc002hnr.1		0	0	0	18	0	0	0	0	0	0	2	0	15	0	1	0	0	0	0	0	0	0	0	0
	.5782	uc021twf.1		0	0	0	10	0	0	0	0	0	0	0	0	0	0	0	0	0	0	0	0	0	0	0	10
	.5783	uc021twg.1		0	0	0	25	0	0	0	0	0	0	11	0	0	0	0	0	0	0	0	0	0	0	0	14
	.5784	uc021twh.1	protein_coding	0	0	0	41	13	0	0	0	0	0	0	0	8	0	0	0	0	0	0	0	0	0	0	20
	.5791	uc021twn.1		0	0	0	9	0	0	0	0	0	0	9	0	0	0	0	0	0	0	0	0	0	0	0	0
	.5791	uc021two.1		0	0	0	9	0	0	0	0	0	0	9	0	0	0	0	0	0	0	0	0	0	0	0	0
	.5792	uc021twp.1		0	0	0	9	0	0	0	0	0	0	0	0	0	0	0	0	0	0	0	0	0	0	0	9
	.5793	uc002hrb.2		0	0	0	9	0	0	0	0	0	0	0	0	0	0	0	0	0	0	0	0	0	0	0	9
	.5800	uc010cvy.3		0	0	0	1	0	0	0	0	0	0	0	0	0	0	0	0	0	0	0	0	0	0	0	1
	.5801	uc031raa.1		0	0	0	1	0	0	0	0	0	0	0	0	0	0	0	0	0	0	0	0	0	0	0	1
	.5802	uc021twt.2		0	0	0	36	0	0	0	0	0	0	12	0	0	0	0	0	0	0	0	0	0	0	0	24
	.5824	uc010cyd.1	protein_coding	0	0	0	2	0	0	0	0	0	0	2	0	0	0	0	0	0	0	0	0	0	0	0	0
	.5825	uc021txs.1		0	0	0	22	0	0	0	0	0	0	0	0	0	0	12	0	0	0	0	0	0	0	0	10
	.5826	uc010cyf.1	protein_coding	0	0	0	22	8	0	0	0	0	0	12	0	0	0	0	0	0	0	0	0	0	0	0	2
	.5840	uc010whd.3		1	1	0	30	0	0	0	0	0	0	0	0	16	0	15	0	1	0	1	0	0	0	0	1
	.5844	uc002idf.3		0	0	0	1	0	0	0	0	0	0	0	0	0	0	0	0	0	0	0	0	0	0	0	1
	.5844	uc002idg.3		0	0	0	1	0	0	0	0	0	0	0	0	0	0	0	0	0	0	0	0	0	0	0	1
	.5844	uc002idh.3		0	0	0	1	0	0	0	0	0	0	0	0	0	0	0	0	0	0	0	0	0	0	0	1
	.5844	uc010czb.2		0	0	0	1	0	0	0	0	0	0	0	0	0	0	0	0	0	0	0	0	0	0	0	1
	.5906	uc010wlx.1		0	0	0	10	0	0	0	0	0	0	4	0	2	0	4	0	0	0	0	0	0	0	0	0
	.5909	uc002iqk.3	protein_coding	0	0	0	20	0	0	0	0	0	0	0	0	0	0	0	0	0	0	0	0	0	0	0	20
	.5910	uc021tzy.1		0	0	0	71	0	0	0	0	0	0	46	0	0	0	0	0	0	0	0	0	0	0	0	25
	.5910	uc031rdc.1		3	8	0	122	0	0	0	0	0	0	5	0	86	0	41	0	3	0	8	0	0	0	0	1
	.5910	uc031rdd.1		0	0	0	83	0	0	0	0	0	0	45	0	0	0	0	0	0	0	0	0	0	0	0	38
	.5945	uc002ivz.3		0	0	0	23	0	0	0	0	0	0	22	0	0	0	1	0	0	0	0	0	0	0	0	0
	.5945	uc002iwa.3		0	0	0	23	0	0	0	0	0	0	22	0	0	0	1	0	0	0	0	0	0	0	0	0
	.5945	uc002iwb.3		0	0	0	23	0	0	0	0	0	0	22	0	0	0	1	0	0	0	0	0	0	0	0	0
	.5945	uc002iwc.3		0	0	0	23	0	0	0	0	0	0	22	0	0	0	1	0	0	0	0	0	0	0	0	0
	.5945	uc010dct.2		0	0	0	23	0	0	0	0	0	0	22	0	0	0	1	0	0	0	0	0	0	0	0	0
	.5945	uc010dcu.2		0	0	0	23	0	0	0	0	0	0	22	0	0	0	1	0	0	0	0	0	0	0	0	0
	.5945	uc010dcv.2		0	0	0	23	0	0	0	0	0	0	22	0	0	0	1	0	0	0	0	0	0	0	0	0
	.5945	uc021uan.1		0	0	0	23	0	0	0	0	0	0	22	0	0	0	1	0	0	0	0	0	0	0	0	0
	.5945	uc021uao.1		0	0	0	23	0	0	0	0	0	0	22	0	0	0	1	0	0	0	0	0	0	0	0	0
	.5945	uc031rdh.1		0	0	0	8	0	0	0	0	0	0	0	0	0	0	0	0	0	0	0	0	0	0	0	8
	.5988	uc021ubr.2		0	0	0	12	0	0	0	0	0	0	1	0	0	0	0	0	0	0	0	0	0	0	0	11
	.5989	uc021ubs.1		0	0	0	16	0	0	0	0	0	0	2	0	0	0	0	0	0	0	0	0	0	0	0	14
	.5990	uc002jen.3		0	0	0	16	0	0	0	0	0	0	0	0	2	0	0	0	0	0	0	0	0	0	0	14
	.6034	uc021ucz.1		0	0	0	1	0	0	0	0	0	0	0	0	0	0	0	0	0	0	0	0	0	0	0	1
	.6077	uc002jwl.2		0	0	0	10	0	0	0	0	0	0	0	0	8	0	2	0	0	0	0	0	0	0	0	0
	.6077	uc021uej.1		0	0	0	10	0	0	0	0	0	0	10	0	0	0	0	0	0	0	0	0	0	0	0	0
	.6261	uc010xbe.1		0	2	0	71	0	0	0	0	0	0	0	0	60	0	12	0	0	0	2	0	0	0	0	1
	.629	uc009wjg.4		0	0	0	81	0	0	0	0	0	0	0	0	71	0	10	0	0	0	0	0	0	0	0	0
	.629	uc010ozo.3		0	0	0	81	0	0	0	0	0	0	0	0	71	0	10	0	0	0	0	0	0	0	0	0
	.629	uc010ozq.1	protein_coding	0	2	1	42	0	0	2	0	0	0	3	0	34	1	0	0	0	0	0	0	0	0	2	3
	.6300	uc021uje.1		0	0	0	6	0	0	0	0	0	0	2	0	0	0	4	0	0	0	0	0	0	0	0	0
	.6329	uc010xdo.1		1	0	0	35	0	0	0	0	0	0	4	0	28	0	4	0	1	0	0	0	0	0	0	0
	.6345	uc002lha.1		0	0	0	40	0	0	0	0	0	0	0	0	30	0	0	0	0	0	0	0	0	0	0	10
	.6346	uc010dpl.2		0	1	0	17	0	0	0	0	0	0	0	0	17	0	1	0	0	0	1	0	0	0	0	0
	.6441	uc010dtx.2		0	0	0	17	0	0	0	0	0	0	17	0	0	0	0	0	0	0	0	0	0	0	0	0
	.6494	uc010dwy.1		0	0	0	29	0	0	0	0	0	0	21	0	0	0	1	0	0	0	0	0	0	0	0	7
	.6495	uc010dwz.1		0	1	0	33	0	0	0	0	0	0	20	0	0	0	2	0	0	0	1	0	0	0	0	12
	.65	uc001amh.3	protein_coding	0	2	0	15	0	0	3	0	0	0	0	0	0	0	0	0	0	0	0	0	0	0	2	12
	.65	uc010nzp.1		0	0	0	17	0	0	0	0	0	0	0	0	2	0	1	0	0	0	0	0	0	0	0	14
	.6568	uc010ebh.3		0	1	0	55	0	0	0	0	0	0	0	0	52	0	4	0	0	0	1	0	0	0	0	0
	.6736	uc010efh.3	protein_coding	0	0	0	6	0	0	2	0	0	0	0	0	2	0	0	0	0	0	0	0	0	0	0	2
	.6737	uc021utt.1	protein_coding	0	0	0	4	0	0	1	0	0	0	0	0	0	0	0	0	0	0	0	0	0	0	0	3
	.6816	uc010xxj.1		0	1	0	29	0	0	0	0	0	0	6	0	17	0	7	0	0	0	1	0	0	0	0	0
	.6837	uc010xyo.1	protein_coding	0	2	2	36	0	0	0	0	0	0	0	0	12	2	0	0	0	0	0	0	0	0	2	24
	.687	uc009wma.2		0	0	0	16	0	0	0	0	0	0	0	0	0	0	0	0	0	0	0	0	0	0	0	16
	.688	uc021oyg.1		0	0	0	27	0	0	0	0	0	0	15	0	0	0	0	0	0	0	0	0	0	0	0	12
	.6929	uc002ptt.3		0	0	0	21	0	0	0	0	0	0	0	0	16	0	2	0	0	0	0	0	0	0	0	3
	.6930	uc002ptw.3		0	0	0	12	0	0	0	0	0	0	12	0	0	0	0	0	0	0	0	0	0	0	0	0
	.6930	uc002ptx.3		0	0	0	12	0	0	0	0	0	0	12	0	0	0	0	0	0	0	0	0	0	0	0	0
	.7022	uc002qdf.3		0	0	0	13	0	0	0	0	0	0	13	0	0	0	0	0	0	0	0	0	0	0	0	0
	.7024	uc010erg.3	protein_coding	0	3	1	33	4	1	3	0	0	0	1	0	17	1	0	0	0	0	1	0	0	0	1	9
	.7146	uc002rch.2	protein_coding	0	0	0	13	0	0	0	0	0	0	0	0	0	0	0	0	0	0	0	0	0	0	0	13
	.7172	uc010eyi.4		0	5	0	84	0	0	0	0	0	0	0	0	71	0	18	0	0	0	5	0	0	0	0	0
	.7172	uc021veq.1		0	0	0	6	0	0	0	0	0	0	3	0	0	0	0	0	0	0	0	0	0	0	0	3
	.7174	uc021ves.1		0	0	0	8	0	0	0	0	0	0	3	0	0	0	0	0	0	0	0	0	0	0	0	5
	.7188	uc002rjt.3		0	0	0	14	0	0	0	0	0	0	0	0	0	0	0	0	0	0	0	0	0	0	0	14
	.7189	uc002rjy.3	protein_coding	0	3	1	28	0	1	3	0	0	0	7	0	5	1	0	0	0	0	0	0	0	0	2	13
	.7220	uc002ror.3		0	0	0	2	0	0	0	0	0	0	2	0	0	0	0	0	0	0	0	0	0	0	0	0
	.7221	uc021vfu.1		0	0	0	2	0	0	0	0	0	0	2	0	0	0	0	0	0	0	0	0	0	0	0	0
	.7236	uc002rrl.3	protein_coding	0	0	4	13	0	0	0	0	0	0	0	0	9	4	0	0	0	0	0	0	0	0	0	4
	.7236	uc010ynr.1		1	0	0	30	0	0	0	0	0	0	1	0	27	0	3	0	1	0	0	0	0	0	0	0
	.7246	uc002rsh.4	protein_coding	0	1	0	19	0	1	2	0	0	0	4	0	12	0	0	0	0	0	0	0	0	0	0	1
	.7283	uc010yoy.2		0	0	0	10	0	0	0	0	0	0	10	0	0	0	0	0	0	0	0	0	0	0	0	0
	.7284	uc002ryt.2	protein_coding	1	0	1	33	14	0	0	0	0	0	0	0	9	1	0	0	0	0	0	0	1	0	0	10
	.7285	uc010fbz.3		0	0	0	4	0	0	0	0	0	0	0	0	3	0	1	0	0	0	0	0	0	0	0	0
	.7344	uc002sga.3	protein_coding	0	0	0	9	0	0	0	0	0	0	0	0	0	0	0	0	0	0	0	0	0	0	0	9
	.7344	uc002sgb.1		0	0	0	9	0	0	0	0	0	0	0	0	0	0	0	0	0	0	0	0	0	0	0	9
	.7344	uc002sge.1		0	0	0	9	0	0	0	0	0	0	0	0	0	0	0	0	0	0	0	0	0	0	0	9
	.7370	uc002skl.3		1	2	0	99	0	0	0	0	0	0	0	0	87	0	15	0	1	0	2	0	0	0	0	0
	.7370	uc010yrp.3		0	0	0	3	0	0	0	0	0	0	3	0	0	0	0	0	0	0	0	0	0	0	0	0
	.744	uc001fko.3		0	0	0	1	0	0	0	0	0	0	1	0	0	0	0	0	0	0	0	0	0	0	0	0
	.745	uc021pay.1		0	0	0	18	0	0	0	0	0	0	15	0	0	0	0	0	0	0	0	0	0	0	0	3
	.746	uc010pgc.1		0	0	0	5	0	0	0	0	0	0	2	0	0	0	0	0	0	0	0	0	0	0	0	3
	.747	uc001fkv.3	protein_coding	0	0	0	12	0	0	0	0	0	0	0	0	11	0	0	0	0	0	0	0	0	0	0	1
	.763	uc009wsj.2	protein_coding	0	1	7	18	0	0	0	0	0	0	13	0	4	7	0	0	0	0	0	0	0	0	1	1
	.7663	uc010fnh.1		0	0	0	39	0	0	0	0	0	0	0	0	30	0	9	0	0	0	0	0	0	0	0	0
	.7735	uc002uew.4		0	1	0	46	0	0	0	0	0	0	2	0	39	0	6	0	0	0	1	0	0	0	0	0
	.7783	uc021vtq.1		0	0	0	5	0	0	0	0	0	0	1	0	0	0	1	0	0	0	0	0	0	0	0	3
	.7794	uc021vty.1		0	0	0	3	0	0	0	0	0	0	1	0	0	0	0	0	0	0	0	0	0	0	0	2
	.7828	uc002uxn.3		0	0	0	2	0	0	0	0	0	0	1	0	1	0	0	0	0	0	0	0	0	0	0	0
	.7829	uc002uxu.1		0	0	0	30	0	0	0	0	0	0	0	0	17	0	13	0	0	0	0	0	0	0	0	0
	.7830	uc010fth.3		0	0	0	11	0	0	0	0	0	0	11	0	0	0	0	0	0	0	0	0	0	0	0	0
	.7858	uc010zja.1		0	0	0	18	0	0	0	0	0	0	7	0	6	0	4	0	0	0	0	0	0	0	0	1
	.7874	uc002vfk.1		0	1	0	35	0	0	0	0	0	0	3	0	18	0	3	0	0	0	1	0	0	0	0	12
	.7874	uc010fva.1		0	1	0	35	0	0	0	0	0	0	3	0	19	0	2	0	0	0	1	0	0	0	0	12
	.7874	uc010fvb.1		0	1	0	35	0	0	0	0	0	0	3	0	19	0	2	0	0	0	1	0	0	0	0	12
	.7914	uc021vxf.1		0	0	0	22	0	0	0	0	0	0	16	0	0	0	0	0	0	0	0	0	0	0	0	6
	.7955	uc002vte.3		0	0	0	16	0	0	0	0	0	0	1	0	13	0	2	0	0	0	0	0	0	0	0	0
	.7955	uc002vtf.3		0	0	0	16	0	0	0	0	0	0	1	0	13	0	2	0	0	0	0	0	0	0	0	0
	.7955	uc002vtl.4		0	0	0	16	0	0	0	0	0	0	1	0	13	0	2	0	0	0	0	0	0	0	0	0
	.7955	uc002vtm.1		0	0	0	8	0	0	0	0	0	0	4	0	0	0	3	0	0	0	0	0	0	0	0	1
	.7955	uc010zmk.2		0	1	0	86	0	0	0	0	0	0	0	0	69	0	15	0	0	0	1	0	0	0	0	3
	.8002	uc010zoo.1		0	0	0	20	0	0	0	0	0	0	11	0	0	0	0	0	0	0	0	0	0	0	0	9
	.8003	uc002wbe.1		0	0	0	2	0	0	0	0	0	0	0	0	0	0	0	0	0	0	0	0	0	0	0	2
	.8098	uc010zsp.2		0	0	0	16	0	0	0	0	0	0	0	0	0	0	0	0	0	0	0	0	0	0	0	16
	.8136	uc002wxr.2		0	0	0	29	0	0	0	0	0	0	9	0	16	0	4	0	0	0	0	0	0	0	0	0
	.8166	uc002xco.3	protein_coding	1	2	1	33	0	1	1	0	0	0	18	0	5	1	0	0	0	0	1	0	1	0	0	10
	.8166	uc010gfe.1		0	0	0	21	0	0	0	0	0	0	6	0	5	0	10	0	0	0	0	0	0	0	0	0
	.8166	uc010zvd.2		1	1	0	47	0	0	0	0	0	0	7	0	30	0	12	0	1	0	1	0	0	0	0	0
	.8260	uc021wer.1		0	0	0	37	0	0	0	0	0	0	0	0	0	0	14	0	0	0	0	0	0	0	0	23
	.8282	uc010zzd.1		0	0	0	12	0	0	0	0	0	0	0	0	9	0	3	0	0	0	0	0	0	0	0	0
	.8297	uc002xzs.2		0	0	0	23	0	0	0	0	0	0	0	0	3	0	0	0	0	0	0	0	0	0	0	20
	.8298	uc002xzv.3		0	0	0	58	0	0	0	0	0	0	4	0	39	0	15	0	0	0	0	0	0	0	0	0
	.8298	uc002yac.1		0	0	0	17	0	0	0	0	0	0	4	0	0	0	2	0	0	0	0	0	0	0	0	11
	.8309	uc002ybz.1		0	0	0	40	0	0	0	0	0	0	2	0	32	0	6	0	0	0	0	0	0	0	0	0
	.8309	uc002yca.1		0	0	0	40	0	0	0	0	0	0	2	0	33	0	5	0	0	0	0	0	0	0	0	0
	.8309	uc002ycc.1		0	0	0	36	0	0	0	0	0	0	2	0	24	0	4	0	0	0	0	0	0	0	0	6
	.8425	uc002yss.1		0	0	0	5	0	0	0	0	0	0	0	0	0	0	0	0	0	0	0	0	0	0	0	5
	.8425	uc002yst.1		0	0	0	5	0	0	0	0	0	0	0	0	0	0	0	0	0	0	0	0	0	0	0	5
	.8425	uc002ysu.3	protein_coding	0	0	0	5	0	0	0	0	0	0	0	0	0	0	0	0	0	0	0	0	0	0	0	5
	.8425	uc002ysv.3		0	0	0	5	0	0	0	0	0	0	0	0	0	0	0	0	0	0	0	0	0	0	0	5
	.8426	uc002ytd.3		0	1	0	85	0	0	0	0	0	0	2	0	67	0	14	0	0	0	1	0	0	0	0	3
	.8426	uc002ytf.1		0	0	0	20	0	0	0	0	0	0	4	0	6	0	6	0	0	0	0	0	0	0	0	4
	.8426	uc002yth.4		0	1	0	94	0	0	0	0	0	0	2	0	77	0	16	0	0	0	1	0	0	0	0	0
	.8426	uc002yti.2	protein_coding	0	1	0	33	0	0	2	0	0	0	6	0	19	0	0	0	0	0	1	0	0	0	0	7
	.8426	uc002ytk.1		0	0	0	27	0	0	0	0	0	0	14	0	10	0	1	0	0	0	0	0	0	0	0	2
	.8426	uc010gmh.3		0	1	0	94	0	0	0	0	0	0	2	0	78	0	15	0	0	0	1	0	0	0	0	0
	.8426	uc010gml.3		0	1	0	85	0	0	0	0	0	0	2	0	67	0	14	0	0	0	1	0	0	0	0	3
	.8426	uc010gmm.1		0	1	0	128	0	0	0	0	0	0	0	0	111	0	15	0	0	0	1	0	0	0	0	3
	.8426	uc010gmn.1		0	0	0	27	0	0	0	0	0	0	6	0	17	0	2	0	0	0	0	0	0	0	0	2
	.8427	uc021wiq.1		0	0	0	2	0	0	0	0	0	0	0	0	0	0	0	0	0	0	0	0	0	0	0	2
	.8467	uc021wjn.1		0	0	0	26	0	0	0	0	0	0	0	0	0	0	9	0	0	0	0	0	0	0	0	17
	.8516	uc031rwd.1		0	0	0	5	0	0	0	0	0	0	1	0	1	0	0	0	0	0	0	0	0	0	0	3
	.8517	uc021wkb.1		0	0	0	33	0	0	0	0	0	0	19	0	0	0	0	0	0	0	0	0	0	0	0	14
	.8518	uc002zjr.3	protein_coding	1	0	0	46	1	0	0	0	0	0	13	1	19	0	0	0	0	0	0	0	0	0	0	13
	.8519	uc002zjs.2	protein_coding	0	6	0	31	3	0	1	0	0	0	0	0	9	0	0	0	0	0	0	0	0	0	6	18
	.8519	uc002zjt.2		0	0	0	27	0	0	0	0	0	0	0	0	6	0	9	0	0	0	0	0	0	0	0	12
	.8600	uc021wlz.1		0	0	0	11	0	0	0	0	0	0	11	0	0	0	0	0	0	0	0	0	0	0	0	0
	.8601	uc002ztt.2		0	0	0	4	0	0	0	0	0	0	0	0	0	0	0	0	0	0	0	0	0	0	0	4
	.8601	uc002ztv.3		0	0	0	4	0	0	0	0	0	0	0	0	0	0	0	0	0	0	0	0	0	0	0	4
	.8628	uc002zxy.3		0	0	0	3	0	0	0	0	0	0	3	0	0	0	0	0	0	0	0	0	0	0	0	0
	.8629	uc002zye.2		0	0	0	23	0	0	0	0	0	0	3	0	14	0	1	0	0	0	0	0	0	0	0	5
	.8629	uc002zyf.1		0	0	0	23	0	0	0	0	0	0	3	0	14	0	1	0	0	0	0	0	0	0	0	5
	.8629	uc010gue.1		0	0	0	23	0	0	0	0	0	0	3	0	15	0	0	0	0	0	0	0	0	0	0	5
	.8630	uc021wmv.1		0	0	0	8	0	0	0	0	0	0	8	0	0	0	0	0	0	0	0	0	0	0	0	0
	.8673	uc010gvn.2		0	0	0	27	0	0	0	0	0	0	19	0	0	0	2	0	0	0	0	0	0	0	0	6
	.8676	uc003agd.4		0	0	0	56	0	0	0	0	0	0	0	0	47	0	9	0	0	0	0	0	0	0	0	0
	.8676	uc011akq.2	protein_coding	1	1	2	15	5	0	0	0	0	0	0	0	7	2	0	0	0	0	0	0	1	0	1	3
	.8687	uc011alh.1		0	1	0	43	0	0	0	0	0	0	18	0	2	0	8	0	0	0	1	0	0	0	0	16
	.8688	uc003ajp.1		0	0	0	23	0	0	0	0	0	0	0	0	0	0	6	0	0	0	0	0	0	0	0	17
	.872	uc010plr.1		0	1	0	32	0	0	0	0	0	0	9	0	14	0	10	0	0	0	1	0	0	0	0	0
	.8790	uc021wpw.1		0	0	0	11	0	0	0	0	0	0	0	0	0	0	0	0	0	0	0	0	0	0	0	11
	.8793	uc021wpy.1		0	0	0	6	0	0	0	0	0	0	3	0	0	0	0	0	0	0	0	0	0	0	0	3
	.8794	uc021wpz.1		0	0	0	6	0	0	0	0	0	0	2	0	0	0	0	0	0	0	0	0	0	0	0	4
	.8797	uc021wqb.1		0	0	0	15	0	0	0	0	0	0	0	0	0	0	8	0	0	0	0	0	0	0	0	7
	.8798	uc003ayy.1		0	0	0	41	0	0	0	0	0	0	0	0	39	0	1	0	0	0	0	0	0	0	0	1
	.8802	uc021wqd.1		0	0	0	3	0	0	0	0	0	0	1	0	0	0	0	0	0	0	0	0	0	0	0	2
	.8888	uc010hbz.3	protein_coding	0	1	3	47	1	0	2	0	0	0	2	0	43	3	0	0	0	0	1	0	0	0	0	0
	.8889	uc003bqd.3		0	0	0	6	0	0	0	0	0	0	0	0	0	0	5	0	0	0	0	0	0	0	0	1
	.8889	uc021wsk.1		0	0	0	6	0	0	0	0	0	0	3	0	0	0	0	0	0	0	0	0	0	0	0	3
	.8901	uc003bri.1		0	0	0	91	0	0	0	0	0	0	6	0	80	0	4	0	0	0	0	0	0	0	0	1
	.8901	uc003brl.3		0	0	0	2	0	0	0	0	0	0	0	0	1	0	0	0	0	0	0	0	0	0	0	1
	.8902	uc031ryg.1		0	0	0	5	0	0	0	0	0	0	0	0	0	0	0	0	0	0	0	0	0	0	0	5
	.8903	uc003brm.3		0	0	0	14	0	0	0	0	0	0	11	0	3	0	0	0	0	0	0	0	0	0	0	0
	.8984	uc010hgm.3		0	0	0	37	0	0	0	0	0	0	16	0	17	0	1	0	0	0	0	0	0	0	0	3
	.8984	uc010hgn.3	protein_coding	0	0	0	37	0	0	1	0	0	0	16	0	17	0	0	0	0	0	0	0	0	0	0	3
	.8984	uc010hgp.4		0	0	0	29	0	0	0	0	0	0	16	0	7	0	1	0	0	0	0	0	0	0	0	5
	.8984	uc010hgq.3		0	0	0	29	0	0	0	0	0	0	16	0	8	0	0	0	0	0	0	0	0	0	0	5
	.9032	uc011bas.1	protein_coding	0	0	0	11	0	0	0	0	0	0	11	0	0	0	0	0	0	0	0	0	0	0	0	0
	.9033	uc003cqr.3	protein_coding	0	0	0	32	5	0	0	0	0	0	1	0	24	0	0	0	0	0	0	0	0	0	0	2
	.9034	uc003cqt.1		0	0	0	25	0	0	0	0	0	0	0	0	15	0	6	0	0	0	0	0	0	0	0	4
	.9035	uc003cqw.2		0	0	0	10	0	0	0	0	0	0	0	0	0	0	0	0	0	0	0	0	0	0	0	10
	.907	uc021pfi.1		0	0	0	6	0	0	0	0	0	0	5	0	0	0	0	0	0	0	0	0	0	0	0	1
	.9088	uc003ddw.4		0	0	0	38	0	0	0	0	0	0	0	0	0	0	10	0	0	0	0	0	0	0	0	28
	.9088	uc010hmh.4		0	0	0	39	0	0	0	0	0	0	0	0	8	0	8	0	0	0	0	0	0	0	0	23
	.9139	uc003doc.1		0	0	0	1	0	0	0	0	0	0	0	0	0	0	1	0	0	0	0	0	0	0	0	0
	.9141	uc003don.3		0	0	0	106	0	0	0	0	0	0	0	0	92	0	13	0	0	0	0	0	0	0	0	1
	.9141	uc003dot.3		0	0	0	4	0	0	0	0	0	0	0	0	4	0	0	0	0	0	0	0	0	0	0	0
	.9143	uc003dou.3		0	0	0	1	0	0	0	0	0	0	0	0	0	0	0	0	0	0	0	0	0	0	0	1
	.9188	uc011bhj.1		0	0	0	45	0	0	0	0	0	0	2	0	34	0	7	0	0	0	0	0	0	0	0	2
	.9285	uc021xdx.1		0	0	0	33	0	0	0	0	0	0	11	0	0	0	0	0	0	0	0	0	0	0	0	22
	.9321	uc003esv.1		0	0	0	16	0	0	0	0	0	0	0	0	0	0	0	0	0	0	0	0	0	0	0	16
	.9386	uc003fda.3		0	0	0	48	0	0	0	0	0	0	0	0	48	0	0	0	0	0	0	0	0	0	0	0
	.9386	uc003fdf.1		0	2	0	25	0	0	0	0	0	0	10	0	12	0	4	0	0	0	2	0	0	0	0	1
	.9386	uc003fdk.3		0	0	0	7	0	0	0	0	0	0	0	0	0	0	0	0	0	0	0	0	0	0	0	7
	.9386	uc010hwc.1	protein_coding	3	1	3	33	0	0	0	0	0	0	4	1	31	3	0	0	2	0	2	0	0	0	0	1
	.9386	uc011boz.1		0	0	0	7	0	0	0	0	0	0	0	0	0	0	0	0	0	0	0	0	0	0	0	7
	.9386	uc021xgs.1		0	0	0	7	0	0	0	0	0	0	7	0	0	0	0	0	0	0	0	0	0	0	0	0
	.9405	uc003fgn.1		0	0	0	7	0	0	0	0	0	0	5	0	0	0	0	0	0	0	0	0	0	0	0	2
	.9406	uc003fgr.1		0	0	0	13	0	0	0	0	0	0	4	0	0	0	4	0	0	0	0	0	0	0	0	5
	.9426	uc011bpz.2	protein_coding	0	1	2	39	4	0	1	0	0	0	0	0	34	2	0	0	0	0	1	0	0	0	1	0
	.9433	uc003fjj.3		0	0	0	1	0	0	0	0	0	0	0	0	0	0	0	0	0	0	0	0	0	0	0	1
	.9434	uc003fjl.3		0	0	0	5	0	0	0	0	0	0	0	0	0	0	5	0	0	0	0	0	0	0	0	0
	.9473	uc021xio.1		0	0	0	36	0	0	0	0	0	0	7	0	29	0	0	0	0	0	0	0	0	0	0	0
	.9474	uc021xip.1		0	0	0	2	0	0	0	0	0	0	0	0	0	0	2	0	0	0	0	0	0	0	0	0
	.9475	uc011bsh.1		0	0	0	3	0	0	0	0	0	0	0	0	0	0	2	0	0	0	0	0	0	0	0	1
	.9476	uc021xiq.1		0	0	0	1	0	0	0	0	0	0	1	0	0	0	0	0	0	0	0	0	0	0	0	0
	.9550	uc003gee.4		0	2	0	94	0	0	0	0	0	0	0	0	73	0	22	0	0	0	2	0	0	0	0	1
	.9550	uc003gef.4		0	2	0	94	0	0	0	0	0	0	0	0	73	0	22	0	0	0	2	0	0	0	0	1
	.9550	uc003gej.3		0	0	0	16	0	0	0	0	0	0	11	0	0	0	1	0	0	0	0	0	0	0	0	4
	.9624	uc003gpj.3		0	1	0	18	0	0	0	0	0	0	5	0	10	0	3	0	0	0	1	0	0	0	0	1
	.9625	uc003gpk.1		0	0	0	11	0	0	0	0	0	0	7	0	0	0	0	0	0	0	0	0	0	0	0	4
	.9626	uc003gpl.1		0	0	0	7	0	0	0	0	0	0	1	0	0	0	6	0	0	0	0	0	0	0	0	0
	.9696	uc010ign.3		0	0	0	29	0	0	0	0	0	0	5	0	21	0	2	0	0	0	0	0	0	0	0	1
	.9697	uc003hah.4		0	0	0	67	0	0	0	0	0	0	2	0	58	0	7	0	0	0	0	0	0	0	0	0
	.9697	uc031sef.1		0	0	0	20	0	0	0	0	0	0	1	0	13	0	0	0	0	0	0	0	0	0	0	6
	.9697	uc031seg.1		0	0	0	2	0	0	0	0	0	0	0	0	1	0	0	0	0	0	0	0	0	0	0	1
	.9698	uc011bzv.3	protein_coding	0	2	1	3	1	1	1	0	0	0	0	0	0	1	0	0	0	0	0	0	0	0	1	1
	.9699	uc003ham.2		0	0	0	42	0	0	0	0	0	0	7	0	29	0	6	0	0	0	0	0	0	0	0	0
	.9699	uc003hao.1	protein_coding	0	0	2	22	1	0	0	0	0	0	7	0	6	2	0	0	0	0	0	0	0	0	0	8
	.9701	uc011bzw.1		0	0	0	19	0	0	0	0	0	0	12	0	0	0	1	0	0	0	0	0	0	0	0	6
	.9737	uc010iid.3	protein_coding	0	2	2	74	14	0	1	0	0	0	1	0	58	2	0	0	0	0	1	0	0	0	2	0
	.9795	uc021xqa.1		0	0	0	1	0	0	0	0	0	0	0	0	0	0	0	0	0	0	0	0	0	0	0	1
	.9796	uc003hry.1		0	0	0	4	0	0	0	0	0	0	0	0	0	0	0	0	0	0	0	0	0	0	0	4
	.9821	uc003hxj.2		0	0	0	52	0	0	0	0	0	0	10	0	27	0	14	0	0	0	0	0	0	0	0	1
	.9833	uc010imk.3	protein_coding	0	1	3	16	0	1	1	0	0	0	0	0	10	3	0	0	0	0	0	0	0	0	0	5
A0PJ48	A0PJ48	uc002dvb.2	protein_coding	1	11	6	60	0	2	2	0	0	0	21	0	38	6	0	0	0	0	2	0	1	0	8	0
A0PJW6	A0PJW6	uc001nve.2	protein_coding	0	0	0	11	0	0	0	0	0	0	0	0	0	0	0	0	0	0	0	0	0	0	0	11
A1L159	A1L159	uc022auj.1	protein_coding	0	2	0	21	1	1	1	0	0	0	0	0	7	0	0	0	0	0	0	0	0	0	1	12
A2A391	A2A391	uc001hsr.1	protein_coding	4	17	27	121	0	0	0	0	0	0	0	0	109	27	0	0	1	0	4	0	3	0	14	16
A2A3F9	A2A3F9	uc011mbi.2	protein_coding	0	0	0	16	0	0	0	0	0	0	16	0	0	0	0	0	0	0	0	0	0	0	0	0
A2ABK3	A2ABK3	uc021yvb.1	protein_coding	0	0	0	33	0	0	2	0	0	0	0	0	0	0	0	0	0	0	0	0	0	0	0	31
A2RRM7	A2RRM7	uc003dwl.5	protein_coding	0	0	3	42	1	0	0	0	0	0	0	0	41	3	0	0	0	0	0	0	0	0	0	0
A3KMG1	A3KMG1	uc003doq.1	protein_coding	2	0	2	87	0	0	0	0	0	0	5	0	82	2	0	0	0	0	0	0	2	0	0	0
A4D189	A4D189	uc022aat.2	protein_coding	0	0	0	10	0	0	0	0	0	0	0	0	0	0	0	0	0	0	0	0	0	0	0	10
A4D2P0	A4D2P0	uc003spw.3	protein_coding	0	2	2	26	9	0	0	0	0	0	1	0	16	2	0	0	0	0	0	0	0	0	2	0
A4FTZ9	A4FTZ9	uc010bcv.1	protein_coding	0	1	0	37	1	0	1	0	0	0	0	0	22	0	0	0	0	0	1	0	0	0	0	13
A4UAE9	A4UAE9	uc031qwg.1	protein_coding	0	0	4	22	2	0	4	0	0	0	0	0	16	4	0	0	0	0	0	0	0	0	0	0
A5A3E0	A5A3E0	uc010fmh.2	protein_coding	0	1	2	7	0	0	0	0	0	0	0	0	7	2	0	0	0	0	0	0	0	0	1	0
A5D6X0	A5D6X0	uc002mqe.2	protein_coding	2	5	8	17	0	0	0	0	0	0	1	0	17	8	0	0	1	0	1	0	1	0	5	0
A5JJ20	A5JJ20	uc010iic.3	protein_coding	3	7	4	110	14	1	1	0	0	0	1	0	95	4	0	0	1	0	2	0	2	0	6	0
A5PKV6	A5PKV6	uc010bva.3	protein_coding	0	1	2	13	0	0	0	0	0	0	4	0	9	2	0	0	0	0	1	0	0	0	0	1
A5PKW4	A5PKW4	uc001kvg.2	protein_coding	0	0	0	29	0	0	0	0	0	0	29	0	0	0	0	0	0	0	0	0	0	0	0	0
A5PKW4	A5PKW4	uc009xxd.2	protein_coding	0	0	0	29	0	0	0	0	0	0	29	0	0	0	0	0	0	0	0	0	0	0	0	0
A5PKW4-2	A5PKW4-2	uc031pxd.1	protein_coding	0	0	0	29	0	0	0	0	0	0	29	0	0	0	0	0	0	0	0	0	0	0	0	0
A6H8X9	A6H8X9	uc001hzv.1	protein_coding	0	0	2	9	1	0	0	0	0	0	0	0	5	2	0	0	0	0	0	0	0	0	0	3
A6NC17	A6NC17	uc010srq.1	protein_coding	0	0	0	17	0	0	0	0	0	0	17	0	0	0	0	0	0	0	0	0	0	0	0	0
A6NFU0	A6NFU0	uc002ihp.1	protein_coding	0	0	0	1	0	0	0	0	0	0	0	0	0	0	0	0	0	0	0	0	0	0	0	1
A6NFU8	A6NFU8	uc002bum.3	protein_coding	0	0	0	3	0	0	0	0	0	0	3	0	0	0	0	0	0	0	0	0	0	0	0	0
A6NGV6	A6NGV6	uc009wme.2	protein_coding	1	5	2	44	1	3	6	0	0	0	12	0	27	2	0	0	1	0	1	0	0	0	1	0
A6NHJ8	A6NHJ8	uc002ysr.1	protein_coding	0	0	0	5	0	0	0	0	0	0	0	0	0	0	0	0	0	0	0	0	0	0	0	5
A6NI00	A6NI00	uc021wfo.1	protein_coding	1	2	3	30	0	0	2	0	0	0	0	0	26	3	0	0	0	0	2	0	1	0	2	2
A6NNN6	A6NNN6	uc003wyk.4	protein_coding	0	1	2	40	2	0	1	0	0	0	0	0	34	2	0	0	0	0	1	0	0	0	0	4
A6NP61	A6NP61	uc010abc.1	protein_coding	0	0	0	1	0	0	0	0	0	0	0	0	0	0	0	0	0	0	0	0	0	0	0	1
A6PVM6	A6PVM6	uc009xjz.1	protein_coding	0	2	1	114	5	0	0	0	0	0	0	0	111	1	0	0	0	0	2	0	0	0	0	0
A6PVM7	A6PVM7	uc001ipv.3	protein_coding	0	5	2	111	5	1	3	0	0	0	0	0	106	2	0	0	0	0	3	0	0	0	1	0
A6PVM7	A6PVM7	uc001ipz.2	protein_coding	0	4	2	74	5	1	1	0	0	0	0	0	68	2	0	0	0	0	2	0	0	0	1	2
A6YID5	A6YID5	uc010fvc.1	protein_coding	1	2	5	35	0	0	0	0	0	0	7	0	19	5	0	0	0	0	1	0	1	0	1	10
A6YID7	A6YID7	uc010fvd.1	protein_coding	2	3	1	37	0	0	0	0	0	0	7	0	21	1	0	0	0	0	2	0	2	0	2	10
A7E2D5	A7E2D5	uc010kiz.4	protein_coding	2	5	8	28	0	1	1	0	0	0	8	0	10	8	0	0	0	0	0	0	2	0	4	9
A7XZY7	A7XZY7	uc010gmi.3	protein_coding	1	5	3	87	6	1	2	0	0	0	2	0	78	3	0	0	0	0	1	0	1	0	3	0
A8CTX8	A8CTX8	uc002ytb.1	protein_coding	2	8	5	124	2	1	2	0	0	0	0	0	121	5	0	0	0	0	1	0	2	0	6	0
A8CTY3	A8CTY3	uc002ytj.2	protein_coding	2	7	5	115	2	0	0	0	0	0	0	0	111	5	0	0	0	0	1	0	2	0	6	3
A8CTY7	A8CTY7	uc010gmg.3	protein_coding	1	5	3	87	6	1	2	0	0	0	2	0	78	3	0	0	0	0	1	0	1	0	3	0
A8D7D0	A8D7D0	uc010gmk.3	protein_coding	1	4	3	78	6	0	0	0	0	0	2	0	68	3	0	0	0	0	1	0	1	0	3	3
A8K1M9	A8K1M9	uc003xlk.3	protein_coding	0	0	0	3	0	0	0	0	0	0	0	0	0	0	0	0	0	0	0	0	0	0	0	3
A8K7B1	A8K7B1	uc003mkd.2	protein_coding	0	1	1	45	2	0	0	0	0	0	0	0	33	1	0	0	0	0	0	0	0	0	1	10
A8K7E4	A8K7E4	uc010kjd.4	protein_coding	1	2	1	4	0	0	0	0	0	0	0	0	5	1	0	0	0	0	2	0	1	0	1	0
A8MTQ3	A8MTQ3	uc010erd.2	protein_coding	1	4	1	17	3	1	2	0	0	0	8	0	5	1	0	0	0	0	1	0	1	0	2	0
A8MU33	A8MU33	uc010omv.2	protein_coding	0	3	3	57	0	0	1	0	0	0	0	0	57	3	0	0	0	0	1	0	0	0	2	0
A8MUP8	A8MUP8	uc031rae.1	protein_coding	0	3	4	51	3	0	0	0	0	0	0	0	46	4	0	0	0	0	1	0	0	0	2	3
A8MUW5	A8MUW5	uc001zkc.3	protein_coding	0	0	0	1	0	0	0	0	0	0	1	0	0	0	0	0	0	0	0	0	0	0	0	0
A8MV73	A8MV73	uc001rbz.1	protein_coding	0	0	6	8	0	0	0	0	0	0	5	0	3	6	0	0	0	0	0	0	0	0	0	0
A8MXR0	A8MXR0	uc011ayf.1	protein_coding	1	0	0	27	5	0	0	0	0	0	11	0	11	0	0	0	0	0	0	0	1	0	0	0
B0AZV5	B0AZV5	uc010dxa.3	protein_coding	0	0	0	5	0	0	0	0	0	0	5	0	0	0	0	0	0	0	0	0	0	0	0	0
B0QY83	B0QY83	uc010gyf.1	protein_coding	1	4	19	63	3	0	1	0	0	0	0	0	58	19	0	0	0	0	1	0	1	0	4	1
B0QY95	B0QY95	uc003axw.3	protein_coding	0	0	0	2	0	0	0	0	0	0	2	0	0	0	0	0	0	0	0	0	0	0	0	0
B0ZTD4	B0ZTD4	uc002wsm.3	protein_coding	0	4	7	10	5	0	3	0	0	0	0	0	2	7	0	0	0	0	0	0	0	0	4	0
B1ANA8	B1ANA8	uc001iqq.2	protein_coding	0	2	0	14	2	0	2	0	0	0	0	0	11	0	0	0	0	0	1	0	0	0	1	0
B1ANA8	B1ANA8	uc001iqu.2	protein_coding	0	2	0	14	2	0	2	0	0	0	0	0	11	0	0	0	0	0	1	0	0	0	1	0
B2CW77	B2CW77	uc009xti.3	protein_coding	0	0	0	12	0	0	2	0	0	0	0	0	0	0	0	0	0	0	0	0	0	0	0	10
B2RAF7	B2RAF7	uc010qir.2	protein_coding	0	1	1	4	0	0	1	0	0	0	0	0	0	1	0	0	0	0	0	0	0	0	1	3
B2RTY4	B2RTY4	uc002atl.5	protein_coding	1	8	14	108	0	3	7	0	0	0	0	0	102	14	0	0	0	0	2	0	1	0	4	0
B2RTY4-3	B2RTY4-3	uc002ato.4	protein_coding	0	6	3	50	1	3	7	0	0	0	0	0	42	3	0	0	0	0	0	0	0	0	3	0
B2RTY4-4	B2RTY4-4	uc002atn.1	protein_coding	0	5	9	63	1	0	0	0	0	0	0	0	58	9	0	0	0	0	1	0	0	0	4	5
B2RWP9	B2RWP9	uc010cnx.4	protein_coding	3	6	8	113	5	0	0	0	0	0	0	0	109	8	0	0	0	0	1	0	3	0	5	0
B3KML2	B3KML2	uc003ykq.3	protein_coding	0	1	0	22	0	0	0	0	0	0	0	0	12	0	0	0	0	0	0	0	0	0	1	10
B3KNW7	B3KNW7	uc002mqh.4	protein_coding	2	6	4	55	1	2	7	0	0	0	4	0	43	4	0	0	0	1	0	0	1	0	4	1
B3KR45	B3KR45	uc002fmk.2	protein_coding	0	2	0	19	4	1	2	0	0	0	0	0	6	0	0	0	0	0	0	0	0	0	1	7
B3KRB7	B3KRB7	uc010lxj.2	protein_coding	2	3	5	55	1	0	1	0	0	0	0	0	54	5	0	0	0	0	1	0	2	0	2	0
B3KRG4	B3KRG4	uc001ydy.1	protein_coding	0	2	3	16	0	0	0	0	0	0	5	0	6	3	0	0	0	0	0	0	0	0	2	5
B3KRG4	B3KRG4	uc010avh.1	protein_coding	0	2	4	32	19	0	0	0	0	0	0	0	10	4	0	0	0	0	0	0	0	0	2	3
B3KSR9	B3KSR9	uc002coq.3	protein_coding	2	5	7	34	0	1	2	0	0	0	0	0	14	7	0	0	0	0	1	0	2	0	3	19
B3KUB2	B3KUB2	uc010muy.4	protein_coding	2	5	5	94	7	0	2	0	0	0	0	0	72	5	0	0	0	0	2	0	2	0	3	15
B3KUR1	B3KUR1	uc010fbk.3	protein_coding	1	0	0	26	4	0	0	0	0	0	17	0	5	0	0	0	0	0	0	0	0	1	0	0
B3KVS8	B3KVS8	uc001opr.3	protein_coding	0	1	3	30	3	0	0	0	0	0	0	0	25	3	0	0	0	0	2	0	0	0	0	3
B3KVS8	B3KVS8	uc001ops.3	protein_coding	0	1	3	23	3	0	2	0	0	0	0	0	19	3	0	0	0	0	2	0	0	0	0	0
B3KVT9	B3KVT9	uc001zrp.3	protein_coding	0	3	3	14	1	0	0	0	0	0	1	0	9	3	0	0	0	0	1	0	0	0	2	4
B3KW94	B3KW94	uc010fbw.2	protein_coding	1	0	3	40	14	0	0	0	0	0	0	0	24	3	0	0	0	0	0	0	1	0	0	2
B3KWM9	B3KWM9	uc031ppx.1	protein_coding	0	0	0	1	0	0	0	0	0	0	1	0	0	0	0	0	0	0	0	0	0	0	0	0
B3KWW1	B3KWW1	uc010mji.3	protein_coding	0	0	0	2	0	0	0	0	0	0	2	0	0	0	0	0	0	0	0	0	0	0	0	0
B3KWX7	B3KWX7	uc002xdz.3	protein_coding	0	1	5	45	1	0	1	0	0	0	0	0	33	5	0	0	0	0	1	0	0	0	1	10
B3KXN5	B3KXN5	uc001kwp.3	protein_coding	1	2	1	48	2	0	1	0	0	0	0	0	46	1	0	0	1	0	0	0	0	0	2	0
B3KY41	B3KY41	uc003ajn.2	protein_coding	0	7	8	48	3	1	2	0	0	0	0	0	36	8	0	0	0	0	3	0	0	0	3	10
B3W695	B3W695	uc010kjb.1	protein_coding	4	9	17	136	3	0	1	0	0	0	4	0	129	17	0	0	0	0	2	0	4	0	8	0
B4DDI0	B4DDI0	uc001dig.4	protein_coding	0	0	0	5	0	0	0	0	0	0	5	0	0	0	0	0	0	0	0	0	0	0	0	0
B4DEB1	B4DEB1	uc010pvl.2	protein_coding	0	1	1	11	0	0	1	0	0	0	2	0	8	1	0	0	0	0	1	0	0	0	0	0
B4DEG0	B4DEG0	uc011khd.1	protein_coding	1	0	0	18	0	0	3	0	0	0	0	0	15	0	0	0	1	0	0	0	0	0	0	1
B4DES0	B4DES0	uc010whp.2	protein_coding	0	4	5	54	4	0	0	0	0	0	0	0	51	5	0	0	0	0	1	0	0	0	3	0
B4DF26	B4DF26	uc010uwe.2	protein_coding	0	1	0	1	0	1	1	0	0	0	0	0	0	0	0	0	0	0	0	0	0	0	0	0
B4DFY5	B4DFY5	uc010ujp.2	protein_coding	1	0	3	38	3	0	0	0	0	0	0	0	35	3	0	0	0	0	0	0	1	0	0	0
B4DGH1	B4DGH1	uc010hcc.2	protein_coding	1	3	2	36	4	0	0	0	0	0	0	0	30	2	0	0	0	0	0	0	1	0	3	2
B4DGH1	B4DGH1	uc011asv.2	protein_coding	1	3	2	34	4	0	0	0	0	0	0	0	29	2	0	0	0	0	0	0	1	0	3	1
B4DGK7	B4DGK7	uc010wej.2	protein_coding	1	0	0	0	0	0	0	0	0	0	0	0	0	0	0	0	0	0	0	1	0	0	0	0
B4DGQ0	B4DGQ0	uc010wdz.2	protein_coding	0	3	2	54	14	1	3	0	0	0	0	0	37	2	0	0	0	0	1	0	0	0	2	0
B4DGX8	B4DGX8	uc010qez.1	protein_coding	3	11	11	92	3	0	2	0	0	0	11	0	62	11	0	0	0	0	1	0	3	0	10	15
B4DGY0	B4DGY0	uc011dxl.1	protein_coding	1	2	2	59	1	0	1	0	0	0	9	0	47	2	0	0	0	0	1	0	1	0	2	1
B4DI13	B4DI13	uc010hgk.3	protein_coding	0	2	0	55	0	0	2	0	0	0	16	0	32	0	0	0	0	0	0	0	0	0	2	5
B4DI37	B4DI37	uc010hmg.4	protein_coding	0	1	0	38	8	1	2	0	0	0	0	0	0	0	0	0	0	0	0	0	0	0	0	28
B4DI41	B4DI41	uc010xdi.2	protein_coding	0	4	8	25	2	0	0	0	0	0	3	0	20	8	0	0	0	0	0	0	0	0	4	0
B4DI49	B4DI49	uc010vur.1	protein_coding	0	10	12	37	0	0	0	0	1	0	19	0	19	11	0	0	0	0	2	0	0	0	9	0
B4DI87	B4DI87	uc010gyc.1	protein_coding	0	0	0	3	0	0	0	0	0	0	3	0	0	0	0	0	0	0	0	0	0	0	0	0
B4DIA2	B4DIA2	uc011dne.2	protein_coding	4	16	13	40	1	0	1	0	0	0	0	1	37	13	0	0	0	0	5	0	3	0	11	6
B4DIG6	B4DIG6	uc010wdb.2	protein_coding	0	7	2	25	11	1	1	0	0	0	0	0	13	2	0	0	0	0	0	0	0	0	6	0
B4DIL8	B4DIL8	uc010uvw.2	protein_coding	3	7	13	104	0	0	0	0	0	0	0	0	104	13	0	0	0	0	2	0	3	0	5	2
B4DJ00	B4DJ00	uc011kyi.2	protein_coding	1	2	2	42	2	0	0	0	0	0	0	0	38	2	0	0	0	0	2	0	1	0	0	4
B4DJ00	B4DJ00	uc011kyk.2	protein_coding	0	1	2	34	2	0	0	0	0	0	0	0	31	2	0	0	0	0	1	0	0	0	0	2
B4DJH2	B4DJH2	uc001cer.2	protein_coding	0	8	6	8	4	0	0	0	0	0	0	0	5	6	0	0	0	0	2	0	0	0	7	0
B4DJI4	B4DJI4	uc010wdy.1	protein_coding	0	3	4	18	0	1	3	0	0	0	1	0	14	4	0	0	0	0	0	0	0	0	2	0
B4DJY1	B4DJY1	uc010qdf.2	protein_coding	0	0	0	7	4	0	0	0	0	0	3	0	0	0	0	0	0	0	0	0	0	0	0	0
B4DJY7	B4DJY7	uc010oop.1	protein_coding	0	0	0	18	0	0	0	0	0	0	0	0	0	0	0	0	0	0	0	0	0	0	0	18
B4DJZ5	B4DJZ5	uc010toj.1	protein_coding	0	0	0	2	0	0	0	0	0	0	2	0	0	0	0	0	0	0	0	0	0	0	0	0
B4DK39	B4DK39	uc010xlb.2	protein_coding	0	0	0	2	0	0	0	0	0	0	2	0	0	0	0	0	0	0	0	0	0	0	0	0
B4DKT3	B4DKT3	uc010qaq.1	protein_coding	0	2	1	18	1	0	0	0	0	0	11	0	5	1	0	0	0	0	0	0	0	0	2	1
B4DKX2	B4DKX2	uc010qdg.2	protein_coding	0	0	2	16	4	0	0	0	0	0	2	0	10	2	0	0	0	0	0	0	0	0	0	0
B4DLK6	B4DLK6	uc010vtt.2	protein_coding	0	0	0	2	0	0	0	0	0	0	0	0	0	0	0	0	0	0	0	0	0	0	0	2
B4DLM1	B4DLM1	uc010rtk.2	protein_coding	0	0	0	33	2	0	0	0	0	0	0	0	30	0	0	0	0	0	0	0	0	0	0	1
B4DLW8	B4DLW8	uc010wqa.1	protein_coding	0	1	2	17	0	0	0	0	0	0	0	0	13	2	0	0	0	0	0	0	0	0	1	4
B4DMS2	B4DMS2	uc011aos.1	protein_coding	0	0	0	8	0	0	0	0	0	0	8	0	0	0	0	0	0	0	0	0	0	0	0	0
B4DMV4	B4DMV4	uc003dor.1	protein_coding	2	0	1	31	9	0	0	0	0	0	2	0	20	1	0	0	0	0	0	0	2	0	0	0
B4DNM4	B4DNM4	uc010cnu.3	protein_coding	1	2	1	14	0	0	2	0	0	0	0	0	10	1	0	0	0	0	0	0	1	0	2	2
B4DNQ5	B4DNQ5	uc011jyq.1	protein_coding	0	0	2	10	0	0	0	0	0	0	2	0	6	2	0	0	0	0	0	0	0	0	0	2
B4DNV3	B4DNV3	uc011jyp.1	protein_coding	0	0	0	12	0	0	0	0	0	0	2	0	8	0	0	0	0	0	0	0	0	0	0	2
B4DPR4	B4DPR4	uc011aus.3	protein_coding	0	0	0	12	0	0	0	0	0	0	12	0	0	0	0	0	0	0	0	0	0	0	0	0
B4DQB8	B4DQB8	uc010pgb.2	protein_coding	0	0	0	1	0	0	0	0	0	0	1	0	0	0	0	0	0	0	0	0	0	0	0	0
B4DQW1	B4DQW1	uc010ser.2	protein_coding	0	2	0	23	0	1	2	0	0	0	1	0	8	0	0	0	0	0	1	0	0	0	0	13
B4DR85	B4DR85	uc011aab.2	protein_coding	0	0	0	6	0	0	0	0	0	0	0	0	0	0	0	0	0	0	0	0	0	0	0	6
B4DR85	B4DR85	uc011aac.2	protein_coding	0	0	0	6	0	0	0	0	0	0	0	0	0	0	0	0	0	0	0	0	0	0	0	6
B4DR85	B4DR85	uc011aad.2	protein_coding	0	0	0	6	0	0	0	0	0	0	0	0	0	0	0	0	0	0	0	0	0	0	0	6
B4DR85	B4DR85	uc011aae.2	protein_coding	0	0	0	6	0	0	0	0	0	0	0	0	0	0	0	0	0	0	0	0	0	0	0	6
B4DRD1	B4DRD1	uc010sdy.1	protein_coding	0	0	0	12	0	0	1	0	0	0	0	0	8	0	0	0	0	0	0	0	0	0	0	3
B4DRT1	B4DRT1	uc002zyg.2	protein_coding	0	0	4	19	0	0	0	0	0	0	6	0	13	4	0	0	0	0	0	0	0	0	0	0
B4DRU3	B4DRU3	uc011blb.1	protein_coding	0	14	8	59	11	0	0	0	0	0	0	0	40	8	0	0	0	0	4	0	0	0	10	12
B4DS79	B4DS79	uc011ako.2	protein_coding	0	4	5	48	5	0	1	0	0	0	0	0	35	5	0	0	0	0	0	0	0	0	4	7
B4DSR7	B4DSR7	uc011aaa.1	protein_coding	0	1	3	34	0	0	0	0	0	0	6	0	28	3	0	0	0	0	0	0	0	0	1	0
B4DSV9	B4DSV9	uc011bhd.2	protein_coding	0	0	0	15	0	0	0	0	0	0	15	0	0	0	0	0	0	0	0	0	0	0	0	0
B4DT31	B4DT31	uc010orm.2	protein_coding	0	0	5	23	1	0	0	0	0	0	3	0	19	5	0	0	0	0	1	0	0	0	0	0
B4DTL2	B4DTL2	uc011ctv.2	protein_coding	0	1	0	48	1	0	0	0	0	0	0	0	43	0	0	0	0	0	0	0	0	0	1	4
B4DTM2	B4DTM2	uc002ysy.3	protein_coding	1	5	4	86	6	1	2	0	0	0	2	0	77	4	0	0	0	0	1	0	1	0	3	0
B4DTM2	B4DTM2	uc010gmj.3	protein_coding	2	5	3	86	6	1	2	0	0	0	2	0	77	3	0	0	0	0	1	1	1	0	3	0
B4DTQ2	B4DTQ2	uc021vzg.1	protein_coding	2	4	12	69	11	0	0	0	0	0	1	0	58	12	0	0	0	0	1	0	2	0	3	0
B4DTR1	B4DTR1	uc010wek.2	protein_coding	4	7	9	53	2	0	0	0	0	0	4	0	48	9	0	0	1	0	0	0	3	0	7	0
B4DTS5	B4DTS5	uc010wbz.2	protein_coding	2	2	2	23	0	0	0	0	0	0	11	0	13	2	0	0	1	0	1	0	1	0	2	0
B4DTV8	B4DTV8	uc011mbg.2	protein_coding	2	3	7	75	1	0	0	0	0	0	6	0	69	7	0	0	1	0	0	0	1	0	3	0
B4DU77	B4DU77	uc010ycl.2	protein_coding	0	1	1	19	0	0	0	0	0	0	0	0	16	1	0	0	0	0	0	0	0	0	1	3
B4DUN1	B4DUN1	uc011dot.2	protein_coding	0	0	0	33	0	0	2	0	0	0	0	0	0	0	0	0	0	0	0	0	0	0	0	31
B4DUS5	B4DUS5	uc010sep.2	protein_coding	0	0	0	3	0	0	0	0	0	0	3	0	0	0	0	0	0	0	0	0	0	0	0	0
B4DUS5	B4DUS5	uc010seq.2	protein_coding	0	0	0	3	0	0	0	0	0	0	3	0	0	0	0	0	0	0	0	0	0	0	0	0
B4DVC0	B4DVC0	uc011bnc.1	protein_coding	0	1	1	40	0	0	2	0	0	0	7	0	28	1	0	0	0	0	0	0	0	0	1	3
B4DVE3	B4DVE3	uc011aot.1	protein_coding	0	0	0	10	0	0	0	0	0	0	10	0	0	0	0	0	0	0	0	0	0	0	0	0
B4DVJ6	B4DVJ6	uc010sdz.2	protein_coding	0	0	1	10	1	0	0	0	0	0	0	0	6	1	0	0	0	0	0	0	0	0	0	3
B4DVJ7	B4DVJ7	uc010vfi.2	protein_coding	0	1	2	14	0	0	1	0	0	0	10	0	3	2	0	0	0	0	0	0	0	0	1	0
B4DVP3	B4DVP3	uc010xkf.2	protein_coding	0	0	2	38	2	0	2	0	0	0	15	0	17	2	0	0	0	0	0	0	0	0	0	2
B4DVY5	B4DVY5	uc011alg.2	protein_coding	0	2	4	46	3	0	1	0	0	0	0	0	33	4	0	0	0	0	1	0	0	0	1	10
B4DZB0	B4DZB0	uc001wxt.2	protein_coding	1	1	5	23	0	0	0	0	0	0	2	1	16	5	0	0	0	0	0	0	0	0	1	5
B4DZH5	B4DZH5	uc010ugm.1	protein_coding	1	1	7	87	2	0	0	0	0	0	6	0	79	7	0	0	0	0	0	0	1	0	1	0
B4DZI3	B4DZI3	uc011bmp.3	protein_coding	0	2	2	34	0	0	0	0	0	0	0	0	32	2	0	0	0	0	0	0	0	0	2	2
B4DZP2	B4DZP2	uc010ugq.2	protein_coding	1	1	1	31	7	0	0	0	0	0	1	0	14	1	0	0	0	0	0	0	1	0	1	9
B4DZP2	B4DZP2	uc010ugr.1	protein_coding	1	1	1	18	0	0	1	0	0	0	3	0	5	1	0	0	0	0	1	0	1	0	1	9
B4DZU4	B4DZU4	uc010rvx.1	protein_coding	0	0	0	56	1	0	0	0	0	0	3	0	52	0	0	0	0	0	0	0	0	0	0	0
B4E0E9	B4E0E9	uc010srp.1	protein_coding	0	0	0	5	0	0	0	0	0	0	5	0	0	0	0	0	0	0	0	0	0	0	0	0
B4E0F1	B4E0F1	uc002mqi.1	protein_coding	1	3	6	35	0	0	0	0	0	0	4	0	25	6	0	0	0	1	0	0	0	0	3	7
B4E0F1	B4E0F1	uc010dxt.1	protein_coding	1	3	8	48	0	0	0	0	0	0	4	0	34	8	0	0	0	1	0	0	0	0	3	11
B4E0M4	B4E0M4	uc011dow.2	protein_coding	0	0	0	12	0	0	0	0	0	0	0	0	0	0	0	0	0	0	0	0	0	0	0	12
B4E0X2	B4E0X2	uc011auu.2	protein_coding	1	1	3	32	1	0	0	0	0	0	0	0	31	3	0	0	0	0	0	0	1	0	1	0
B4E117	B4E117	uc011ajb.1	protein_coding	0	0	4	19	0	0	0	0	0	0	6	0	13	4	0	0	0	0	0	0	0	0	0	0
B4E174	B4E174	uc010otg.2	protein_coding	0	0	0	4	0	0	0	0	0	0	4	0	0	0	0	0	0	0	0	0	0	0	0	0
B4E1A4	B4E1A4	uc001qmz.2	protein_coding	0	1	1	22	0	0	1	0	0	0	1	0	8	1	0	0	0	0	1	0	0	0	0	13
B4E1N6	B4E1N6	uc011aut.2	protein_coding	0	2	3	26	1	1	1	0	0	0	0	0	22	3	0	0	0	0	0	0	0	0	1	2
B4E1W1	B4E1W1	uc010ugo.2	protein_coding	2	2	2	46	7	1	1	0	0	0	1	0	35	2	0	0	0	0	0	0	2	0	1	2
B4E227	B4E227	uc010rmh.1	protein_coding	1	2	0	26	2	1	1	0	0	0	11	0	8	0	0	0	0	0	1	0	1	0	0	5
B4E2K3	B4E2K3	uc011bnh.2	protein_coding	0	0	0	9	0	0	0	0	0	0	0	0	0	0	0	0	0	0	0	0	0	0	0	9
B4E2R5	B4E2R5	uc010xpy.1	protein_coding	0	1	1	23	1	0	0	0	0	0	15	0	8	1	0	0	0	0	1	0	0	0	0	0
B4E2U8	B4E2U8	uc011ddw.2	protein_coding	1	1	5	70	5	1	3	0	0	0	0	0	58	5	0	0	0	0	1	1	0	0	0	4
B4E2U8	B4E2U8	uc011ddx.3	protein_coding	0	1	8	67	5	0	0	0	0	0	0	0	62	8	0	0	0	0	2	0	0	0	1	0
B4E2Z1	B4E2Z1	uc010rnp.1	protein_coding	0	0	0	29	0	0	0	0	0	0	0	0	0	0	0	0	0	0	0	0	0	0	0	29
B4E358	B4E358	uc001opx.3	protein_coding	0	4	1	39	5	1	1	0	0	0	0	0	23	1	0	0	0	0	1	0	0	0	2	11
B4E358	B4E358	uc010rqm.2	protein_coding	1	3	3	39	1	0	0	0	0	0	1	0	29	3	0	0	0	0	1	0	0	1	2	9
B4E3A6	B4E3A6	uc010syw.1	protein_coding	0	0	0	19	2	0	3	0	0	0	7	0	7	0	0	0	0	0	0	0	0	0	0	0
B4E3D3	B4E3D3	uc010oys.2	protein_coding	0	2	4	12	8	0	1	0	0	0	0	0	1	4	0	0	0	0	2	0	0	0	1	3
B4E3L5	B4E3L5	uc010pcl.2	protein_coding	1	5	2	31	0	3	6	0	0	0	1	0	26	2	0	0	1	0	1	0	0	0	1	0
B4E3N8	B4E3N8	uc031qwf.1	protein_coding	0	0	3	18	2	0	4	0	0	0	8	0	4	3	0	0	0	0	0	0	0	0	0	0
B5A958	B5A958	uc011lbt.1	protein_coding	0	1	0	47	0	0	0	0	0	0	12	0	34	0	0	0	0	0	1	0	0	0	0	2
B5A959	B5A959	uc011lbx.1	protein_coding	0	1	2	40	0	0	0	0	0	0	8	0	31	2	0	0	0	0	1	0	0	0	0	2
B5A963	B5A963	uc010qto.2	protein_coding	1	3	0	43	0	0	0	0	0	0	4	0	39	0	0	0	0	0	0	0	1	0	3	0
B5AK60	B5AK60	uc011khc.2	protein_coding	0	3	4	80	1	0	1	0	0	0	0	0	75	4	0	0	0	0	0	0	0	0	3	3
B5MC14	B5MC14	uc011jyo.1	protein_coding	0	0	0	12	0	0	0	0	0	0	2	0	8	0	0	0	0	0	0	0	0	0	0	2
B5MC38	B5MC38	uc002etm.1	protein_coding	0	1	1	19	6	0	0	0	0	0	0	0	10	1	0	0	0	0	0	0	0	0	1	3
B5MCI0	B5MCI0	uc003ajo.2	protein_coding	0	2	3	44	3	0	1	0	0	0	0	0	25	3	0	0	0	0	1	0	0	0	1	16
B5MCI0	B5MCI0	uc010gwe.2	protein_coding	0	2	3	43	3	0	0	0	0	0	0	0	25	3	0	0	0	0	1	0	0	0	1	16
B5ME56	B5ME56	uc009yps.2	protein_coding	0	0	0	4	0	0	0	0	0	0	4	0	0	0	0	0	0	0	0	0	0	0	0	0
B6VEX3	B6VEX3	uc010qdj.2	protein_coding	0	0	2	31	4	0	0	0	0	0	2	0	25	2	0	0	0	0	0	0	0	0	0	0
B6VEX4	B6VEX4	uc010qdk.2	protein_coding	0	0	2	31	4	0	0	0	0	0	2	0	25	2	0	0	0	0	0	0	0	0	0	0
B7Z1U5	B7Z1U5	uc010qco.1	protein_coding	1	4	2	61	5	1	2	0	0	0	0	0	56	2	0	0	0	0	2	0	1	0	1	0
B7Z1Y1	B7Z1Y1	uc010qes.2	protein_coding	0	1	3	36	0	0	0	0	0	0	5	0	32	3	0	0	0	0	1	0	0	0	0	0
B7Z2B8	B7Z2B8	uc010uvu.1	protein_coding	0	0	1	41	0	0	0	0	0	0	24	0	15	1	0	0	0	0	0	0	0	0	0	2
B7Z2U3	B7Z2U3	uc010qcn.2	protein_coding	1	1	2	48	0	1	2	0	0	0	4	0	42	2	0	0	0	0	0	0	1	0	0	0
B7Z2W5	B7Z2W5	uc010pog.2	protein_coding	1	5	2	98	12	0	0	0	0	0	0	0	88	2	0	0	0	0	3	0	1	0	3	0
B7Z2W5	B7Z2W5	uc010poh.2	protein_coding	1	5	2	98	12	0	0	0	0	0	0	0	88	2	0	0	0	0	3	0	1	0	3	0
B7Z382	B7Z382	uc010qqp.2	protein_coding	1	2	1	36	2	0	1	0	0	0	0	0	34	1	0	0	1	0	0	0	0	0	2	0
B7Z389	B7Z389	uc010pof.1	protein_coding	0	3	1	84	0	0	0	0	0	0	4	0	82	1	0	0	0	0	3	0	0	0	1	0
B7Z3E7	B7Z3E7	uc010udq.1	protein_coding	3	3	13	34	0	0	1	0	0	0	5	0	26	13	0	0	0	0	1	0	3	0	3	2
B7Z3T9	B7Z3T9	uc011ahy.2	protein_coding	0	9	15	82	0	1	1	0	0	0	0	0	67	15	0	0	0	0	6	0	0	0	4	18
B7Z5I0	B7Z5I0	uc010ldy.1	protein_coding	0	0	3	51	1	0	2	0	0	0	1	0	47	3	0	0	0	0	0	0	0	0	0	0
B7Z5N5	B7Z5N5	uc010xdd.2	protein_coding	0	0	2	18	0	0	1	0	0	0	2	0	15	2	0	0	0	0	0	0	0	0	0	0
B7Z755	B7Z755	uc011lnf.1	protein_coding	1	1	4	42	2	0	0	0	0	1	0	0	38	3	0	0	0	0	1	0	1	0	1	2
B7Z7D7	B7Z7D7	uc003fpy.3	protein_coding	1	2	5	31	8	0	0	0	0	0	0	0	23	5	0	0	0	0	0	0	1	0	2	0
B7Z7T4	B7Z7T4	uc011lbn.2	protein_coding	0	0	0	3	0	0	0	0	0	0	0	0	0	0	0	0	0	0	0	0	0	0	0	3
B7Z7U9	B7Z7U9	uc011bmd.1	protein_coding	0	2	4	40	0	0	0	0	0	0	8	0	25	4	0	0	0	0	0	0	0	0	2	7
B7Z7Z5	B7Z7Z5	uc001qky.1	protein_coding	1	5	5	44	1	3	3	0	0	0	0	0	33	5	0	0	1	0	0	0	0	0	2	8
B7Z7Z5	B7Z7Z5	uc010sea.1	protein_coding	1	5	8	72	1	0	0	0	0	0	0	0	71	8	0	0	1	0	2	0	0	0	3	3
B7Z844	B7Z844	uc010sgg.2	protein_coding	0	2	1	34	4	1	2	0	0	0	0	0	25	1	0	0	0	0	0	0	0	0	1	3
B7Z8K5	B7Z8K5	uc011kui.2	protein_coding	0	1	3	22	4	0	0	0	0	0	8	0	11	3	0	0	0	0	2	0	0	0	0	0
B7Z8W0	B7Z8W0	uc011bsg.2	protein_coding	0	2	4	100	12	0	0	0	0	0	0	0	86	4	0	0	0	0	0	0	0	0	2	2
B7Z921	B7Z921	uc011dbt.2	protein_coding	0	2	7	19	1	0	0	0	0	0	0	0	18	7	0	0	0	0	1	0	0	0	1	1
B7Z962	B7Z962	uc011bmr.2	protein_coding	0	0	0	16	0	0	0	0	0	0	0	0	0	0	0	0	0	0	0	0	0	0	0	16
B7Z9R6	B7Z9R6	uc011efr.2	protein_coding	3	1	4	28	8	0	0	0	0	0	0	0	7	4	0	0	0	0	0	1	2	0	1	13
B7Z9S7	B7Z9S7	uc011ahx.1	protein_coding	1	2	0	28	3	0	0	0	0	0	15	0	11	0	0	0	1	0	1	0	0	0	2	0
B7Z9Y6	B7Z9Y6	uc003qoq.4	protein_coding	2	6	9	49	6	1	2	0	0	0	1	0	38	9	0	0	1	0	1	0	1	0	4	3
B7Z9Y6	B7Z9Y6	uc011eez.2	protein_coding	2	4	9	48	6	0	0	0	0	0	1	0	38	9	0	0	1	0	0	0	1	0	4	4
B7ZAC3	B7ZAC3	uc010sgh.2	protein_coding	0	1	1	38	4	0	0	0	0	0	0	0	34	1	0	0	0	0	0	0	0	0	1	0
B7ZKT6	B7ZKT6	uc010tql.2	protein_coding	1	3	7	62	1	0	0	0	0	0	0	0	63	7	0	0	0	0	2	0	1	0	1	0
B7ZL11	B7ZL11	uc011lbm.2	protein_coding	3	4	4	45	0	0	0	0	0	0	0	0	46	4	0	0	0	0	2	0	3	0	3	0
B7ZL12	B7ZL12	uc011mbw.1	protein_coding	0	4	2	77	10	1	1	0	0	0	0	0	66	2	0	0	0	0	0	0	0	0	3	0
B7ZL13	B7ZL13	uc011mbv.1	protein_coding	0	4	2	77	10	1	1	0	0	0	0	0	66	2	0	0	0	0	0	0	0	0	3	0
B7ZL14	B7ZL14	uc004bza.2	protein_coding	0	3	2	78	10	1	1	0	0	0	0	0	67	2	0	0	0	0	0	0	0	0	2	0
B7ZLI8	B7ZLI8	uc003nyt.3	protein_coding	0	0	0	15	0	0	0	0	0	0	0	0	0	0	0	0	0	0	0	0	0	0	0	15
B7ZM78	B7ZM78	uc010ypa.1	protein_coding	5	4	8	88	14	1	1	0	0	0	0	0	74	8	0	0	1	0	0	0	4	0	3	0
B7ZM88	B7ZM88	uc021tgf.1	protein_coding	1	14	9	54	1	2	2	0	0	0	21	0	31	9	0	0	0	0	2	0	1	0	11	0
B7ZMI3	B7ZMI3	uc011asu.2	protein_coding	1	4	4	236	4	0	2	0	0	0	0	0	231	4	0	0	0	0	1	0	1	0	3	0
B8ZZ43	B8ZZ43	uc003sxv.3	protein_coding	0	0	0	5	0	0	0	0	0	0	0	0	0	0	0	0	0	0	0	0	0	0	0	5
B8ZZB2	B8ZZB2	uc010fik.3	protein_coding	0	1	4	72	2	0	1	0	0	0	0	0	69	4	0	0	0	0	1	0	0	0	1	0
B8ZZU0	B8ZZU0	uc031rba.1	protein_coding	0	0	0	1	0	0	0	0	0	0	0	0	0	0	0	0	0	0	0	0	0	0	0	1
B9EGU6	B9EGU6	uc010pmt.2	protein_coding	1	2	5	32	1	0	0	0	0	0	3	0	28	5	0	0	0	0	1	0	1	0	1	1
C3S3G0	C3S3G0	uc021vuy.1	protein_coding	0	1	1	13	0	0	0	0	0	0	6	0	5	1	0	0	0	0	0	0	0	0	1	2
C6EVS3	C6EVS3	uc010udf.1	protein_coding	0	5	8	65	2	0	0	0	0	0	0	0	55	8	0	0	0	0	4	0	0	0	2	11
C6EVS4	C6EVS4	uc010udg.1	protein_coding	0	4	7	67	2	0	0	0	0	0	0	0	56	7	0	0	0	0	3	0	0	0	2	11
C6YB45	C6YB45	uc010whm.2	protein_coding	0	2	3	58	4	0	0	0	0	0	0	0	54	3	0	0	0	0	0	0	0	0	2	0
C6YB46	C6YB46	uc010who.3	protein_coding	0	0	3	60	4	0	0	0	0	0	0	0	56	3	0	0	0	0	0	0	0	0	0	0
C9IYU9	C9IYU9	uc003fiy.2	protein_coding	0	0	0	29	0	0	0	0	0	0	6	0	23	0	0	0	0	0	0	0	0	0	0	0
C9J0Q5	C9J0Q5	uc021rgc.1	protein_coding	5	23	30	223	10	0	2	0	1	0	0	2	218	29	0	0	2	0	7	0	1	0	18	0
C9J167	C9J167	uc003spj.3	protein_coding	1	2	1	43	0	0	0	0	0	0	0	0	33	1	0	0	1	0	1	0	0	0	1	12
C9J183	C9J183	uc001ttl.1	protein_coding	0	0	0	1	0	0	0	0	0	0	1	0	0	0	0	0	0	0	0	0	0	0	0	0
C9J330	C9J330	uc001ugk.1	protein_coding	1	3	4	70	0	0	2	0	0	0	5	0	62	4	0	0	0	0	0	0	1	0	3	1
C9J3F9	C9J3F9	uc010xla.2	protein_coding	1	1	4	28	2	0	1	0	0	0	0	0	25	4	0	0	0	0	0	0	1	0	1	0
C9J5X1	C9J5X1	uc010bon.3	protein_coding	0	3	7	123	31	0	1	0	0	0	1	0	89	7	0	1	0	0	1	0	0	0	2	1
C9J837	C9J837	uc010fnf.3	protein_coding	2	3	4	36	4	0	0	0	0	0	1	0	30	4	0	0	0	0	0	0	2	0	3	1
C9JB29	C9JB29	uc010ftd.1	protein_coding	0	2	0	18	0	1	1	0	0	0	6	0	11	0	0	0	0	0	1	0	0	0	0	0
C9JBG5	C9JBG5	uc001pqg.2	protein_coding	0	0	0	1	0	0	0	0	0	0	0	0	0	0	0	0	0	0	0	0	0	0	0	1
C9JE98	C9JE98	uc010tbc.2	protein_coding	5	23	30	223	10	0	2	0	1	0	0	2	218	29	0	0	2	0	7	0	1	0	18	0
C9JEJ9	C9JEJ9	uc010fne.1	protein_coding	0	0	0	1	0	0	0	0	0	0	0	0	0	0	0	0	0	0	0	0	0	0	0	1
C9JFD3	C9JFD3	uc010tbb.2	protein_coding	5	25	29	222	10	0	2	0	1	0	0	2	218	28	0	0	2	0	8	0	1	0	19	0
C9JTB0	C9JTB0	uc003tov.1	protein_coding	0	1	1	15	1	1	1	0	0	0	0	0	10	1	0	0	0	0	0	0	0	0	0	3
C9JUT4	C9JUT4	uc003frt.3	protein_coding	0	1	3	46	1	0	0	0	0	0	0	0	45	3	0	0	0	0	0	0	0	0	1	0
C9JZ58	C9JZ58	uc010eff.3	protein_coding	0	0	2	24	0	0	2	0	0	0	0	0	22	2	0	0	0	0	0	0	0	0	0	0
C9JZR2	C9JZR2	uc001nlh.1	protein_coding	0	7	9	31	4	0	0	0	0	0	4	0	24	9	0	0	0	0	1	0	0	0	6	0
C9WSJ4	C9WSJ4	uc022agw.1	protein_coding	0	0	1	15	1	0	1	0	0	0	4	0	9	1	0	0	0	0	0	0	0	0	0	0
D2CGD1	D2CGD1	uc031pxk.1	protein_coding	2	7	1	95	4	0	1	0	0	0	1	0	90	1	0	0	1	0	0	0	1	0	7	0
D3DR65	D3DR65	uc001kqn.4	protein_coding	0	0	0	7	0	0	0	0	0	0	0	0	0	0	0	0	0	0	0	0	0	0	0	7
D3DR65	D3DR65	uc001kqo.4	protein_coding	0	0	0	7	0	0	0	0	0	0	0	0	0	0	0	0	0	0	0	0	0	0	0	7
D3DR86	D3DR86	uc010qqk.2	protein_coding	0	0	4	34	0	0	1	0	0	0	19	0	12	4	0	0	0	0	0	0	0	0	0	2
D3DRD9	D3DRD9	uc010qtn.2	protein_coding	1	3	0	43	0	0	0	0	0	0	4	0	39	0	0	0	0	0	0	0	1	0	3	0
D3DRD9	D3DRD9	uc010qtp.2	protein_coding	1	2	0	44	0	0	0	0	0	0	11	0	33	0	0	0	0	0	0	0	1	0	2	0
D3DRD9	D3DRD9	uc010qtq.2	protein_coding	1	2	0	22	0	0	0	0	0	0	2	0	20	0	0	0	0	0	0	0	1	0	2	0
D3DRE0	D3DRE0	uc001lfo.1	protein_coding	1	2	1	43	1	0	0	0	0	0	4	0	38	1	0	0	0	0	0	0	1	0	2	0
D3DSX4	D3DSX4	uc011lbs.2	protein_coding	0	1	1	46	0	0	2	0	0	0	12	0	31	1	0	0	0	0	1	0	0	0	0	2
D3JEN0	D3JEN0	uc001qna.2	protein_coding	0	2	0	23	0	1	2	0	0	0	1	0	8	0	0	0	0	0	1	0	0	0	0	13
D3K197	D3K197	uc021xam.1	protein_coding	0	2	2	18	4	1	1	0	0	0	0	0	11	2	0	0	0	0	1	0	0	0	0	3
D5K9S8	D5K9S8	uc010pgd.2	protein_coding	0	1	1	6	0	0	0	0	0	0	5	0	0	1	0	0	0	0	0	0	0	0	1	1
D5MAV8	D5MAV8	uc010igt.2	protein_coding	0	0	1	23	0	0	0	0	0	0	9	0	7	1	0	0	0	0	0	0	0	0	0	7
D6RAU1	D6RAU1	uc009vlb.3	protein_coding	0	0	3	16	0	0	1	0	0	0	0	0	9	3	0	0	0	0	0	0	0	0	0	6
D6REZ4	D6REZ4	uc003jjq.4	protein_coding	1	4	6	51	0	0	1	0	0	0	3	0	48	6	0	0	1	0	1	0	0	0	4	0
D6RJD6	D6RJD6	uc021yem.1	protein_coding	0	3	0	11	0	1	4	0	0	0	0	0	0	0	0	0	0	0	0	0	0	0	2	7
D6RJI3	D6RJI3	uc003kuv.2	protein_coding	4	7	12	57	0	0	0	0	0	0	0	0	57	12	0	0	0	0	1	0	4	0	6	1
E1P5S2	E1P5S2	uc002xed.3	protein_coding	0	2	3	64	1	1	8	0	0	0	0	0	55	3	0	0	0	0	2	0	0	0	0	1
E2GM80	E2GM80	uc003mxd.3	protein_coding	2	3	1	25	4	2	2	0	0	0	0	0	16	1	0	0	0	0	1	0	2	0	0	4
E2GM80	E2GM80	uc010jnw.3	protein_coding	2	1	1	24	0	0	1	0	0	0	3	0	18	1	0	0	0	0	1	0	2	0	0	3
E2GM80	E2GM80	uc021yla.1	protein_coding	2	2	1	64	6	0	0	0	0	0	0	0	58	1	0	0	0	0	2	0	2	0	0	2
E2GM81	E2GM81	uc021ykz.1	protein_coding	3	9	9	48	5	0	0	0	0	0	0	0	43	9	0	0	0	0	2	0	3	0	7	2
E5KQS6	E5KQS6	uc001ock.3	protein_coding	0	0	0	2	0	0	0	0	0	0	2	0	0	0	0	0	0	0	0	0	0	0	0	0
E5RGQ4	E5RGQ4	uc003wyg.2	protein_coding	1	2	3	22	0	0	0	0	0	0	7	0	15	3	0	0	0	0	0	0	1	0	2	0
E5RGT3	E5RGT3	uc003xzr.3	protein_coding	1	0	0	17	0	0	0	0	0	0	3	1	14	0	0	0	0	0	0	0	0	0	0	0
E5RHZ1	E5RHZ1	uc003xxm.2	protein_coding	0	0	3	21	2	0	0	0	0	0	7	0	12	3	0	0	0	0	0	0	0	0	0	0
E5RIF2	E5RIF2	uc003xxl.1	protein_coding	1	2	5	62	1	0	0	0	0	0	0	0	57	5	0	0	0	0	0	0	1	0	2	4
E5RIF2	E5RIF2	uc003xxn.2	protein_coding	1	1	7	38	2	0	0	0	0	0	7	0	29	7	0	0	0	0	0	0	1	0	1	0
E5RJT5	E5RJT5	uc021pls.1	protein_coding	1	0	1	13	1	0	2	0	0	0	0	0	11	1	0	0	1	0	0	0	0	0	0	0
E7EMA5	E7EMA5	uc011afy.1	protein_coding	0	9	9	119	0	0	0	0	0	0	17	0	105	9	0	0	0	0	3	0	0	0	6	0
E7ENW2	E7ENW2	uc011bhi.2	protein_coding	1	4	9	55	4	0	0	0	0	0	1	0	48	9	0	0	0	0	0	0	1	0	4	2
E7EPB7	E7EPB7	uc011mbu.1	protein_coding	0	2	1	37	10	0	0	0	0	0	0	0	23	1	0	0	0	0	0	0	0	0	2	4
E7EPX7	E7EPX7	uc003bqc.3	protein_coding	5	20	16	204	4	0	2	0	0	0	0	0	202	16	0	0	1	0	5	0	4	0	17	0
E7EQB3	E7EQB3	uc010yeo.2	protein_coding	0	0	0	16	0	0	0	0	0	0	0	0	0	0	0	0	0	0	0	0	0	0	0	16
E7EQR4	E7EQR4	uc011efs.2	protein_coding	3	3	8	43	8	0	0	0	0	0	0	0	37	8	0	0	0	0	2	0	3	0	1	0
E7EQS8	E7EQS8	uc011cez.2	protein_coding	5	3	13	35	0	0	0	0	0	0	0	0	35	13	0	0	0	0	0	0	5	0	3	0
E7EQT3	E7EQT3	uc002sks.1	protein_coding	3	6	7	83	0	0	0	0	0	0	2	0	82	7	0	0	1	0	2	0	2	0	5	1
E7ER32	E7ER32	uc010gye.1	protein_coding	1	4	17	65	7	0	1	0	0	0	0	0	56	17	0	0	0	0	1	0	1	0	4	1
E7ER33	E7ER33	uc010efi.2	protein_coding	0	1	2	11	0	0	2	0	0	0	0	0	7	2	0	0	0	0	0	0	0	0	1	2
E7ER33	E7ER33	uc010efj.2	protein_coding	0	2	2	5	0	1	3	0	0	0	0	0	1	2	0	0	0	0	0	0	0	0	1	1
E7ER33	E7ER33	uc010xtn.2	protein_coding	0	2	4	29	0	1	1	0	0	0	0	0	28	4	0	0	0	0	0	0	0	0	1	0
E7ER74	E7ER74	uc010lzl.1	protein_coding	0	1	2	52	0	0	0	0	0	0	11	0	41	2	0	0	0	0	0	0	0	0	1	0
E7ER74	E7ER74	uc011lfg.2	protein_coding	0	2	3	93	1	0	0	0	0	0	1	0	91	3	0	0	0	0	0	0	0	0	2	0
E7ERJ0	E7ERJ0	uc002ysx.3	protein_coding	1	5	3	87	6	1	2	0	0	0	2	0	78	3	0	0	0	0	1	0	1	0	3	0
E7ERJ1	E7ERJ1	uc002ytc.1	protein_coding	1	3	4	51	0	0	0	0	0	0	4	0	44	4	0	0	0	0	0	0	1	0	3	3
E7ES00	E7ES00	uc002jfh.3	protein_coding	1	3	5	24	9	0	0	0	0	0	0	0	14	5	0	0	0	0	0	0	1	0	3	1
E7ES00	E7ES00	uc010den.1	protein_coding	0	2	4	16	0	0	0	0	0	0	13	0	3	4	0	0	0	0	0	0	0	0	2	0
E7ESA8	E7ESA8	uc010yek.1	protein_coding	0	0	0	9	0	0	2	0	0	0	0	0	0	0	0	0	0	0	0	0	0	0	0	7
E7ESM1	E7ESM1	uc011lji.1	protein_coding	0	0	1	68	9	0	0	0	0	0	0	0	57	1	0	0	0	0	0	0	0	0	0	2
E7ESN7	E7ESN7	uc011czj.1	protein_coding	0	0	0	1	0	0	0	0	0	0	1	0	0	0	0	0	0	0	0	0	0	0	0	0
E7ETA6	E7ETA6	uc011kyh.2	protein_coding	3	7	11	61	2	0	0	0	0	0	0	0	61	11	0	0	0	0	3	0	3	0	5	0
E7ETB7	E7ETB7	uc002uxs.1	protein_coding	0	2	1	16	0	1	3	0	0	0	6	0	7	1	0	0	0	0	0	0	0	0	1	0
E7ETR2	E7ETR2	uc010whl.2	protein_coding	0	4	5	54	4	0	0	0	0	0	0	0	50	5	0	0	0	0	1	0	0	0	3	1
E7EU10	E7EU10	uc011aaf.2	protein_coding	0	0	0	6	0	0	0	0	0	0	0	0	0	0	0	0	0	0	0	0	0	0	0	6
E7EUE5	E7EUE5	uc010syi.2	protein_coding	0	4	4	32	3	0	0	0	0	0	0	0	30	4	0	0	0	0	2	0	0	0	2	1
E7EUM2	E7EUM2	uc002idc.1	protein_coding	0	3	2	41	0	0	0	0	0	0	1	0	41	2	0	0	0	0	1	0	0	0	2	0
E7EUU6	E7EUU6	uc010ynb.2	protein_coding	0	3	8	52	4	0	0	0	0	0	0	0	49	8	0	0	0	0	1	0	0	0	2	0
E7EV56	E7EV56	uc003wyj.4	protein_coding	3	7	10	62	2	0	0	0	0	0	0	0	62	10	0	0	0	0	3	0	3	0	5	0
E7EV93	E7EV93	uc010lta.1	protein_coding	2	4	4	26	0	0	0	0	0	0	8	0	18	4	0	0	0	0	0	0	2	0	4	0
E7EVD2	E7EVD2	uc011cfv.2	protein_coding	1	5	9	31	0	0	0	0	0	0	0	0	32	9	0	0	0	0	1	0	1	0	4	0
E7EVE9	E7EVE9	uc010ejz.2	protein_coding	0	6	4	52	0	1	1	0	0	0	9	0	42	4	0	0	0	0	1	0	0	0	5	0
E7EVJ4	E7EVJ4	uc003xzo.3	protein_coding	0	1	2	52	6	0	0	0	0	0	6	0	40	2	0	0	0	0	0	0	0	0	1	0
E7EVZ4	E7EVZ4	uc010xig.2	protein_coding	0	5	1	33	1	0	1	0	0	0	0	0	34	1	0	0	0	0	3	0	0	0	2	0
E7EW60	E7EW60	uc002uey.3	protein_coding	0	0	0	9	0	0	0	0	0	0	4	0	5	0	0	0	0	0	0	0	0	0	0	0
E7EWI0	E7EWI0	uc010ldx.1	protein_coding	0	3	6	73	1	0	2	0	0	0	0	0	70	6	0	0	0	0	0	0	0	0	3	0
E7EX82	E7EX82	uc011bpq.1	protein_coding	0	4	4	35	0	0	0	0	0	1	0	0	36	3	0	0	0	0	1	0	0	0	3	0
E7EX82	E7EX82	uc011bpr.1	protein_coding	0	3	4	27	0	0	0	0	0	1	1	0	27	3	0	0	0	0	1	0	0	0	2	0
E9PBB0	E9PBB0	uc002vtg.2	protein_coding	0	0	8	64	0	0	2	0	0	0	3	0	59	8	0	0	0	0	1	0	0	0	0	0
E9PBB0	E9PBB0	uc002vth.4	protein_coding	0	1	12	82	1	0	2	0	0	1	0	0	79	11	0	0	0	0	1	0	0	0	1	0
E9PBE3	E9PBE3	uc010zdh.1	protein_coding	0	0	0	7	0	0	0	0	0	0	7	0	0	0	0	0	0	0	0	0	0	0	0	0
E9PBR4	E9PBR4	uc011khe.2	protein_coding	1	0	0	18	0	0	3	0	0	0	0	0	15	0	0	0	1	0	0	0	0	0	0	1
E9PBR7	E9PBR7	uc002awp.3	protein_coding	1	2	6	19	0	0	0	0	0	0	2	0	17	6	0	0	0	0	0	0	1	0	2	0
E9PC50	E9PC50	uc010zml.1	protein_coding	0	1	9	58	0	0	0	0	0	0	10	0	47	9	0	0	0	0	1	0	0	0	1	1
E9PC85	E9PC85	uc001rmh.1	protein_coding	0	1	1	40	0	0	0	0	0	0	9	0	27	1	0	0	0	0	0	0	0	0	1	4
E9PCU2	E9PCU2	uc011ayc.2	protein_coding	0	3	3	61	0	0	1	0	0	0	16	0	41	3	0	0	0	0	0	0	0	0	3	3
E9PCW2	E9PCW2	uc010nyw.2	protein_coding	1	5	7	81	1	2	2	0	0	0	1	0	72	7	0	0	0	0	1	0	1	0	2	6
E9PD02	E9PD02	uc001tjm.2	protein_coding	0	0	1	21	6	0	0	0	0	0	0	0	15	1	0	0	0	0	0	0	0	0	0	0
E9PD53	E9PD53	uc003fdi.3	protein_coding	3	1	4	40	1	0	0	0	0	0	0	1	41	4	0	0	2	0	2	0	0	0	0	1
E9PDJ0	E9PDJ0	uc001qkj.2	protein_coding	2	11	21	245	1	0	0	0	0	0	0	0	247	21	0	0	1	0	4	0	1	0	9	0
E9PDJ1	E9PDJ1	uc001qkk.2	protein_coding	2	11	18	248	1	0	0	0	0	0	0	0	250	18	0	0	1	0	4	0	1	0	9	0
E9PDP5	E9PDP5	uc003lfq.2	protein_coding	2	0	14	53	0	0	2	0	0	0	9	0	41	14	0	0	0	0	1	0	2	0	0	1
E9PDP5	E9PDP5	uc003lfu.1	protein_coding	2	0	10	36	0	0	0	0	0	0	10	0	25	10	0	0	0	0	1	0	2	0	0	1
E9PDR0	E9PDR0	uc003eqz.1	protein_coding	0	4	5	49	10	0	0	0	0	0	0	0	39	5	0	0	0	0	0	0	0	0	4	0
E9PE29	E9PE29	uc001zpx.3	protein_coding	0	0	0	18	0	0	0	0	0	0	18	0	0	0	0	0	0	0	0	0	0	0	0	0
E9PE84	E9PE84	uc003nsq.4	protein_coding	5	16	14	38	1	0	0	0	0	0	0	1	42	14	0	0	0	0	6	0	4	0	10	1
E9PEB8	E9PEB8	uc002rgb.4	protein_coding	1	6	9	38	2	0	1	0	0	0	0	0	37	9	0	0	0	0	4	0	1	0	2	2
E9PEI3	E9PEI3	uc011lfh.2	protein_coding	0	2	3	93	1	0	0	0	0	0	1	0	91	3	0	0	0	0	0	0	0	0	2	0
E9PEP1	E9PEP1	uc010cvm.1	protein_coding	1	5	4	42	1	0	0	0	0	0	20	0	21	4	0	0	0	0	1	0	1	0	4	1
E9PEP1	E9PEP1	uc010wdr.2	protein_coding	1	6	3	34	0	0	0	0	0	0	14	0	21	3	0	0	0	0	2	0	1	0	4	1
E9PER5	E9PER5	uc011bqc.1	protein_coding	0	0	1	4	4	0	0	0	0	0	0	0	0	1	0	0	0	0	0	0	0	0	0	0
E9PEZ2	E9PEZ2	uc003llc.4	protein_coding	0	0	0	20	0	0	0	0	0	0	20	0	0	0	0	0	0	0	0	0	0	0	0	0
E9PEZ2	E9PEZ2	uc021yeq.1	protein_coding	0	0	0	20	0	0	0	0	0	0	20	0	0	0	0	0	0	0	0	0	0	0	0	0
E9PF50	E9PF50	uc011lfi.2	protein_coding	0	1	2	53	6	0	0	0	0	0	6	0	41	2	0	0	0	0	0	0	0	0	1	0
E9PFD3	E9PFD3	uc003doj.3	protein_coding	2	0	3	52	6	0	0	0	0	0	0	0	45	3	0	0	0	0	0	0	2	0	0	1
E9PFE0	E9PFE0	uc002dak.4	protein_coding	0	4	4	95	3	0	0	0	0	0	9	0	83	4	0	0	0	0	0	0	0	0	4	0
E9PFN0	E9PFN0	uc011bgb.2	protein_coding	0	3	3	44	4	0	0	0	0	0	0	0	42	3	0	0	0	0	2	0	0	0	1	0
E9PFS7	E9PFS7	uc010pyl.2	protein_coding	0	0	0	4	0	0	0	0	0	0	0	0	0	0	0	0	0	0	0	0	0	0	0	4
E9PFV9	E9PFV9	uc010oct.2	protein_coding	0	2	5	54	3	2	2	0	0	0	0	0	49	5	0	0	0	0	0	0	0	0	0	0
E9PG29	E9PG29	uc002vfl.3	protein_coding	0	4	5	22	0	1	1	0	0	0	5	0	17	5	0	0	0	0	1	0	0	0	2	0
E9PGC0	E9PGC0	uc011ctw.2	protein_coding	0	1	0	48	1	0	0	0	0	0	0	0	43	0	0	0	0	0	0	0	0	0	1	4
E9PGW9	E9PGW9	uc003wyh.3	protein_coding	1	4	3	20	0	0	0	0	0	0	4	0	16	3	0	0	0	0	0	0	1	0	4	0
E9PGY0	E9PGY0	uc010ugn.1	protein_coding	2	2	7	82	0	0	0	0	0	0	6	0	77	7	0	0	0	0	2	0	2	0	1	0
E9PGZ0	E9PGZ0	uc001efm.3	protein_coding	0	1	8	34	4	0	1	0	0	0	0	0	29	8	0	0	0	0	0	0	0	0	1	0
E9PH06	E9PH06	uc003hua.4	protein_coding	0	1	2	35	2	0	0	0	0	0	0	0	33	2	0	0	0	0	1	0	0	0	1	0
E9PH62	E9PH62	uc003xzn.3	protein_coding	0	2	3	93	1	0	0	0	0	0	1	0	91	3	0	0	0	0	0	0	0	0	2	0
E9PHA9	E9PHA9	uc003dwa.3	protein_coding	0	0	1	17	4	0	1	0	0	0	1	0	6	1	0	0	0	0	0	0	0	0	0	5
E9PHB3	E9PHB3	uc009zew.1	protein_coding	1	1	4	13	1	0	0	0	0	0	4	0	2	4	0	0	0	0	1	0	1	0	0	6
E9PHR3	E9PHR3	uc010xcc.3	protein_coding	0	0	0	44	6	0	0	0	0	0	0	0	35	0	0	0	0	0	0	0	0	0	0	3
E9PHW4	E9PHW4	uc003kuw.4	protein_coding	0	3	6	18	2	0	0	0	0	0	1	0	15	6	0	0	0	0	1	0	0	0	2	1
E9PIC0	E9PIC0	uc031qef.1	protein_coding	0	0	0	9	0	0	0	0	0	0	3	0	5	0	0	0	0	0	0	0	0	0	0	1
E9PIG3	E9PIG3	uc031qee.1	protein_coding	0	0	0	9	0	0	0	0	0	0	3	0	5	0	0	0	0	0	0	0	0	0	0	1
E9PIN3	E9PIN3	uc009yog.1	protein_coding	1	4	1	24	0	0	0	0	0	0	2	0	18	1	0	0	0	0	1	0	1	0	3	5
E9PIQ1	E9PIQ1	uc001uua.1	protein_coding	1	1	4	16	0	0	0	0	0	0	3	0	13	4	0	0	0	0	0	0	1	0	1	0
E9PLE3	E9PLE3	uc001pmu.2	protein_coding	0	0	0	3	0	0	0	0	0	0	3	0	0	0	0	0	0	0	0	0	0	0	0	0
E9PLP3	E9PLP3	uc009yzl.2	protein_coding	0	0	2	22	0	0	0	0	0	0	0	0	22	2	0	0	0	0	0	0	0	0	0	0
E9PN05	E9PN05	uc010rtl.2	protein_coding	1	1	0	54	2	0	0	0	0	0	0	0	53	0	0	0	1	0	0	0	0	0	1	0
E9PQ94	E9PQ94	uc001qtp.1	protein_coding	0	0	0	14	0	0	0	0	0	0	0	0	7	0	0	0	0	0	0	0	0	0	0	7
E9PQI9	E9PQI9	uc031qeg.1	protein_coding	0	0	0	9	0	0	0	0	0	0	3	0	5	0	0	0	0	0	0	0	0	0	0	1
E9PSF5	E9PSF5	uc001mgh.2	protein_coding	0	4	0	32	4	0	0	0	0	0	0	0	29	0	0	0	0	0	1	0	0	0	3	0
F1D8N9	F1D8N9	uc002hun.2	protein_coding	0	3	5	52	3	2	9	0	0	0	0	0	29	5	0	0	0	0	0	0	0	0	1	11
F1T0A4	F1T0A4	uc021vbi.1	protein_coding	0	0	0	9	0	0	0	0	0	0	0	0	0	0	0	0	0	0	0	0	0	0	0	9
F2YMM1	F2YMM1	uc022aov.1	protein_coding	1	2	4	25	1	0	0	0	0	0	0	0	25	4	0	0	0	0	3	0	1	0	1	0
F2Z2B5	F2Z2B5	uc010faq.3	protein_coding	2	3	0	25	3	1	3	0	0	0	0	0	19	0	0	0	0	0	0	0	2	0	2	0
F2Z2B5	F2Z2B5	uc010ynv.2	protein_coding	2	3	0	25	3	1	3	0	0	0	0	0	19	0	0	0	0	0	0	0	2	0	2	0
F2Z382	F2Z382	uc003nck.3	protein_coding	0	0	0	7	0	0	0	0	0	0	0	0	7	0	0	0	0	0	0	0	0	0	0	0
F4YA14	F4YA14	uc022ayo.2	protein_coding	0	0	0	9	0	0	1	0	0	0	0	0	6	0	0	0	0	0	0	0	0	0	0	2
F5GWH1	F5GWH1	uc011kgs.1	protein_coding	0	1	3	70	0	0	0	0	0	0	0	0	70	3	0	0	0	0	0	0	0	0	1	0
F5GWK7	F5GWK7	uc011kgr.1	protein_coding	0	1	3	70	0	0	0	0	0	0	0	0	70	3	0	0	0	0	0	0	0	0	1	0
F5GWU0	F5GWU0	uc011cdo.2	protein_coding	2	0	2	42	3	0	2	0	0	0	0	0	34	2	0	0	2	0	0	0	0	0	0	5
F5GXG7	F5GXG7	uc010rqi.1	protein_coding	0	0	0	4	0	0	0	0	0	0	4	0	0	0	0	0	0	0	0	0	0	0	0	0
F5GXK9	F5GXK9	uc011cmm.2	protein_coding	0	0	0	10	0	0	0	0	0	0	0	0	0	0	0	0	0	0	0	0	0	0	0	10
F5GY10	F5GY10	uc010bft.3	protein_coding	2	2	4	44	7	1	1	0	0	0	1	0	33	4	0	0	0	0	1	0	2	0	1	2
F5GYK5	F5GYK5	uc010zvl.2	protein_coding	0	0	0	1	0	0	0	0	0	0	0	0	0	0	0	0	0	0	0	0	0	0	0	1
F5GZT4	F5GZT4	uc011dgn.2	protein_coding	0	0	0	4	0	0	0	0	0	0	4	0	0	0	0	0	0	0	0	0	0	0	0	0
F5H039	F5H039	uc010tss.2	protein_coding	1	5	7	109	3	2	7	0	0	0	1	0	99	7	0	0	1	0	0	0	0	0	3	0
F5H0C3	F5H0C3	uc001rlz.3	protein_coding	3	7	10	45	1	0	0	0	0	0	0	0	45	10	0	0	1	0	0	0	2	0	7	0
F5H0V3	F5H0V3	uc010ziz.1	protein_coding	0	2	2	13	0	0	1	0	0	0	5	0	7	2	0	0	0	0	0	0	0	0	2	0
F5H1H2	F5H1H2	uc001jon.1	protein_coding	1	1	2	39	0	0	0	0	0	0	3	1	35	2	0	0	0	0	0	0	0	0	1	1
F5H1T4	F5H1T4	uc002hsl.3	protein_coding	3	3	3	29	0	0	0	0	0	0	5	0	24	3	0	0	0	0	1	0	3	0	2	1
F5H1V8	F5H1V8	uc002kyh.4	protein_coding	0	0	0	30	6	0	2	0	0	0	0	0	22	0	0	0	0	0	0	0	0	0	0	0
F5H219	F5H219	uc010skl.2	protein_coding	3	7	10	45	1	0	0	0	0	0	0	0	45	10	0	0	1	0	0	0	2	0	7	0
F5H228	F5H228	uc011cna.1	protein_coding	3	9	6	78	2	0	0	0	0	0	4	0	73	6	0	0	0	0	1	0	3	0	8	0
F5H3A1	F5H3A1	uc010oww.2	protein_coding	2	3	5	56	1	1	3	0	0	0	11	0	41	5	0	0	2	0	1	0	0	0	2	2
F5H3T5	F5H3T5	uc010poj.1	protein_coding	0	0	0	14	0	0	0	0	0	0	14	0	0	0	0	0	0	0	0	0	0	0	0	0
F5H422	F5H422	uc003qoy.2	protein_coding	0	0	3	36	0	0	0	0	0	0	12	0	24	3	0	0	0	0	0	0	0	0	0	0
F5H422	F5H422	uc003qoz.2	protein_coding	0	0	3	36	0	0	0	0	0	0	12	0	24	3	0	0	0	0	0	0	0	0	0	0
F5H4Q0	F5H4Q0	uc003qpa.1	protein_coding	0	5	4	59	1	0	0	0	0	0	4	0	52	4	0	0	0	0	1	0	0	0	4	3
F5H6L9	F5H6L9	uc009zeh.1	protein_coding	0	5	4	48	0	0	0	0	0	0	3	0	46	4	0	0	0	0	1	0	0	0	4	0
F5H6R8	F5H6R8	uc010kiy.1	protein_coding	2	5	5	5	0	0	0	0	0	0	0	0	6	5	0	0	0	0	1	0	2	0	4	0
F5H6U6	F5H6U6	uc010poi.2	protein_coding	1	5	2	68	12	0	3	0	0	0	0	0	55	2	0	0	0	0	2	0	1	0	3	0
F5H7Y9	F5H7Y9	uc011dvt.2	protein_coding	0	0	0	22	0	0	0	0	0	0	22	0	0	0	0	0	0	0	0	0	0	0	0	0
F5H8L4	F5H8L4	uc001pqi.1	protein_coding	0	0	0	1	0	0	0	0	0	0	0	0	0	0	0	0	0	0	0	0	0	0	0	1
F6RY50	F6RY50	uc010rom.1	protein_coding	0	0	0	11	0	0	0	0	0	0	11	0	0	0	0	0	0	0	0	0	0	0	0	0
F8VPG7	F8VPG7	uc001pbn.3	protein_coding	1	1	2	52	2	0	2	0	0	0	0	0	47	2	0	0	1	0	0	0	0	0	1	2
F8VPI7	F8VPI7	uc003xzp.3	protein_coding	0	1	2	53	6	0	0	0	0	0	6	0	41	2	0	0	0	0	0	0	0	0	1	0
F8VPI7	F8VPI7	uc010lzk.3	protein_coding	0	1	2	53	6	0	0	0	0	0	6	0	41	2	0	0	0	0	0	0	0	0	1	0
F8VRN5	F8VRN5	uc001ryy.2	protein_coding	0	5	2	49	0	0	0	0	0	0	12	0	38	2	0	0	0	0	2	0	0	0	3	1
F8VRN5	F8VRN5	uc001ryz.1	protein_coding	0	3	1	30	0	0	0	0	0	0	2	0	28	1	0	0	0	0	1	0	0	0	2	1
F8VS99	F8VS99	uc009zps.3	protein_coding	0	3	3	11	0	0	1	0	0	0	2	0	7	3	0	0	0	0	0	0	0	0	3	1
F8VS99	F8VS99	uc009zpt.3	protein_coding	0	3	3	11	0	0	1	0	0	0	2	0	7	3	0	0	0	0	0	0	0	0	3	1
F8VS99	F8VS99	uc021qzk.1	protein_coding	0	3	3	11	0	0	1	0	0	0	2	0	7	3	0	0	0	0	0	0	0	0	3	1
F8VS99	F8VS99	uc021qzl.1	protein_coding	0	3	3	11	0	0	1	0	0	0	2	0	7	3	0	0	0	0	0	0	0	0	3	1
F8VSH2	F8VSH2	uc001szr.1	protein_coding	0	2	6	41	0	2	3	0	0	0	0	0	37	6	0	0	0	0	0	0	0	0	0	1
F8VTL3	F8VTL3	uc002glm.4	protein_coding	3	6	8	113	5	0	0	0	0	0	0	0	109	8	0	0	0	0	1	0	3	0	5	0
F8VY86	F8VY86	uc001zrq.4	protein_coding	3	5	15	39	1	0	1	0	0	0	1	0	35	15	0	0	0	0	2	0	3	0	4	2
F8VY86	F8VY86	uc010udp.2	protein_coding	3	5	15	39	1	0	0	0	0	0	1	0	30	15	0	0	0	0	2	0	3	0	4	8
F8W720	F8W720	uc011bom.2	protein_coding	0	1	1	43	0	0	1	0	0	0	1	0	42	1	0	0	0	0	1	0	0	0	0	0
F8W7D6	F8W7D6	uc010tst.2	protein_coding	1	5	7	109	3	2	7	0	0	0	1	0	99	7	0	0	1	0	0	0	0	0	3	0
F8W7H4	F8W7H4	uc011efq.2	protein_coding	0	0	0	23	0	0	0	0	0	0	23	0	0	0	0	0	0	0	0	0	0	0	0	0
F8W7U0	F8W7U0	uc002yte.3	protein_coding	1	4	4	77	6	0	0	0	0	0	2	0	67	4	0	0	0	0	1	0	1	0	3	3
F8W8Q9	F8W8Q9	uc010rmj.2	protein_coding	0	0	0	9	0	0	0	0	0	0	9	0	0	0	0	0	0	0	0	0	0	0	0	0
F8WAP6	F8WAP6	uc009wmc.2	protein_coding	1	7	8	51	14	3	6	0	0	0	0	0	33	8	0	0	1	0	1	0	0	0	3	0
F8WC68	F8WC68	uc003nyu.1	protein_coding	0	0	0	15	0	0	0	0	0	0	15	0	0	0	0	0	0	0	0	0	0	0	0	0
F8WC68	F8WC68	uc010jtl.1	protein_coding	0	0	0	16	0	0	0	0	0	0	16	0	0	0	0	0	0	0	0	0	0	0	0	0
F8WDM8	F8WDM8	uc009wcq.3	protein_coding	1	2	8	36	0	0	0	0	0	0	0	0	37	8	0	0	1	0	0	0	0	0	2	0
F8WES1	F8WES1	uc010gor.3	protein_coding	1	2	4	57	9	0	0	0	0	0	0	0	47	4	0	0	0	0	0	0	1	0	2	1
G1UI22	G1UI22	uc021zik.1	protein_coding	1	10	9	72	3	1	1	0	0	0	0	0	69	9	0	0	0	0	2	0	1	0	8	0
G3V0F9	G3V0F9	uc003eua.1	protein_coding	1	2	5	51	0	0	0	0	0	0	2	0	49	5	0	0	0	0	0	0	1	0	2	0
G3V1P1	G3V1P1	uc003zld.3	protein_coding	0	2	2	53	13	0	0	0	0	0	0	0	40	2	0	0	0	0	0	0	0	0	2	0
G3V1P7	G3V1P7	uc011lso.2	protein_coding	0	1	0	23	2	0	1	0	0	0	2	0	19	0	0	0	0	0	1	0	0	0	0	0
G3V1U0	G3V1U0	uc001rbx.3	protein_coding	0	1	10	41	1	0	2	0	0	0	1	0	38	10	0	0	0	0	1	0	0	0	0	0
G3V1Z6	G3V1Z6	uc003uyv.3	protein_coding	4	7	6	191	2	0	0	0	0	0	0	0	196	6	0	0	3	0	5	0	1	0	2	1
G3V2H5	G3V2H5	uc001jmr.1	protein_coding	1	0	0	23	1	0	1	0	0	0	0	0	21	0	0	0	0	0	0	0	1	0	0	0
G3V2X0	G3V2X0	uc001waq.2	protein_coding	0	0	0	8	0	0	0	0	0	0	0	0	0	0	0	0	0	0	0	0	0	0	0	8
G3V582	G3V582	uc001xiw.3	protein_coding	0	3	2	76	0	2	7	0	0	0	1	0	68	2	0	0	0	0	0	0	0	0	1	0
G3XAB3	G3XAB3	uc001mxh.3	protein_coding	4	4	3	47	1	0	0	0	0	0	13	0	35	3	0	0	1	0	1	0	3	0	3	0
G3XAB3	G3XAB3	uc001mxj.3	protein_coding	3	2	3	43	1	0	1	0	0	0	13	0	23	3	0	0	0	0	1	0	3	0	1	6
G3XAC3	G3XAC3	uc010whn.2	protein_coding	0	2	5	56	4	0	0	0	0	0	0	0	52	5	0	0	0	0	0	0	0	0	2	0
G3XAD6	G3XAD6	uc011bzu.2	protein_coding	1	0	0	51	1	0	3	0	0	0	5	1	42	0	0	0	0	0	0	0	0	0	0	0
G3XAG8	G3XAG8	uc003axe.3	protein_coding	3	2	1	45	6	0	1	0	0	0	0	0	26	1	0	0	2	0	0	0	1	0	2	14
G3XAN8	G3XAN8	uc001pmx.3	protein_coding	0	0	1	5	0	0	0	0	0	0	0	0	0	1	0	0	0	0	0	0	0	0	0	5
G5E968	G5E968	uc001ybd.4	protein_coding	1	2	3	30	2	0	3	0	0	0	0	0	25	3	0	0	0	0	0	0	1	0	2	0
G5E975	G5E975	uc002zyd.3	protein_coding	1	2	6	34	2	0	0	0	0	0	0	0	32	6	0	0	0	0	0	0	1	0	2	0
G5E9C1	G5E9C1	uc002vmt.2	protein_coding	0	3	5	38	7	2	3	0	0	0	0	0	28	5	0	0	0	0	1	0	0	0	1	0
G5E9P9	G5E9P9	uc003htv.4	protein_coding	0	1	4	33	2	0	0	0	0	0	0	0	31	4	0	0	0	0	1	0	0	0	1	0
G5E9Q2	G5E9Q2	uc001efi.3	protein_coding	0	1	8	34	4	0	1	0	0	0	0	0	29	8	0	0	0	0	0	0	0	0	1	0
G5E9S3	G5E9S3	uc002uya.4	protein_coding	0	0	0	11	0	0	0	0	0	0	11	0	0	0	0	0	0	0	0	0	0	0	0	0
G5E9S3	G5E9S3	uc031rqr.1	protein_coding	0	0	0	11	0	0	0	0	0	0	11	0	0	0	0	0	0	0	0	0	0	0	0	0
G5E9U7	G5E9U7	uc003fgp.3	protein_coding	0	0	1	15	0	0	0	0	0	1	0	0	15	0	0	0	0	0	0	0	0	0	0	0
G5E9V1	G5E9V1	uc003dug.3	protein_coding	0	3	0	28	3	0	0	0	0	0	1	0	25	0	0	0	0	0	1	0	0	0	2	0
G5E9V8	G5E9V8	uc003doo.3	protein_coding	2	1	3	114	6	1	2	0	0	0	0	0	106	3	0	0	0	0	0	0	2	0	0	0
G5EA18	G5EA18	uc003xzq.3	protein_coding	0	2	1	54	6	1	1	0	0	0	6	0	41	1	0	0	0	0	0	0	0	0	1	0
G5EA48	G5EA48	uc001srv.2	protein_coding	1	6	7	63	4	0	0	0	0	0	0	0	59	7	0	0	0	0	2	0	1	0	5	1
G8JLB6	G8JLB6	uc021yjd.1	protein_coding	0	0	0	4	0	0	0	0	0	0	4	0	0	0	0	0	0	0	0	0	0	0	0	0
H0Y325	H0Y325	uc003qor.4	protein_coding	2	9	15	76	6	0	0	0	0	0	1	0	69	15	0	0	1	0	2	0	1	0	9	1
H0Y470	H0Y470	uc002rys.3	protein_coding	1	0	5	47	0	0	0	0	0	0	2	0	41	5	0	0	0	0	0	0	1	0	0	4
H0Y472	H0Y472	uc003lfx.1	protein_coding	2	2	5	37	0	0	1	0	0	0	1	0	30	5	0	0	0	0	1	0	2	0	1	6
H0Y4P6	H0Y4P6	uc003lfw.3	protein_coding	2	1	8	41	0	0	0	0	0	0	15	0	20	8	0	0	0	0	1	0	2	0	1	6
H0Y4W2	H0Y4W2	uc003upr.3	protein_coding	0	14	34	143	1	0	0	0	0	0	0	0	134	34	0	0	0	0	6	0	0	0	9	13
H0Y4Z0	H0Y4Z0	uc010bsn.4	protein_coding	0	2	0	23	7	1	1	0	0	0	0	0	15	0	0	0	0	0	0	0	0	0	1	0
H0Y7J7	H0Y7J7	uc002ytg.1	protein_coding	0	0	0	22	0	0	0	0	0	0	2	0	11	0	0	0	0	0	0	0	0	0	0	9
H0Y7Y3	H0Y7Y3	uc010jfl.3	protein_coding	2	0	7	32	0	0	1	0	0	0	15	0	15	7	0	0	0	0	1	0	2	0	0	1
H0Y7Z1	H0Y7Z1	uc010zjp.2	protein_coding	3	7	3	49	2	1	2	0	0	0	0	0	43	3	0	0	0	0	1	0	3	0	5	3
H0Y806	H0Y806	uc010hgl.1	protein_coding	0	0	1	28	0	0	0	0	0	0	3	0	18	1	0	0	0	0	0	0	0	0	0	7
H0Y882	H0Y882	uc003dok.3	protein_coding	2	0	3	52	6	0	0	0	0	0	0	0	45	3	0	0	0	0	0	0	2	0	0	1
H0Y9K2	H0Y9K2	uc003euy.1	protein_coding	0	0	1	16	10	0	0	0	0	0	0	0	4	1	0	0	0	0	0	0	0	0	0	2
H0YBA1	H0YBA1	uc011kyj.2	protein_coding	0	1	2	40	2	0	1	0	0	0	0	0	34	2	0	0	0	0	1	0	0	0	0	4
H0YBF7	H0YBF7	uc003ysz.2	protein_coding	0	2	11	68	3	0	0	0	0	0	2	0	62	11	0	0	0	0	1	0	0	0	1	2
H0YBG3	H0YBG3	uc003ysh.1	protein_coding	0	2	3	23	0	2	9	0	0	0	6	0	8	3	0	0	0	0	0	0	0	0	0	0
H0YD48	H0YD48	uc001pbo.1	protein_coding	0	0	0	30	0	0	0	0	0	0	8	0	16	0	0	0	0	0	0	0	0	0	0	6
H0YDU7	H0YDU7	uc001pkd.4	protein_coding	1	1	1	14	2	1	2	0	0	0	3	0	2	1	0	0	1	0	0	0	0	0	0	6
H0YDU7	H0YDU7	uc001pkf.3	protein_coding	1	0	1	16	0	0	0	0	0	0	2	0	7	1	0	0	1	0	0	0	0	0	0	8
H0YGE2	H0YGE2	uc021tiv.1	protein_coding	0	11	20	90	0	0	1	0	0	0	9	0	70	20	0	0	0	0	3	0	0	0	9	12
H0YGE2	H0YGE2	uc021tiw.1	protein_coding	0	11	18	92	0	0	1	0	0	0	9	0	72	18	0	0	0	0	2	0	0	0	9	12
H0YGH1	H0YGH1	uc002gks.3	protein_coding	1	1	4	32	1	0	1	0	0	0	0	0	6	4	0	0	0	0	0	0	1	0	1	24
H0YGT6	H0YGT6	uc002ekr.1	protein_coding	1	6	9	84	2	0	1	0	0	0	0	0	60	9	0	0	1	0	3	0	0	0	3	24
H0YHT2	H0YHT2	uc001rlw.3	protein_coding	2	5	6	32	1	0	1	0	0	0	0	0	26	6	0	0	0	0	0	0	2	0	5	4
H0YI78	H0YI78	uc001rlv.3	protein_coding	2	4	5	27	1	0	0	0	0	0	0	0	23	5	0	0	0	0	0	0	2	0	4	3
H0YIE6	H0YIE6	uc001tiv.4	protein_coding	0	0	0	7	1	0	0	0	0	0	3	0	2	0	0	0	0	0	0	0	0	0	0	1
H0YJG4	H0YJG4	uc001wav.1	protein_coding	1	1	3	32	0	0	0	0	0	0	11	0	16	3	0	0	1	0	0	0	0	0	1	6
H0YK33	H0YK33	uc002bpn.4	protein_coding	0	0	3	15	4	0	0	0	0	0	3	0	8	3	0	0	0	0	0	0	0	0	0	0
H0YL38	H0YL38	uc002adw.1	protein_coding	0	0	0	8	0	0	0	0	0	0	0	0	0	0	0	0	0	0	0	0	0	0	0	8
H0YN72	H0YN72	uc001woz.4	protein_coding	0	1	2	25	0	0	0	0	0	0	23	0	2	2	0	0	0	0	0	0	0	0	1	0
H0YNP8	H0YNP8	uc010ugp.2	protein_coding	2	1	1	30	7	0	0	0	0	0	1	0	13	1	0	0	0	0	1	0	2	0	1	9
H3BLS9	H3BLS9	uc003lft.1	protein_coding	1	0	5	39	0	0	0	0	0	0	9	0	29	5	0	0	0	0	1	0	1	0	0	1
H3BLW1	H3BLW1	uc001hsp.2	protein_coding	1	9	9	55	0	0	0	0	0	0	16	0	22	9	0	0	1	0	1	0	0	0	8	19
H3BMB5	H3BMB5	uc010buy.3	protein_coding	0	0	1	7	3	0	1	0	0	0	0	0	3	1	0	0	0	0	0	0	0	0	0	0
H3BMM1	H3BMM1	uc010biq.4	protein_coding	0	7	5	84	3	5	10	0	0	0	5	0	67	5	0	0	0	0	1	0	0	0	1	0
H3BNH2	H3BNH2	uc010cif.1	protein_coding	0	2	7	62	0	0	0	0	0	0	10	0	52	7	0	0	0	0	0	0	0	0	2	0
H3BQH2	H3BQH2	uc010vio.1	protein_coding	1	1	3	8	0	0	0	0	0	0	2	0	6	3	0	0	0	0	0	0	1	0	1	0
H3BRM9	H3BRM9	uc010ses.2	protein_coding	1	1	2	47	0	0	1	0	0	0	0	0	33	2	0	0	0	0	0	0	1	0	1	13
H3BSR3	H3BSR3	uc002dvf.3	protein_coding	0	0	0	26	0	0	0	0	0	0	26	0	0	0	0	0	0	0	0	0	0	0	0	0
H3BST3	H3BST3	uc031qsr.1	protein_coding	0	0	0	3	0	0	0	0	0	0	0	0	0	0	0	0	0	0	0	0	0	0	0	3
H3BSW9	H3BSW9	uc002egn.1	protein_coding	0	0	1	18	0	0	0	0	0	0	9	0	9	1	0	0	0	0	0	0	0	0	0	0
H3BT57	H3BT57	uc002awj.1	protein_coding	1	2	5	20	11	0	0	0	0	0	2	0	7	5	0	0	0	0	0	0	1	0	2	0
H3BUJ5	H3BUJ5	uc002awx.3	protein_coding	0	0	4	20	7	0	1	0	0	0	2	0	9	4	0	0	0	0	0	0	0	0	0	1
H3BV44	H3BV44	uc002atk.3	protein_coding	1	0	11	46	0	0	2	0	0	0	0	0	35	11	0	0	0	0	1	0	1	0	0	9
H3BV44	H3BV44	uc002atm.1	protein_coding	0	0	5	25	0	0	2	0	0	0	0	0	14	5	0	0	0	0	0	0	0	0	0	9
H3BVG6	H3BVG6	uc010bcg.2	protein_coding	0	0	0	9	0	0	0	0	0	0	0	0	0	0	0	0	0	0	0	0	0	0	0	9
H6UMI1	H6UMI1	uc031qym.1	protein_coding	0	0	0	9	0	0	0	0	0	0	0	0	0	0	0	0	0	0	0	0	0	0	0	9
H7BXI6	H7BXI6	uc001itb.3	protein_coding	0	0	4	29	4	0	0	0	0	0	2	0	23	4	0	0	0	0	0	0	0	0	0	0
H7BXU7	H7BXU7	uc009xpk.1	protein_coding	2	2	5	19	0	0	0	0	0	0	9	0	6	5	0	0	0	0	0	0	2	0	2	4
H7BXY1	H7BXY1	uc004bhw.4	protein_coding	0	5	1	44	7	3	7	0	0	0	0	0	29	1	0	0	0	0	1	0	0	0	1	2
H7BXY1	H7BXY1	uc031tev.1	protein_coding	0	3	1	18	7	1	3	0	0	0	0	0	5	1	0	0	0	0	1	0	0	0	1	4
H7BXY5	H7BXY5	uc001dif.1	protein_coding	0	0	0	5	0	0	0	0	0	0	5	0	0	0	0	0	0	0	0	0	0	0	0	0
H7BYM6	H7BYM6	uc011dso.2	protein_coding	0	2	2	18	5	0	1	0	0	0	1	0	11	2	0	0	0	0	0	0	0	0	2	0
H7C105	H7C105	uc010gvg.4	protein_coding	0	0	0	21	3	0	0	0	0	0	1	0	5	0	0	0	0	0	0	0	0	0	0	12
H7C162	H7C162	uc001wyp.1	protein_coding	0	7	0	33	0	1	1	0	0	0	6	0	26	0	0	0	0	0	1	0	0	0	6	0
H7C2C6	H7C2C6	uc002ryw.3	protein_coding	2	1	5	46	0	0	3	0	0	0	12	0	27	5	0	0	0	0	0	0	2	0	1	4
H7C2F5	H7C2F5	uc003lfv.1	protein_coding	0	0	2	36	0	0	0	0	0	0	9	0	20	2	0	0	0	0	0	0	0	0	0	7
H7C2W8	H7C2W8	uc011dbd.2	protein_coding	0	0	0	20	0	0	0	0	0	0	20	0	0	0	0	0	0	0	0	0	0	0	0	0
H7C304	H7C304	uc002ysn.1	protein_coding	0	0	0	140	0	0	0	0	0	0	0	0	140	0	0	0	0	0	0	0	0	0	0	0
H7C4R2	H7C4R2	uc003vnx.2	protein_coding	2	0	11	34	0	0	1	0	0	0	0	0	33	11	0	0	1	0	0	0	1	0	0	1
H7C563	H7C563	uc003ddv.3	protein_coding	0	0	0	24	0	0	0	0	0	0	24	0	0	0	0	0	0	0	0	0	0	0	0	0
H7C5D2	H7C5D2	uc003nyq.1	protein_coding	0	0	0	16	0	0	0	0	0	0	16	0	0	0	0	0	0	0	0	0	0	0	0	0
I3L161	I3L161	uc002ggq.2	protein_coding	0	0	0	10	1	0	0	0	0	0	9	0	0	0	0	0	0	0	0	0	0	0	0	0
I6U4P1	I6U4P1	uc031pqr.1	protein_coding	0	1	2	18	0	0	0	0	0	0	10	0	3	2	0	0	0	0	0	0	0	0	1	5
I6WNA2	I6WNA2	uc031sqg.1	protein_coding	0	1	2	21	0	0	0	0	0	0	3	0	13	2	0	0	0	0	1	0	0	0	0	6
I6WZ08	I6WZ08	uc031sqh.1	protein_coding	1	1	2	21	0	0	0	0	0	0	3	0	13	2	0	0	0	0	1	0	1	0	0	6
I6XKI8	I6XKI8	uc031sql.1	protein_coding	0	6	3	43	0	0	1	0	0	0	0	0	43	3	0	0	0	0	2	0	0	0	4	0
I6XKJ3	I6XKJ3	uc031sqi.1	protein_coding	0	0	0	15	0	0	1	0	0	0	8	0	4	0	0	0	0	0	0	0	0	0	0	2
I6XTI3	I6XTI3	uc031sqj.1	protein_coding	0	0	0	20	0	0	0	0	0	0	8	0	6	0	0	0	0	0	0	0	0	0	0	6
I6XXQ1	I6XXQ1	uc031sqk.1	protein_coding	1	0	0	20	0	0	0	0	0	0	8	0	6	0	0	0	0	0	0	0	1	0	0	6
J3KMW7	J3KMW7	uc003yks.2	protein_coding	1	6	14	94	0	1	4	0	0	0	0	0	92	14	0	0	1	0	3	0	0	0	4	0
J3KNJ8	J3KNJ8	uc001nyt.3	protein_coding	0	0	0	25	0	0	0	0	0	0	25	0	0	0	0	0	0	0	0	0	0	0	0	0
J3KP20	J3KP20	uc009wsk.1	protein_coding	1	4	5	35	3	0	0	0	0	0	0	0	33	5	0	0	0	0	3	0	1	0	2	1
J3KPQ6	J3KPQ6	uc011kkn.2	protein_coding	4	7	6	191	2	0	0	0	0	0	0	0	196	6	0	0	3	0	5	0	1	0	2	1
J3KQF3	J3KQF3	uc002ict.3	protein_coding	2	6	11	44	4	0	0	0	0	0	0	0	41	11	0	0	0	0	1	0	2	0	5	0
J3KQV9	J3KQV9	uc003uyw.3	protein_coding	4	7	6	191	2	0	0	0	0	0	0	0	196	6	0	0	3	0	5	0	1	0	2	1
J3KR71	J3KR71	uc010elc.1	protein_coding	0	7	5	47	0	0	0	0	0	0	23	0	22	5	0	0	0	0	0	0	0	0	7	2
J3KRL0	J3KRL0	uc010wcb.2	protein_coding	0	2	3	26	0	0	0	0	0	0	5	0	21	3	0	0	0	0	1	0	0	0	1	1
J3KRR7	J3KRR7	uc002ego.3	protein_coding	0	2	1	20	0	0	0	0	0	0	3	0	17	1	0	0	0	0	0	0	0	0	2	0
J3KRR7	J3KRR7	uc002egs.1	protein_coding	0	2	1	21	1	0	0	0	0	0	3	0	17	1	0	0	0	0	0	0	0	0	2	0
J3KRR7	J3KRR7	uc010cbs.1	protein_coding	1	2	1	28	1	0	0	0	0	0	2	0	25	1	0	0	0	0	0	0	1	0	2	0
J3KSE3	J3KSE3	uc010dcw.3	protein_coding	3	7	12	21	1	0	3	0	0	0	5	0	13	12	0	0	0	0	1	0	3	0	6	0
J3KSE4	J3KSE4	uc002hqj.3	protein_coding	1	3	2	36	1	0	2	0	0	0	11	0	14	2	0	0	0	0	2	0	1	0	2	9
J3KT39	J3KT39	uc010cxa.1	protein_coding	0	0	0	9	0	0	0	0	0	0	0	0	0	0	0	0	0	0	0	0	0	0	0	9
J3KT98	J3KT98	uc010cnw.1	protein_coding	0	0	4	34	0	0	0	0	0	0	26	0	6	4	0	0	0	0	0	0	0	0	0	2
J3KTA4	J3KTA4	uc010deh.2	protein_coding	0	1	2	17	0	0	0	0	0	0	0	0	9	2	0	0	0	0	0	0	0	0	1	8
J3QKU0	J3QKU0	uc010cvz.3	protein_coding	1	0	0	0	0	0	0	0	0	0	0	0	0	0	0	0	0	0	0	1	0	0	0	0
J3QLU9	J3QLU9	uc010cwb.3	protein_coding	4	6	9	54	3	0	0	0	0	0	4	0	49	9	0	0	1	0	1	0	3	0	5	0
J3QRK4	J3QRK4	uc002jfj.1	protein_coding	0	0	3	1	0	0	1	0	0	0	0	0	0	3	0	0	0	0	0	0	0	0	0	0
J3QRN6	J3QRN6	uc002hhp.1	protein_coding	0	4	5	51	1	0	0	0	0	0	0	0	51	5	0	0	0	0	2	0	0	0	2	1
J3QSF1	J3QSF1	uc002jel.1	protein_coding	0	1	1	18	0	0	0	0	0	0	5	0	0	1	0	0	0	0	0	0	0	0	1	13
J3QTN8	J3QTN8	uc021rvf.1	protein_coding	0	3	5	20	0	0	0	0	0	0	18	0	0	5	0	0	0	0	0	0	0	0	3	2
J9JID1	J9JID1	uc002gkn.4	protein_coding	1	3	2	12	0	0	0	0	0	0	0	0	12	2	0	0	0	0	0	0	1	0	3	0
K0J5S8	K0J5S8	uc031sav.1	protein_coding	0	1	0	30	5	0	0	0	0	0	1	0	25	0	0	0	0	0	1	0	0	0	0	0
K0J6K2	K0J6K2	uc031sau.1	protein_coding	0	1	0	30	5	0	0	0	0	0	1	0	25	0	0	0	0	0	1	0	0	0	0	0
K4DI82	K4DI82	uc003ddz.3	protein_coding	0	0	0	18	0	0	0	0	0	0	0	0	0	0	0	0	0	0	0	0	0	0	0	18
K4DID9	K4DID9	uc010wdc.2	protein_coding	0	9	2	52	11	1	2	0	0	0	0	0	38	2	0	0	0	0	2	0	0	0	6	2
NP_000042	NP_000042	uc001pkb.1	protein_coding	3	4	12	103	2	0	1	0	0	0	0	0	101	12	0	0	2	0	2	0	1	0	3	2
NP_000050	NP_000050	uc001uub.1	protein_coding	4	5	9	57	2	0	0	0	0	0	0	0	56	9	0	0	0	1	0	0	3	0	5	0
NP_000079	NP_000079	uc002iqm.3	protein_coding	5	12	22	94	9	0	0	0	0	0	5	0	86	22	0	0	3	0	8	0	2	0	8	1
NP_000237	NP_000237	uc002dai.4	protein_coding	0	7	10	86	3	0	0	0	0	0	9	0	74	10	0	0	0	0	0	0	0	0	7	0
NP_000369	NP_000369	uc001mtq.2	protein_coding	0	3	3	30	5	0	0	0	0	0	0	0	25	3	0	0	0	0	0	0	0	0	3	0
NP_000526	NP_000526	uc003spl.3	protein_coding	1	2	1	44	0	0	0	0	0	0	0	0	45	1	0	0	1	0	1	0	0	0	1	1
NP_000618	NP_000618	uc002rou.3	protein_coding	0	7	12	106	4	0	0	0	0	0	0	0	101	12	0	0	0	0	2	0	0	0	5	3
NP_000960	NP_000960	uc001dpd.3	protein_coding	0	1	0	9	0	0	0	0	0	0	2	0	1	0	0	0	0	0	0	0	0	0	1	6
NP_001001132	NP_001001132	uc002ysw.3	protein_coding	1	5	4	86	6	1	2	0	0	0	2	0	77	4	0	0	0	0	1	0	1	0	3	0
NP_001002231	NP_001002231	uc002ptu.3	protein_coding	0	1	0	20	1	0	0	0	0	0	0	0	16	0	0	0	0	0	0	0	0	0	1	3
NP_001005862	NP_001005862	uc002hsm.3	protein_coding	4	8	11	51	2	0	0	0	0	0	4	0	46	11	0	0	1	0	1	0	3	0	7	1
NP_001009944	NP_001009944	uc002cos.1	protein_coding	0	0	0	25	0	0	0	0	0	0	25	0	0	0	0	0	0	0	0	0	0	0	0	0
NP_001017408	NP_001017408	uc003pxq.1	protein_coding	0	1	1	131	0	0	0	0	0	0	0	0	128	1	0	0	0	0	1	0	0	0	0	4
NP_001020375	NP_001020375	uc002zcy.1	protein_coding	0	3	3	14	0	0	0	0	0	0	0	0	14	3	0	0	0	0	1	0	0	0	2	1
NP_001020375	NP_001020375	uc002zcz.1	protein_coding	0	3	3	14	0	0	0	0	0	0	0	0	15	3	0	0	0	0	1	0	0	0	2	0
NP_001028754	NP_001028754	uc001air.3	protein_coding	1	3	6	82	1	0	0	0	0	0	1	0	76	6	0	0	0	0	1	0	1	0	2	5
NP_001028754	NP_001028754	uc001ais.3	protein_coding	1	3	6	54	1	0	0	0	0	0	1	0	53	6	0	0	0	0	1	0	1	0	2	0
NP_001029125	NP_001029125	uc001mlt.2	protein_coding	0	0	1	8	2	0	0	0	0	0	0	0	6	1	0	0	0	0	0	0	0	0	0	0
NP_001034792	NP_001034792	uc031poc.1	protein_coding	0	0	0	18	0	0	0	0	0	0	0	0	18	0	0	0	0	0	0	0	0	0	0	0
NP_001035022	NP_001035022	uc002jdp.1	protein_coding	2	3	2	18	7	0	0	0	0	0	0	0	11	2	0	0	0	0	3	0	2	0	2	1
NP_001035542	NP_001035542	uc003mkb.2	protein_coding	1	2	2	68	2	0	0	0	0	0	0	0	66	2	0	0	0	0	0	0	1	0	2	0
NP_001035542	NP_001035542	uc003mkc.2	protein_coding	1	2	2	68	2	0	1	0	0	0	0	0	65	2	0	0	0	0	0	0	1	0	2	0
NP_001035754	NP_001035754	uc002mna.3	protein_coding	1	0	6	27	1	0	1	0	0	0	0	0	25	6	0	0	0	0	0	0	1	0	0	0
NP_001036059	NP_001036059	uc003vlo.3	protein_coding	0	1	1	46	2	0	0	0	0	0	1	0	44	1	0	0	0	0	1	0	0	0	0	0
NP_001036069	NP_001036069	uc003eut.3	protein_coding	0	0	0	9	0	0	0	0	0	0	0	0	0	0	0	0	0	0	0	0	0	0	0	9
NP_001073315	NP_001073315	uc002cvw.3	protein_coding	3	5	21	99	9	1	1	0	0	0	0	0	90	21	0	0	1	0	1	0	2	0	4	0
NP_001078932	NP_001078932	uc001nmi.4	protein_coding	0	6	8	33	8	0	0	0	0	0	0	0	26	8	0	0	0	0	1	0	0	0	5	0
NP_001078934	NP_001078934	uc001nls.4	protein_coding	0	6	8	33	8	0	0	0	0	0	0	0	26	8	0	0	0	0	1	0	0	0	5	0
NP_001093896	NP_001093896	uc003htw.4	protein_coding	0	1	4	33	2	0	0	0	0	0	0	0	31	4	0	0	0	0	1	0	0	0	1	0
NP_001096618	NP_001096618	uc002vtq.4	protein_coding	0	1	8	38	1	0	2	0	0	1	0	0	30	7	0	0	0	0	1	0	0	0	1	5
NP_001098674	NP_001098674	uc001fkk.2	protein_coding	0	0	0	1	0	0	0	0	0	0	1	0	0	0	0	0	0	0	0	0	0	0	0	0
NP_001118	NP_001118	uc003afj.3	protein_coding	0	7	12	58	5	0	0	0	0	0	0	0	53	12	0	0	0	0	1	0	0	0	7	0
NP_001136077	NP_001136077	uc010wje.1	protein_coding	4	5	8	66	6	0	0	0	0	0	3	0	59	8	0	0	0	0	3	0	4	0	3	0
NP_001137298	NP_001137298	uc010xcb.3	protein_coding	0	0	0	44	6	0	0	0	0	0	0	0	38	0	0	0	0	0	0	0	0	0	0	0
NP_001137298	NP_001137298	uc010xcd.3	protein_coding	0	1	0	30	6	1	2	0	0	0	0	0	20	0	0	0	0	0	0	0	0	0	0	2
NP_001138241	NP_001138241	uc021zba.2	protein_coding	6	16	34	255	2	0	0	0	0	0	1	0	256	34	0	0	2	0	6	0	4	0	14	0
NP_001138242	NP_001138242	uc021zay.2	protein_coding	6	16	33	242	2	0	0	0	0	0	1	0	242	33	0	0	2	0	6	0	4	0	14	1
NP_001138388	NP_001138388	uc021pzw.1	protein_coding	2	7	1	95	4	0	1	0	0	0	1	0	90	1	0	0	1	0	0	0	1	0	7	0
NP_001138438	NP_001138438	uc002lhd.2	protein_coding	3	3	9	80	2	0	2	0	0	0	0	0	74	9	0	0	1	0	3	0	2	0	1	4
NP_001138438	NP_001138438	uc002lhg.3	protein_coding	3	3	9	60	2	0	1	0	0	0	0	0	59	9	0	0	1	0	3	0	2	0	1	0
NP_001138438	NP_001138438	uc010xee.1	protein_coding	3	3	9	108	2	0	1	0	0	0	0	0	97	9	0	0	1	0	3	0	2	0	1	10
NP_001138548	NP_001138548	uc010fap.3	protein_coding	3	3	6	51	3	1	2	0	0	0	0	0	45	6	0	0	0	0	0	0	3	0	2	1
NP_001139554	NP_001139554	uc002qdt.4	protein_coding	0	3	3	30	0	0	0	0	0	0	10	0	21	3	0	0	0	0	1	0	0	0	2	0
NP_001139588	NP_001139588	uc011afz.1	protein_coding	0	17	9	130	3	0	0	0	0	0	0	0	131	9	0	0	0	0	4	0	0	0	13	0
NP_001153697	NP_001153697	uc010lxp.3	protein_coding	0	0	0	4	0	0	0	0	0	0	0	0	0	0	0	0	0	0	0	0	0	0	0	4
NP_001153706	NP_001153706	uc010owx.2	protein_coding	2	2	5	46	1	0	0	0	0	0	11	0	36	5	0	0	2	0	1	0	0	0	2	0
NP_001154180	NP_001154180	uc001tlq.3	protein_coding	1	5	7	53	3	0	0	0	0	0	0	0	48	7	0	0	0	0	1	0	1	0	4	3
NP_001154915	NP_001154915	uc001fqc.1	protein_coding	0	2	0	12	0	0	0	0	0	0	0	0	7	0	0	0	0	0	1	0	0	0	1	6
NP_001158238	NP_001158238	uc002fcl.3	protein_coding	1	16	29	101	10	0	0	1	0	0	0	0	89	28	0	0	0	0	0	0	1	0	16	2
NP_001159736	NP_001159736	uc010ymz.2	protein_coding	0	7	12	106	4	0	0	0	0	0	0	0	101	12	0	0	0	0	2	0	0	0	5	3
NP_001159737	NP_001159737	uc002rov.3	protein_coding	0	7	12	106	4	0	0	0	0	0	0	0	102	12	0	0	0	0	3	0	0	0	4	3
NP_001159738	NP_001159738	uc010yna.2	protein_coding	0	7	12	106	4	0	0	0	0	0	0	0	102	12	0	0	0	0	3	0	0	0	4	3
NP_001161097	NP_001161097	uc001qkm.2	protein_coding	2	12	18	247	1	0	0	0	0	0	0	0	249	18	0	0	1	0	4	0	1	0	10	0
NP_001161374	NP_001161374	uc002bun.3	protein_coding	0	0	0	3	0	0	0	0	0	0	3	0	0	0	0	0	0	0	0	0	0	0	0	0
NP_001161417	NP_001161417	uc009xka.2	protein_coding	0	5	2	111	5	1	3	0	0	0	0	0	106	2	0	0	0	0	3	0	0	0	1	0
NP_001164408	NP_001164408	uc002ebe.2	protein_coding	0	2	4	22	2	0	1	0	0	0	0	0	19	4	0	0	0	0	0	0	0	0	2	0
NP_001165888	NP_001165888	uc021vyk.1	protein_coding	0	0	2	16	5	0	0	0	0	0	2	0	7	2	0	0	0	0	0	0	0	0	0	2
NP_001167002	NP_001167002	uc021yuj.1	protein_coding	0	1	0	32	3	0	0	0	0	0	2	0	15	0	0	0	0	0	1	0	0	0	0	13
NP_001171677	NP_001171677	uc021qqv.1	protein_coding	0	0	1	23	0	0	0	0	0	0	0	0	23	1	0	0	0	0	0	0	0	0	0	0
NP_001171897	NP_001171897	uc021xal.1	protein_coding	0	2	1	6	0	1	1	0	0	0	1	0	2	1	0	0	0	0	1	0	0	0	0	3
NP_001177171	NP_001177171	uc003fde.2	protein_coding	0	0	0	8	0	0	1	0	0	0	0	0	0	0	0	0	0	0	0	0	0	0	0	7
NP_001177667	NP_001177667	uc022bdp.1	protein_coding	0	2	0	98	13	1	1	0	0	0	0	0	84	0	0	0	0	0	0	0	0	0	1	0
NP_001177951	NP_001177951	uc010cek.3	protein_coding	1	1	4	31	6	0	0	0	0	0	0	0	26	4	0	0	1	0	0	0	0	0	1	0
NP_001184254	NP_001184254	uc009wmd.2	protein_coding	1	7	8	51	14	3	6	0	0	0	0	0	33	8	0	0	1	0	1	0	0	0	3	0
NP_001184254	NP_001184254	uc010pck.2	protein_coding	0	2	5	21	14	0	0	0	0	0	0	0	4	5	0	0	0	0	0	0	0	0	2	3
NP_001185594	NP_001185594	uc021qrm.1	protein_coding	1	1	2	27	0	0	1	0	0	0	6	0	20	2	0	0	0	0	0	0	1	0	1	0
NP_001185601	NP_001185601	uc009zas.2	protein_coding	0	0	0	1	0	0	0	0	0	0	1	0	0	0	0	0	0	0	0	0	0	0	0	0
NP_001185602	NP_001185602	uc021qrl.1	protein_coding	0	0	0	1	0	0	0	0	0	0	1	0	0	0	0	0	0	0	0	0	0	0	0	0
NP_001185604	NP_001185604	uc001pxi.2	protein_coding	0	0	0	1	0	0	0	0	0	0	1	0	0	0	0	0	0	0	0	0	0	0	0	0
NP_001185708	NP_001185708	uc021ppa.1	protein_coding	0	1	3	32	3	0	0	0	0	0	0	0	29	3	0	0	0	0	1	0	0	0	0	1
NP_001186118	NP_001186118	uc003kja.3	protein_coding	0	0	0	3	0	0	0	0	0	0	3	0	0	0	0	0	0	0	0	0	0	0	0	0
NP_001186589	NP_001186589	uc003xln.2	protein_coding	0	0	0	8	0	0	0	0	0	0	5	0	0	0	0	0	0	0	0	0	0	0	0	3
NP_001186589	NP_001186589	uc003xlo.2	protein_coding	0	0	0	5	0	0	0	0	0	0	5	0	0	0	0	0	0	0	0	0	0	0	0	0
NP_001186873	NP_001186873	uc002mak.3	protein_coding	0	5	1	33	1	0	1	0	0	0	0	0	34	1	0	0	0	0	3	0	0	0	2	0
NP_001191065	NP_001191065	uc002lem.4	protein_coding	0	3	9	25	0	0	0	0	0	0	3	0	22	9	0	0	0	0	0	0	0	0	3	0
NP_001191067	NP_001191067	uc021ukd.1	protein_coding	0	4	8	25	2	0	0	0	0	0	4	0	19	8	0	0	0	0	0	0	0	0	4	0
NP_001191069	NP_001191069	uc021uke.1	protein_coding	0	4	6	27	2	0	0	0	0	0	4	0	21	6	0	0	0	0	0	0	0	0	4	0
NP_001191070	NP_001191070	uc002leg.3	protein_coding	0	2	8	27	3	0	0	0	0	0	0	0	24	8	0	0	0	0	0	0	0	0	2	0
NP_001191072	NP_001191072	uc010xdj.2	protein_coding	1	3	6	27	0	0	0	0	0	0	3	0	25	6	0	0	1	0	0	0	0	0	3	0
NP_001191764	NP_001191764	uc021uts.1	protein_coding	2	0	5	13	2	0	2	0	0	0	0	0	9	5	0	0	0	0	0	0	2	0	0	0
NP_001191766	NP_001191766	uc002ofd.3	protein_coding	2	1	4	14	2	1	1	0	0	0	0	0	11	4	0	0	0	0	0	0	2	0	0	0
NP_001191766	NP_001191766	uc010efe.3	protein_coding	2	1	4	14	2	1	1	0	0	0	0	0	11	4	0	0	0	0	0	0	2	0	0	0
NP_001191767	NP_001191767	uc010efg.3	protein_coding	0	1	5	28	0	0	2	0	0	0	0	0	26	5	0	0	0	0	0	0	0	0	1	0
NP_001193946	NP_001193946	uc011ale.2	protein_coding	1	8	9	45	0	0	0	0	0	0	0	0	43	9	0	0	0	0	3	0	1	0	5	5
NP_001193947	NP_001193947	uc011alf.2	protein_coding	0	6	8	49	3	0	0	0	0	0	0	0	38	8	0	0	0	0	3	0	0	0	3	11
NP_001207696	NP_001207696	uc022act.1	protein_coding	0	3	2	33	4	1	1	0	0	0	0	0	25	2	0	0	0	0	0	0	0	0	2	3
NP_001207698	NP_001207698	uc022acw.1	protein_coding	0	3	1	34	4	1	1	0	0	0	0	0	26	1	0	0	0	0	0	0	0	0	2	3
NP_001207699	NP_001207699	uc022acv.1	protein_coding	0	3	1	34	4	1	1	0	0	0	0	0	26	1	0	0	0	0	0	0	0	0	2	3
NP_001207701	NP_001207701	uc022acs.1	protein_coding	0	3	1	34	4	1	1	0	0	0	0	0	26	1	0	0	0	0	0	0	0	0	2	3
NP_001207702	NP_001207702	uc022acz.1	protein_coding	0	3	2	33	4	1	1	0	0	0	0	0	25	2	0	0	0	0	0	0	0	0	2	3
NP_001207703	NP_001207703	uc022acy.1	protein_coding	0	3	2	33	4	1	1	0	0	0	0	0	25	2	0	0	0	0	0	0	0	0	2	3
NP_001207704	NP_001207704	uc022acr.1	protein_coding	0	3	1	34	4	1	1	0	0	0	0	0	26	1	0	0	0	0	0	0	0	0	2	3
NP_001207705	NP_001207705	uc003tpa.4	protein_coding	0	3	1	34	4	1	1	0	0	0	0	0	26	1	0	0	0	0	0	0	0	0	2	3
NP_001229529	NP_001229529	uc010zvm.2	protein_coding	0	3	5	61	1	1	5	0	0	0	0	0	55	5	0	0	0	0	2	0	0	0	1	1
NP_001230673	NP_001230673	uc004avi.4	protein_coding	0	2	2	64	5	0	1	0	0	0	4	0	55	2	0	0	0	0	1	0	0	0	1	0
NP_001230675	NP_001230675	uc010wqp.2	protein_coding	0	2	3	44	3	0	0	0	0	0	16	0	25	3	0	0	0	0	1	0	0	0	2	0
NP_001230913	NP_001230913	uc021qlq.1	protein_coding	0	2	5	16	0	0	0	0	0	0	0	0	17	5	0	0	0	0	1	0	0	0	1	0
NP_001230914	NP_001230914	uc001off.3	protein_coding	0	2	4	17	0	0	0	0	0	0	0	0	18	4	0	0	0	0	1	0	0	0	1	0
NP_001231630	NP_001231630	uc021rve.1	protein_coding	0	4	5	50	21	0	4	0	0	0	1	0	22	5	0	0	0	0	0	0	0	0	4	2
NP_001231739	NP_001231739	uc021xao.1	protein_coding	2	2	3	113	6	1	2	0	0	0	0	0	105	3	0	0	0	0	0	0	2	0	1	0
NP_001231742	NP_001231742	uc003doi.3	protein_coding	2	0	3	42	6	0	0	0	0	0	0	0	35	3	0	0	0	0	0	0	2	0	0	1
NP_001234925	NP_001234925	uc011liw.2	protein_coding	0	3	11	107	3	0	0	0	0	0	2	0	104	11	0	0	0	0	2	0	0	0	1	0
NP_001239198	NP_001239198	uc021opv.1	protein_coding	0	0	0	4	0	0	0	0	0	0	4	0	0	0	0	0	0	0	0	0	0	0	0	0
NP_001239199	NP_001239199	uc021opw.1	protein_coding	0	0	0	4	0	0	0	0	0	0	4	0	0	0	0	0	0	0	0	0	0	0	0	0
NP_001239200	NP_001239200	uc021opu.1	protein_coding	0	0	0	4	0	0	0	0	0	0	4	0	0	0	0	0	0	0	0	0	0	0	0	0
NP_001240693	NP_001240693	uc021yef.1	protein_coding	0	0	0	5	0	0	0	0	0	0	5	0	0	0	0	0	0	0	0	0	0	0	0	0
NP_001240837	NP_001240837	uc021pml.1	protein_coding	0	2	0	39	2	0	1	0	0	0	0	0	34	0	0	0	0	0	0	0	0	0	2	2
NP_001242974	NP_001242974	uc011bmn.3	protein_coding	0	1	1	31	0	0	0	0	0	0	0	0	30	1	0	0	0	0	0	0	0	0	1	1
NP_001243009	NP_001243009	uc010ycm.2	protein_coding	0	1	1	19	0	0	0	0	0	0	0	0	16	1	0	0	0	0	0	0	0	0	1	3
NP_001243265	NP_001243265	uc031pok.1	protein_coding	0	4	5	72	0	0	1	0	0	0	0	0	71	5	0	0	0	0	0	0	0	0	4	0
NP_001243266	NP_001243266	uc010ozp.3	protein_coding	0	3	4	74	0	0	2	0	0	0	0	0	72	4	0	0	0	0	0	0	0	0	3	0
NP_001243267	NP_001243267	uc001epo.5	protein_coding	0	5	4	72	0	0	0	0	0	0	0	0	72	4	0	0	0	0	0	0	0	0	5	0
NP_001243727	NP_001243727	uc031rss.1	protein_coding	0	0	0	1	0	0	0	0	0	0	1	0	0	0	0	0	0	0	0	0	0	0	0	0
NP_001243763	NP_001243763	uc010vuu.3	protein_coding	1	3	2	12	0	0	0	0	0	0	0	0	12	2	0	0	0	0	0	0	1	0	3	0
NP_001243874	NP_001243874	uc031pkt.1	protein_coding	0	1	0	12	5	0	0	0	0	0	7	0	0	0	0	0	0	0	0	0	0	0	1	0
NP_001243876	NP_001243876	uc031pku.1	protein_coding	0	0	0	6	0	0	0	0	0	0	6	0	0	0	0	0	0	0	0	0	0	0	0	0
NP_001245200	NP_001245200	uc010hge.3	protein_coding	0	3	3	63	0	2	3	0	0	0	16	0	44	3	0	0	0	0	0	0	0	0	1	0
NP_001245203	NP_001245203	uc003cgn.4	protein_coding	0	3	2	62	0	0	2	0	0	0	16	0	41	2	0	0	0	0	0	0	0	0	3	3
NP_001245203	NP_001245203	uc003cgo.3	protein_coding	0	3	2	62	0	0	2	0	0	0	16	0	41	2	0	0	0	0	0	0	0	0	3	3
NP_001245203	NP_001245203	uc011ayb.2	protein_coding	0	5	2	62	0	2	4	0	0	0	16	0	42	2	0	0	0	0	0	0	0	0	3	0
NP_001245203	NP_001245203	uc011ayd.2	protein_coding	0	3	2	62	0	0	2	0	0	0	16	0	41	2	0	0	0	0	0	0	0	0	3	3
NP_001245283	NP_001245283	uc010wjf.1	protein_coding	5	5	8	65	6	0	0	0	0	0	3	0	58	8	0	0	0	0	3	1	4	0	3	0
NP_001245327	NP_001245327	uc031raz.1	protein_coding	0	0	0	1	0	0	0	0	0	0	0	0	0	0	0	0	0	0	0	0	0	0	0	1
NP_001245328	NP_001245328	uc031raw.1	protein_coding	0	0	0	1	0	0	0	0	0	0	0	0	0	0	0	0	0	0	0	0	0	0	0	1
NP_001245362	NP_001245362	uc010mee.2	protein_coding	0	1	5	63	9	0	0	0	0	0	0	0	53	5	0	0	0	0	1	0	0	0	0	2
NP_001253974	NP_001253974	uc002ibs.4	protein_coding	3	4	1	28	7	4	8	0	0	0	0	0	13	1	0	0	1	0	1	0	2	0	0	1
NP_001257895	NP_001257895	uc001kvh.2	protein_coding	0	0	0	29	0	0	0	0	0	0	29	0	0	0	0	0	0	0	0	0	0	0	0	0
NP_001258152	NP_001258152	uc001hsq.2	protein_coding	9	64	95	308	0	0	1	0	0	0	0	0	315	95	0	0	2	0	8	0	7	0	58	0
NP_001258531	NP_001258531	uc011cdn.2	protein_coding	3	3	7	50	3	0	0	0	0	0	0	0	49	7	0	0	2	0	0	0	1	0	3	0
NP_001258537	NP_001258537	uc010cvq.3	protein_coding	0	4	1	56	14	2	7	0	0	0	0	0	35	1	0	0	0	0	1	0	0	0	1	0
NP_001258901	NP_001258901	uc011dvr.2	protein_coding	0	5	3	18	0	0	0	0	0	0	0	0	18	3	0	0	0	0	0	0	0	0	5	0
NP_001263215	NP_001263215	uc003dwo.5	protein_coding	0	0	1	19	1	0	0	0	0	0	0	0	10	1	0	0	0	0	0	0	0	0	0	8
NP_001263219	NP_001263219	uc031ref.1	protein_coding	0	0	1	73	0	0	0	0	0	0	0	0	67	1	0	0	0	0	0	0	0	0	0	6
NP_001265003	NP_001265003	uc031tfl.1	protein_coding	7	12	18	258	14	0	2	0	0	0	0	0	251	18	0	0	4	0	6	0	3	0	7	0
NP_001265157	NP_001265157	uc009wqp.2	protein_coding	0	0	0	1	0	0	0	0	0	0	1	0	0	0	0	0	0	0	0	0	0	0	0	0
NP_001265196	NP_001265196	uc021ott.2	protein_coding	0	0	0	18	0	0	0	0	0	0	0	0	18	0	0	0	0	0	0	0	0	0	0	0
NP_001732	NP_001732	uc001mlv.1	protein_coding	0	0	2	7	3	0	0	0	0	0	2	0	2	2	0	0	0	0	0	0	0	0	0	0
NP_001732	NP_001732	uc001mlw.1	protein_coding	0	0	2	7	3	0	0	0	0	0	2	0	2	2	0	0	0	0	0	0	0	0	0	0
NP_002017	NP_002017	uc002vfe.3	protein_coding	5	15	16	86	2	1	1	0	0	0	0	0	86	16	0	0	1	0	4	0	4	0	12	0
NP_002996	NP_002996	uc001ggi.4	protein_coding	0	0	0	3	0	0	0	0	0	0	3	0	0	0	0	0	0	0	0	0	0	0	0	0
NP_003143	NP_003143	uc010cye.1	protein_coding	0	0	0	12	0	0	0	0	0	0	12	0	0	0	0	0	0	0	0	0	0	0	0	0
NP_004232	NP_004232	uc001jml.3	protein_coding	2	4	14	57	2	0	2	0	0	0	0	0	53	14	0	0	0	0	0	0	2	0	4	0
NP_004646	NP_004646	uc002jfi.3	protein_coding	1	5	5	22	9	0	0	0	0	0	0	0	13	5	0	0	0	0	0	0	1	0	5	0
NP_005367	NP_005367	uc001cet.2	protein_coding	0	4	2	16	0	0	0	0	0	0	13	0	3	2	0	0	0	0	0	0	0	0	4	0
NP_005474	NP_005474	uc002mal.3	protein_coding	0	0	0	4	0	0	0	0	0	0	0	0	0	0	0	0	0	0	0	0	0	0	0	4
NP_005654	NP_005654	uc003gem.3	protein_coding	0	0	0	3	0	0	0	0	0	0	3	0	0	0	0	0	0	0	0	0	0	0	0	0
NP_005928	NP_005928	uc002hqi.4	protein_coding	2	9	7	53	13	0	0	0	0	0	0	0	41	7	0	0	0	0	3	0	2	0	7	1
NP_005928	NP_005928	uc002hqk.4	protein_coding	1	3	0	38	13	0	3	0	0	0	0	0	12	0	0	0	0	0	2	0	1	0	1	11
NP_006197	NP_006197	uc003haa.3	protein_coding	1	4	3	271	7	0	3	0	0	0	1	1	260	3	0	0	0	0	0	0	0	0	4	0
NP_009228	NP_009228	uc010cyx.3	protein_coding	2	6	11	44	4	0	0	0	0	0	0	0	41	11	0	0	0	0	1	0	2	0	5	0
NP_037431	NP_037431	uc001ocm.3	protein_coding	0	0	0	17	0	0	0	0	0	0	17	0	0	0	0	0	0	0	0	0	0	0	0	0
NP_055918	NP_055918	uc003emx.2	protein_coding	1	23	19	86	11	0	0	0	0	0	0	0	81	19	0	0	1	0	5	0	0	0	18	0
NP_056153	NP_056153	uc002wxs.3	protein_coding	4	6	10	36	10	2	2	0	0	0	0	0	24	10	0	0	0	0	0	0	4	0	4	0
NP_056327	NP_056327	uc011bef.2	protein_coding	0	0	0	24	0	0	0	0	0	0	24	0	0	0	0	0	0	0	0	0	0	0	0	0
NP_060176	NP_060176	uc003lgr.4	protein_coding	0	0	0	8	0	0	0	0	0	0	0	0	0	0	0	0	0	0	0	0	0	0	0	8
NP_061747	NP_061747	uc003ljw.2	protein_coding	0	2	3	172	18	0	0	0	0	0	0	0	155	3	0	0	0	0	1	0	0	0	1	0
NP_061936	NP_061936	uc002rsi.3	protein_coding	3	3	6	51	3	1	2	0	0	0	0	0	45	6	0	0	0	0	0	0	3	0	2	1
NP_064732	NP_064732	uc021qya.1	protein_coding	2	1	7	34	9	0	0	0	0	0	1	0	21	7	0	0	1	0	0	0	1	0	1	4
NP_065799	NP_065799	uc002izn.3	protein_coding	0	0	0	1	0	0	0	0	0	0	1	0	0	0	0	0	0	0	0	0	0	0	0	0
NP_065813	NP_065813	uc001srt.3	protein_coding	0	2	4	49	0	0	0	0	0	0	2	0	45	4	0	0	0	0	0	0	0	0	2	2
NP_065871	NP_065871	uc002xtw.1	protein_coding	2	16	20	157	13	0	0	0	0	0	0	0	150	20	0	0	1	0	7	0	1	0	11	0
NP_065972	NP_065972	uc001wyi.3	protein_coding	7	15	10	73	9	1	1	0	0	0	0	0	65	10	0	0	1	0	3	0	6	0	13	0
NP_066189	NP_066189	uc011kko.2	protein_coding	0	0	0	18	0	0	0	0	0	0	0	0	0	0	0	0	0	0	0	0	0	0	0	18
NP_073579	NP_073579	uc003vnv.2	protein_coding	2	1	11	46	1	0	1	0	0	0	0	0	36	11	0	0	1	0	0	0	1	0	1	9
NP_077742	NP_077742	uc001mto.2	protein_coding	0	3	3	30	5	0	0	0	0	0	0	0	25	3	0	0	0	0	0	0	0	0	3	0
NP_077744	NP_077744	uc001mtn.2	protein_coding	0	3	3	30	5	0	0	0	0	0	0	0	25	3	0	0	0	0	0	0	0	0	3	0
NP_078844	NP_078844	uc001epn.5	protein_coding	0	5	4	73	0	1	3	0	0	0	0	0	70	4	0	0	0	0	0	0	0	0	4	0
NP_079409	NP_079409	uc010fbl.3	protein_coding	1	0	0	26	4	0	0	0	0	0	17	0	5	0	0	0	0	0	0	0	0	1	0	0
NP_112219	NP_112219	uc002mkj.1	protein_coding	0	0	0	5	0	0	0	0	0	0	5	0	0	0	0	0	0	0	0	0	0	0	0	0
NP_114432	NP_114432	uc002izk.2	protein_coding	3	4	4	60	1	0	0	0	0	0	0	0	60	4	0	0	1	0	0	0	2	0	4	0
NP_114432	NP_114432	uc002izl.1	protein_coding	0	1	1	40	1	0	0	0	0	0	6	0	26	1	0	0	0	0	0	0	0	0	1	7
NP_115582	NP_115582	uc002ekq.1	protein_coding	1	5	5	91	2	0	6	0	0	0	0	0	64	5	0	0	1	0	3	0	0	0	2	22
NP_149062	NP_149062	uc003qot.4	protein_coding	18	38	59	296	6	0	1	0	0	0	1	0	299	59	0	0	5	0	10	0	13	0	32	0
NP_570711	NP_570711	uc001obm.3	protein_coding	1	3	4	21	5	0	0	0	0	0	0	0	18	4	0	0	1	0	1	0	0	0	2	0
NP_570716	NP_570716	uc001obj.3	protein_coding	1	3	4	21	5	0	0	0	0	0	0	0	18	4	0	0	1	0	1	0	0	0	2	0
NP_570716	NP_570716	uc001obk.3	protein_coding	1	3	4	21	5	0	0	0	0	0	0	0	18	4	0	0	1	0	1	0	0	0	2	0
NP_570716	NP_570716	uc001obn.3	protein_coding	1	3	4	21	5	0	0	0	0	0	0	0	18	4	0	0	1	0	1	0	0	0	2	0
NP_570716	NP_570716	uc001obo.3	protein_coding	1	3	4	21	5	0	0	0	0	0	0	0	18	4	0	0	1	0	1	0	0	0	2	0
NP_570716	NP_570716	uc001obq.3	protein_coding	1	3	4	21	5	0	0	0	0	0	0	0	18	4	0	0	1	0	1	0	0	0	2	0
NP_570716	NP_570716	uc001obr.3	protein_coding	1	3	4	21	5	0	0	0	0	0	0	0	18	4	0	0	1	0	1	0	0	0	2	0
NP_573574	NP_573574	uc010igp.1	protein_coding	0	4	3	11	1	1	1	0	0	0	6	0	2	3	0	0	0	0	0	0	0	0	3	1
NP_660153	NP_660153	uc001jtx.3	protein_coding	0	1	4	32	2	0	0	0	0	0	0	0	21	4	0	0	0	0	1	0	0	0	0	10
NP_660153	NP_660153	uc009xrc.3	protein_coding	1	2	6	42	2	0	0	0	0	0	0	0	42	6	0	0	0	0	3	1	0	0	0	0
NP_663782	NP_663782	uc003afi.3	protein_coding	0	7	12	58	5	0	0	0	0	0	0	0	53	12	0	0	0	0	1	0	0	0	7	0
NP_689982	NP_689982	uc002lrm.3	protein_coding	0	0	0	7	0	0	0	0	0	0	7	0	0	0	0	0	0	0	0	0	0	0	0	0
NP_690850	NP_690850	uc001dli.3	protein_coding	5	2	5	86	6	0	0	0	0	0	0	0	83	5	0	0	4	0	4	0	1	0	1	2
NP_700357	NP_700357	uc001oal.2	protein_coding	0	0	0	4	0	0	0	0	0	0	4	0	0	0	0	0	0	0	0	0	0	0	0	0
NP_803136	NP_803136	uc002pbe.3	protein_coding	0	0	0	10	0	0	0	0	0	0	10	0	0	0	0	0	0	0	0	0	0	0	0	0
NP_851565	NP_851565	uc002dor.2	protein_coding	0	4	11	39	1	1	2	0	0	0	0	0	36	11	0	0	0	0	0	0	0	0	3	0
NP_872339	NP_872339	uc001aiy.3	protein_coding	0	0	0	6	0	0	0	0	0	0	6	0	0	0	0	0	0	0	0	0	0	0	0	0
NP_891989	NP_891989	uc001wyo.3	protein_coding	6	15	10	70	0	1	1	0	0	0	10	0	60	10	0	0	0	0	3	0	6	0	13	0
NP_891991	NP_891991	uc001wym.2	protein_coding	7	15	10	71	0	1	1	0	0	0	9	0	63	10	0	0	1	0	3	0	6	0	13	0
NP_899236	NP_899236	uc021zaz.2	protein_coding	6	17	33	236	2	0	0	0	0	0	1	0	238	33	0	0	2	0	7	0	4	0	14	0
NP_940839	NP_940839	uc002xxd.1	protein_coding	0	0	1	11	3	0	0	0	0	0	0	0	8	1	0	0	0	0	0	0	0	0	0	0
NP_940839	NP_940839	uc002xxe.1	protein_coding	0	0	1	11	3	0	0	0	0	0	0	0	8	1	0	0	0	0	0	0	0	0	0	0
NP_940839	NP_940839	uc002xxf.1	protein_coding	0	0	1	11	3	0	0	0	0	0	0	0	8	1	0	0	0	0	0	0	0	0	0	0
NP_940839	NP_940839	uc002xxg.1	protein_coding	0	0	1	11	3	0	0	0	0	0	0	0	8	1	0	0	0	0	0	0	0	0	0	0
NP_940839	NP_940839	uc002xxh.1	protein_coding	0	0	1	11	3	0	0	0	0	0	0	0	8	1	0	0	0	0	0	0	0	0	0	0
NP_940839	NP_940839	uc002xxi.1	protein_coding	0	0	1	11	3	0	0	0	0	0	0	0	8	1	0	0	0	0	0	0	0	0	0	0
NP_940839	NP_940839	uc002xxj.1	protein_coding	0	0	1	11	3	0	0	0	0	0	0	0	8	1	0	0	0	0	0	0	0	0	0	0
NP_940842	NP_940842	uc002zyi.3	protein_coding	0	0	0	8	0	0	0	0	0	0	8	0	0	0	0	0	0	0	0	0	0	0	0	0
NP_940980	NP_940980	uc001rmg.4	protein_coding	2	9	10	119	0	0	0	0	0	0	0	0	120	10	0	0	0	0	4	0	2	0	7	1
NP_942135	NP_942135	uc002hnk.3	protein_coding	3	16	17	144	11	2	3	0	0	0	0	0	134	17	0	0	1	0	4	0	2	0	11	0
NP_976034	NP_976034	uc003nsu.3	protein_coding	0	4	0	32	3	3	8	0	0	0	2	0	7	0	0	0	0	0	1	0	0	0	0	13
NP_976221	NP_976221	uc002waz.3	protein_coding	2	4	12	69	11	0	0	0	0	0	1	0	58	12	0	0	0	0	1	0	2	0	3	0
NP_976221	NP_976221	uc002wba.3	protein_coding	2	4	12	76	11	0	0	0	0	0	1	0	65	12	0	0	0	0	1	0	2	0	3	0
NP_996773	NP_996773	uc002zjm.3	protein_coding	0	6	8	94	0	0	0	0	0	0	14	0	81	8	0	0	0	0	1	0	0	0	5	0
NP_996774	NP_996774	uc002zjl.3	protein_coding	0	6	8	92	2	0	0	0	0	0	14	0	77	8	0	0	0	0	1	0	0	0	5	0
NP_996826	NP_996826	uc021vft.1	protein_coding	0	10	14	133	4	0	0	0	0	0	0	0	131	14	0	0	0	0	2	0	0	0	8	0
NP_997639	NP_997639	uc002vfh.3	protein_coding	2	14	12	94	2	1	1	0	0	0	0	0	94	12	0	0	1	0	3	0	1	0	11	0
NP_997641	NP_997641	uc002vfg.3	protein_coding	4	15	13	90	2	1	1	0	0	0	0	0	90	13	0	0	1	0	3	0	3	0	12	0
NP_997643	NP_997643	uc002vff.3	protein_coding	5	15	16	86	2	1	1	0	0	0	0	0	86	16	0	0	1	0	4	0	4	0	12	0
NP_997647	NP_997647	uc002vfa.3	protein_coding	5	16	18	83	2	1	1	0	0	0	0	0	83	18	0	0	1	0	3	0	4	0	13	0
NP_998827	NP_998827	uc002hzk.1	protein_coding	0	6	8	53	16	0	0	0	0	0	0	0	39	8	0	0	0	0	5	0	0	0	4	0
O00160	O00160	uc002mkg.3	protein_coding	0	7	13	55	1	0	2	0	0	0	0	0	54	13	0	0	0	0	4	0	0	0	3	2
O00221	O00221	uc003oxe.1	protein_coding	0	0	0	7	0	0	0	0	0	0	7	0	0	0	0	0	0	0	0	0	0	0	0	0
O00231	O00231	uc002hhm.4	protein_coding	2	4	2	21	5	0	0	0	0	0	0	0	18	2	0	0	1	0	2	0	1	0	3	0
O00231	O00231	uc010cta.2	protein_coding	2	4	2	21	5	0	0	0	0	0	0	0	18	2	0	0	1	0	2	0	1	0	3	0
O00255-3	O00255-3	uc001obl.3	protein_coding	1	3	4	21	5	0	0	0	0	0	0	0	18	4	0	0	1	0	1	0	0	0	2	0
O00472	O00472	uc003klr.4	protein_coding	0	1	2	21	3	0	3	0	0	0	0	0	15	2	0	0	0	0	0	0	0	0	1	0
O00512	O00512	uc001epq.3	protein_coding	3	8	19	24	7	0	1	0	0	0	1	0	15	19	0	0	0	0	0	0	3	0	8	0
O00512	O00512	uc010ozr.1	protein_coding	3	7	19	23	0	0	1	0	0	0	8	0	12	19	0	0	0	0	0	0	3	0	7	2
O00712	O00712	uc003zle.3	protein_coding	0	2	0	86	13	1	5	0	0	0	0	0	62	0	0	0	0	0	0	0	0	0	1	6
O00716	O00716	uc003ncz.2	protein_coding	0	3	2	21	0	0	0	0	0	0	3	0	18	2	0	0	0	0	0	0	0	0	3	0
O00716	O00716	uc003nda.2	protein_coding	0	3	3	36	13	0	0	0	0	0	1	0	22	3	0	0	0	0	0	0	0	0	3	0
O14521	O14521	uc001pmz.4	protein_coding	0	0	0	9	0	0	0	0	0	0	3	0	5	0	0	0	0	0	0	0	0	0	0	1
O14521	O14521	uc031qed.1	protein_coding	0	0	0	9	0	0	0	0	0	0	3	0	5	0	0	0	0	0	0	0	0	0	0	1
O14776	O14776	uc003lob.3	protein_coding	0	5	9	36	1	0	0	0	0	0	2	0	34	9	0	0	0	0	2	0	0	0	3	1
O14776-2	O14776-2	uc003loc.3	protein_coding	0	5	9	36	1	0	0	0	0	0	2	0	34	9	0	0	0	0	2	0	0	0	3	1
O14818	O14818	uc002ybx.2	protein_coding	0	0	0	1	0	0	0	0	0	0	0	0	0	0	0	0	0	0	0	0	0	0	0	1
O14827	O14827	uc003kha.2	protein_coding	0	3	12	106	0	0	1	0	0	0	0	0	105	12	0	0	0	0	1	0	0	0	3	0
O14920	O14920	uc003xow.2	protein_coding	2	4	9	50	1	0	1	0	0	0	0	0	49	9	0	0	0	0	1	0	2	0	3	0
O14920	O14920	uc003xox.2	protein_coding	1	5	5	56	1	2	8	0	0	0	0	0	48	5	0	0	0	0	1	0	1	0	2	0
O14920-2	O14920-2	uc011lcq.2	protein_coding	2	5	9	49	1	0	0	0	0	0	0	0	49	9	0	0	0	0	1	0	2	0	4	0
O14920-4	O14920-4	uc011lcr.2	protein_coding	2	3	9	51	1	0	1	0	0	0	0	0	50	9	0	0	0	0	1	0	2	0	2	0
O14980	O14980	uc002sbh.3	protein_coding	1	0	4	29	2	0	0	0	0	0	1	0	20	4	0	0	0	0	1	0	1	0	0	6
O14980	O14980	uc002sbj.3	protein_coding	1	1	5	49	2	1	3	0	0	0	1	0	43	5	0	0	0	0	1	0	1	0	0	0
O14980	O14980	uc002sbk.3	protein_coding	1	2	4	50	2	2	7	0	0	0	1	0	40	4	0	0	0	0	1	0	1	0	0	0
O14980	O14980	uc010fcl.3	protein_coding	1	0	5	49	2	0	0	0	0	0	1	0	43	5	0	0	0	0	1	0	1	0	0	3
O14980	O14980	uc010ypn.2	protein_coding	1	0	5	49	2	0	0	0	0	0	1	0	45	5	0	0	0	0	1	0	1	0	0	1
O14981	O14981	uc001khr.3	protein_coding	3	4	6	71	2	0	1	0	0	0	0	0	68	6	0	0	0	0	0	1	2	0	4	0
O15067	O15067	uc002gkr.3	protein_coding	1	11	22	32	0	0	0	0	0	0	0	0	31	22	0	0	0	0	1	0	1	0	10	2
O15067	O15067	uc010vuv.2	protein_coding	1	7	14	46	0	2	11	0	0	0	0	0	34	14	0	0	0	0	1	0	1	0	4	2
O15111	O15111	uc001kqp.3	protein_coding	1	2	7	24	4	0	0	0	0	0	0	0	20	7	0	0	0	0	2	0	1	0	2	0
O15119	O15119	uc001tvt.1	protein_coding	1	0	0	27	8	0	3	0	0	0	0	0	16	0	0	0	0	0	0	0	1	0	0	0
O15119-2	O15119-2	uc001tvu.1	protein_coding	1	0	0	27	8	0	3	0	0	0	0	0	16	0	0	0	0	0	0	0	1	0	0	0
O15287	O15287	uc003zwb.1	protein_coding	0	2	14	15	1	1	2	0	0	0	0	0	13	14	0	0	0	0	5	0	0	0	0	0
O15287	O15287	uc010mkj.1	protein_coding	0	4	8	21	1	2	5	0	0	0	0	0	16	8	0	0	0	0	5	0	0	0	0	0
O15287	O15287	uc011lot.1	protein_coding	0	1	9	20	0	0	1	0	0	0	7	0	13	9	0	0	0	0	4	0	0	0	0	0
O15393	O15393	uc002yzj.3	protein_coding	1	2	4	57	9	0	0	0	0	0	0	0	47	4	0	0	0	0	0	0	1	0	2	1
O15393	O15393	uc010gos.1	protein_coding	1	2	4	59	0	0	0	0	0	0	10	0	49	4	0	0	0	0	0	0	1	0	2	0
O15530	O15530	uc002cqs.4	protein_coding	0	2	0	23	7	1	1	0	0	0	0	0	15	0	0	0	0	0	0	0	0	0	1	0
O15530	O15530	uc002cqu.4	protein_coding	0	1	0	23	7	0	0	0	0	0	0	0	15	0	0	0	0	0	0	0	0	0	1	1
O15530-4	O15530-4	uc002cqt.4	protein_coding	0	2	0	23	7	1	1	0	0	0	0	0	15	0	0	0	0	0	0	0	0	0	1	0
O15534	O15534	uc002gkd.3	protein_coding	0	11	14	34	2	0	1	0	1	0	0	0	32	13	0	0	0	0	2	0	0	0	10	0
O43248	O43248	uc001sem.3	protein_coding	1	2	3	7	6	0	0	0	0	0	0	0	1	3	0	0	0	0	0	0	1	0	2	0
O43295	O43295	uc003brf.2	protein_coding	0	1	9	126	19	0	3	0	0	0	0	0	102	9	0	0	0	0	0	0	0	0	1	2
O43295-2	O43295-2	uc003brg.2	protein_coding	0	1	8	127	19	0	3	0	0	0	0	0	103	8	0	0	0	0	0	0	0	0	1	2
O43295-3	O43295-3	uc003brk.4	protein_coding	0	0	1	60	3	0	3	0	0	0	7	0	45	1	0	0	0	0	0	0	0	0	0	2
O43677	O43677	uc003ihs.3	protein_coding	0	0	0	2	0	0	0	0	0	0	0	0	0	0	0	0	0	0	0	0	0	0	0	2
O43677	O43677	uc003iht.3	protein_coding	0	0	0	2	0	0	0	0	0	0	0	0	0	0	0	0	0	0	0	0	0	0	0	2
O43677	O43677	uc021xrz.1	protein_coding	0	0	0	2	0	0	0	0	0	0	0	0	0	0	0	0	0	0	0	0	0	0	0	2
O43677	O43677	uc021xsa.1	protein_coding	0	0	0	3	0	0	0	0	0	0	0	0	2	0	0	0	0	0	0	0	0	0	0	1
O43677	O43677	uc021xsb.1	protein_coding	0	0	0	3	0	0	0	0	0	0	0	0	2	0	0	0	0	0	0	0	0	0	0	1
O43677	O43677	uc021xsc.1	protein_coding	0	0	0	3	0	0	0	0	0	0	0	0	2	0	0	0	0	0	0	0	0	0	0	1
O43677	O43677	uc021xsd.1	protein_coding	0	0	0	3	0	0	0	0	0	0	0	0	2	0	0	0	0	0	0	0	0	0	0	1
O43678	O43678	uc003lgp.3	protein_coding	0	3	0	11	0	1	4	0	0	0	0	0	0	0	0	0	0	0	0	0	0	0	2	7
O43791	O43791	uc002ipb.3	protein_coding	0	1	4	25	2	1	3	0	0	0	2	0	18	4	0	0	0	0	1	0	0	0	0	0
O43791	O43791	uc002ipc.3	protein_coding	0	1	4	25	2	1	3	0	0	0	2	0	18	4	0	0	0	0	1	0	0	0	0	0
O43791	O43791	uc002ipd.3	protein_coding	0	1	4	25	2	1	3	0	0	0	2	0	18	4	0	0	0	0	1	0	0	0	0	0
O43791	O43791	uc002ipe.3	protein_coding	0	1	4	25	2	1	3	0	0	0	2	0	18	4	0	0	0	0	1	0	0	0	0	0
O43791	O43791	uc002ipf.3	protein_coding	0	1	4	25	2	1	3	0	0	0	2	0	18	4	0	0	0	0	1	0	0	0	0	0
O43791	O43791	uc002ipg.3	protein_coding	0	1	4	25	2	1	3	0	0	0	2	0	18	4	0	0	0	0	1	0	0	0	0	0
O43791	O43791	uc010dbk.3	protein_coding	0	1	4	22	2	1	1	0	0	0	2	0	17	4	0	0	0	0	1	0	0	0	0	0
O60330	O60330	uc003lkt.2	protein_coding	2	5	7	122	18	0	0	0	0	0	0	0	89	7	0	0	0	0	1	0	2	0	4	16
O60330-2	O60330-2	uc011dba.2	protein_coding	2	3	4	16	0	0	0	0	0	0	0	0	0	4	0	0	0	0	0	0	2	0	3	16
O60516	O60516	uc003lfy.1	protein_coding	0	2	0	8	0	0	0	0	0	0	1	0	2	0	0	0	0	0	2	0	0	0	0	7
O60610	O60610	uc003llb.4	protein_coding	0	0	0	20	0	0	0	0	0	0	20	0	0	0	0	0	0	0	0	0	0	0	0	0
O60610	O60610	uc021yep.1	protein_coding	0	0	0	20	0	0	0	0	0	0	20	0	0	0	0	0	0	0	0	0	0	0	0	0
O60662	O60662	uc002ueu.1	protein_coding	0	0	0	7	0	0	0	0	0	0	7	0	0	0	0	0	0	0	0	0	0	0	0	0
O60716	O60716	uc001nlx.4	protein_coding	0	6	5	36	8	0	0	0	0	0	0	0	29	5	0	0	0	0	1	0	0	0	5	0
O60716	O60716	uc001nmc.4	protein_coding	0	7	9	31	8	0	0	0	0	0	0	0	24	9	0	0	0	0	1	0	0	0	6	0
O60716	O60716	uc001nmd.4	protein_coding	0	6	8	33	8	0	2	0	0	0	0	0	24	8	0	0	0	0	1	0	0	0	5	0
O60716-10	O60716-10	uc001nlj.4	protein_coding	0	6	8	33	8	0	2	0	0	0	0	0	24	8	0	0	0	0	1	0	0	0	5	0
O60716-11	O60716-11	uc001nlk.4	protein_coding	0	6	8	33	8	0	2	0	0	0	0	0	24	8	0	0	0	0	1	0	0	0	5	0
O60716-13	O60716-13	uc001nll.4	protein_coding	0	6	8	33	8	0	2	0	0	0	0	0	24	8	0	0	0	0	1	0	0	0	5	0
O60716-13	O60716-13	uc001nlr.4	protein_coding	0	6	8	33	8	0	2	0	0	0	0	0	24	8	0	0	0	0	1	0	0	0	5	0
O60716-13	O60716-13	uc001nmg.4	protein_coding	0	6	8	33	8	0	2	0	0	0	0	0	24	8	0	0	0	0	1	0	0	0	5	0
O60716-14	O60716-14	uc001nlp.4	protein_coding	0	6	8	33	8	0	2	0	0	0	0	0	24	8	0	0	0	0	1	0	0	0	5	0
O60716-18	O60716-18	uc001nlo.4	protein_coding	0	6	8	33	8	0	0	0	0	0	0	0	26	8	0	0	0	0	1	0	0	0	5	0
O60716-19	O60716-19	uc001nlq.4	protein_coding	0	6	8	33	8	0	0	0	0	0	0	0	26	8	0	0	0	0	1	0	0	0	5	0
O60716-2	O60716-2	uc001nme.4	protein_coding	0	7	9	31	8	0	0	0	0	0	0	0	24	9	0	0	0	0	1	0	0	0	6	0
O60716-21	O60716-21	uc001nlt.4	protein_coding	0	6	8	33	8	0	0	0	0	0	0	0	26	8	0	0	0	0	1	0	0	0	5	0
O60716-21	O60716-21	uc001nlu.4	protein_coding	0	6	8	33	8	0	0	0	0	0	0	0	26	8	0	0	0	0	1	0	0	0	5	0
O60716-21	O60716-21	uc001nlv.4	protein_coding	0	6	8	33	8	0	0	0	0	0	0	0	26	8	0	0	0	0	1	0	0	0	5	0
O60716-21	O60716-21	uc001nlw.4	protein_coding	0	6	8	33	8	0	0	0	0	0	0	0	26	8	0	0	0	0	1	0	0	0	5	0
O60716-26	O60716-26	uc001nly.4	protein_coding	0	6	5	36	8	0	0	0	0	0	0	0	29	5	0	0	0	0	1	0	0	0	5	0
O60716-27	O60716-27	uc001nlz.4	protein_coding	0	6	5	36	8	0	0	0	0	0	0	0	29	5	0	0	0	0	1	0	0	0	5	0
O60716-29	O60716-29	uc001nmb.4	protein_coding	0	6	5	36	8	0	0	0	0	0	0	0	29	5	0	0	0	0	1	0	0	0	5	0
O60716-29	O60716-29	uc009ymn.3	protein_coding	0	6	5	36	8	0	0	0	0	0	0	0	29	5	0	0	0	0	1	0	0	0	5	0
O60716-3	O60716-3	uc001nlf.2	protein_coding	0	7	9	31	8	0	0	0	0	0	0	0	24	9	0	0	0	0	1	0	0	0	6	0
O60716-3	O60716-3	uc001nmf.4	protein_coding	0	7	9	31	8	0	0	0	0	0	0	0	24	9	0	0	0	0	1	0	0	0	6	0
O60716-30	O60716-30	uc001nma.4	protein_coding	0	6	5	36	8	0	0	0	0	0	0	0	29	5	0	0	0	0	1	0	0	0	5	0
O60716-5	O60716-5	uc001nlm.4	protein_coding	0	7	9	31	8	0	0	0	0	0	0	0	24	9	0	0	0	0	1	0	0	0	6	0
O60716-5	O60716-5	uc001nln.4	protein_coding	0	7	9	31	8	0	0	0	0	0	0	0	24	9	0	0	0	0	1	0	0	0	6	0
O60716-5	O60716-5	uc001nmh.4	protein_coding	0	7	9	31	8	0	0	0	0	0	0	0	24	9	0	0	0	0	1	0	0	0	6	0
O60716-5	O60716-5	uc021qjk.1	protein_coding	0	7	9	31	8	0	0	0	0	0	0	0	24	9	0	0	0	0	1	0	0	0	6	0
O60716-6	O60716-6	uc001nli.4	protein_coding	0	7	9	31	8	0	0	0	0	0	0	0	24	9	0	0	0	0	1	0	0	0	6	0
O60928	O60928	uc002vto.3	protein_coding	0	0	2	13	5	0	0	0	0	0	2	0	1	2	0	0	0	0	0	0	0	0	0	5
O60928	O60928	uc002vtp.3	protein_coding	0	0	2	16	5	0	0	0	0	0	2	0	7	2	0	0	0	0	0	0	0	0	0	2
O60928-2	O60928-2	uc002vtn.3	protein_coding	0	0	0	18	7	0	0	0	0	0	2	0	7	0	0	0	0	0	0	0	0	0	0	2
O75030-10	O75030-10	uc003doe.3	protein_coding	0	3	3	16	4	1	1	0	0	0	0	0	10	3	0	0	0	0	2	0	0	0	0	3
O75030-2	O75030-2	uc003dnz.3	protein_coding	0	3	3	51	4	0	2	0	0	0	0	0	46	3	0	0	0	0	2	0	0	0	1	1
O75030-6	O75030-6	uc003doa.3	protein_coding	0	3	3	44	4	0	1	0	0	0	0	0	40	3	0	0	0	0	2	0	0	0	1	1
O75030-8	O75030-8	uc003dob.3	protein_coding	0	3	3	22	4	0	0	0	0	0	0	0	18	3	0	0	0	0	2	0	0	0	1	2
O75030-9	O75030-9	uc003dof.3	protein_coding	0	3	3	16	4	1	1	0	0	0	0	0	10	3	0	0	0	0	2	0	0	0	0	3
O75051	O75051	uc001hgz.3	protein_coding	0	22	24	123	18	0	2	0	0	0	1	0	103	24	0	0	0	0	2	0	0	0	21	0
O75051-2	O75051-2	uc001hha.4	protein_coding	0	8	11	1	0	0	0	0	0	0	1	0	0	11	0	0	0	0	0	0	0	0	8	0
O75081	O75081	uc002fmm.2	protein_coding	0	4	7	80	4	1	1	0	0	0	0	0	75	7	0	0	0	0	0	0	0	0	3	0
O75081	O75081	uc002fmn.2	protein_coding	0	2	6	74	0	1	1	0	0	0	8	0	65	6	0	0	0	0	0	0	0	0	1	0
O75081-2	O75081-2	uc002fml.2	protein_coding	0	3	7	64	4	0	0	0	0	0	0	0	60	7	0	0	0	0	0	0	0	0	3	0
O75095	O75095	uc001akl.3	protein_coding	5	8	19	110	0	1	1	0	0	0	0	0	109	19	0	0	0	0	4	0	5	0	6	1
O75095-2	O75095-2	uc001akk.3	protein_coding	3	7	13	63	0	0	0	0	0	0	0	0	63	13	0	0	0	0	3	0	3	0	6	1
O75106	O75106	uc002ibu.3	protein_coding	0	0	0	10	0	0	0	0	0	0	0	0	0	0	0	0	0	0	0	0	0	0	0	10
O75106-2	O75106-2	uc002ibt.3	protein_coding	0	0	0	10	0	0	0	0	0	0	0	0	0	0	0	0	0	0	0	0	0	0	0	10
O75159	O75159	uc002rvf.3	protein_coding	0	0	3	9	3	0	0	0	0	0	2	0	4	3	0	0	0	0	0	0	0	0	0	0
O75159	O75159	uc002rvg.3	protein_coding	0	0	3	9	3	0	0	0	0	0	2	0	4	3	0	0	0	0	0	0	0	0	0	0
O75159	O75159	uc021vgx.1	protein_coding	0	0	3	5	0	0	0	0	0	0	5	0	0	3	0	0	0	0	0	0	0	0	0	0
O75177	O75177	uc002ycb.3	protein_coding	0	1	3	36	5	0	0	0	0	0	0	0	31	3	0	0	0	0	0	0	0	0	1	0
O75475	O75475	uc003zlv.4	protein_coding	0	1	3	38	5	0	2	0	0	0	0	0	31	3	0	0	0	0	0	0	0	0	1	0
O75475	O75475	uc003zlw.4	protein_coding	0	1	3	38	5	0	2	0	0	0	0	0	31	3	0	0	0	0	0	0	0	0	1	0
O75475-2	O75475-2	uc003zlz.4	protein_coding	0	1	2	34	0	0	0	0	0	0	6	0	26	2	0	0	0	0	0	0	0	0	1	2
O75475-2	O75475-2	uc003zma.4	protein_coding	0	1	2	34	0	0	2	0	0	0	6	0	26	2	0	0	0	0	0	0	0	0	1	0
O75475-3	O75475-3	uc003zly.3	protein_coding	0	1	2	34	0	0	2	0	0	0	6	0	26	2	0	0	0	0	0	0	0	0	1	0
O75477	O75477	uc010qpm.2	protein_coding	0	0	0	7	0	0	0	0	0	0	0	0	0	0	0	0	0	0	0	0	0	0	0	7
O75478	O75478	uc002hnt.3	protein_coding	0	0	0	7	0	0	0	0	0	0	0	0	0	0	0	0	0	0	0	0	0	0	0	7
O75478	O75478	uc002hnv.3	protein_coding	0	0	0	7	0	0	0	0	0	0	0	0	0	0	0	0	0	0	0	0	0	0	0	7
O75478-2	O75478-2	uc002hnu.1	protein_coding	0	0	0	7	0	0	0	0	0	0	0	0	0	0	0	0	0	0	0	0	0	0	0	7
O75534	O75534	uc001efk.3	protein_coding	0	0	8	35	4	0	1	0	0	0	0	0	30	8	0	0	0	0	0	0	0	0	0	0
O75534	O75534	uc009wgv.3	protein_coding	0	0	8	35	4	0	1	0	0	0	0	0	30	8	0	0	0	0	0	0	0	0	0	0
O75534-2	O75534-2	uc001efl.3	protein_coding	0	0	8	35	4	0	1	0	0	0	0	0	30	8	0	0	0	0	0	0	0	0	0	0
O75534-2	O75534-2	uc001efn.3	protein_coding	0	0	8	35	4	0	1	0	0	0	0	0	30	8	0	0	0	0	0	0	0	0	0	0
O75626	O75626	uc003prd.2	protein_coding	2	6	7	30	12	0	0	0	0	0	0	0	19	7	0	0	1	0	1	0	1	0	6	0
O75626-3	O75626-3	uc003pre.3	protein_coding	2	6	6	27	12	0	0	0	0	0	0	0	10	6	0	0	1	0	1	0	1	0	6	6
O75821	O75821	uc002mnd.3	protein_coding	0	0	0	20	0	0	0	0	0	0	20	0	0	0	0	0	0	0	0	0	0	0	0	0
O75962	O75962	uc003jff.3	protein_coding	5	13	19	160	3	0	0	0	0	0	2	0	158	19	0	0	0	0	4	0	5	0	10	0
O75962-5	O75962-5	uc003jfh.1	protein_coding	4	12	13	126	0	0	0	0	0	0	6	0	117	13	0	0	0	0	3	0	4	0	10	5
O75969	O75969	uc001qnb.4	protein_coding	0	0	0	8	0	0	0	0	0	0	5	0	0	0	0	0	0	0	0	0	0	0	0	3
O75969	O75969	uc031qfv.1	protein_coding	0	0	0	8	0	0	1	0	0	0	5	0	0	0	0	0	0	0	0	0	0	0	0	2
O75971	O75971	uc002apu.1	protein_coding	0	0	0	13	1	0	0	0	0	0	9	0	3	0	0	0	0	0	0	0	0	0	0	0
O77932	O77932	uc003nyp.1	protein_coding	0	0	0	16	0	0	0	0	0	0	16	0	0	0	0	0	0	0	0	0	0	0	0	0
O94832	O94832	uc002hho.1	protein_coding	0	4	5	71	7	0	0	0	0	0	1	0	64	5	0	0	0	0	2	0	0	0	2	1
O95071	O95071	uc003ykr.2	protein_coding	1	6	14	94	0	1	4	0	0	0	0	0	92	14	0	0	1	0	3	0	0	0	4	0
O95166	O95166	uc002gfb.3	protein_coding	0	0	0	9	0	0	0	0	0	0	0	0	0	0	0	0	0	0	0	0	0	0	0	9
O95167	O95167	uc002qde.3	protein_coding	0	0	0	13	0	0	0	0	0	0	13	0	0	0	0	0	0	0	0	0	0	0	0	0
O95267	O95267	uc001zke.4	protein_coding	1	1	5	36	2	0	1	0	0	0	0	0	33	5	0	0	0	0	0	0	1	0	1	0
O95267-2	O95267-2	uc001zkd.4	protein_coding	1	0	4	38	2	0	1	0	0	0	0	0	35	4	0	0	0	0	0	0	1	0	0	0
O95267-3	O95267-3	uc010bbf.3	protein_coding	0	0	2	35	2	0	0	0	0	0	0	0	32	2	0	0	0	0	0	0	0	0	0	1
O95267-5	O95267-5	uc010bbg.3	protein_coding	0	0	2	35	2	0	0	0	0	0	0	0	32	2	0	0	0	0	0	0	0	0	0	1
O95424	O95424	uc002dal.3	protein_coding	0	0	0	11	2	0	0	0	0	0	9	0	0	0	0	0	0	0	0	0	0	0	0	0
O95467	O95467	uc021wfl.1	protein_coding	0	3	2	72	6	0	0	0	0	0	0	0	66	2	0	0	0	0	2	0	0	0	1	0
O95467	O95467	uc021wfm.1	protein_coding	0	1	2	0	0	0	0	0	0	0	0	0	0	2	0	0	0	0	0	0	0	0	1	0
O95476	O95476	uc002gfd.2	protein_coding	0	4	1	12	1	0	2	0	0	0	0	0	8	1	0	0	0	0	1	0	0	0	3	2
O95476	O95476	uc002gfe.2	protein_coding	0	4	1	12	1	0	2	0	0	0	0	0	8	1	0	0	0	0	1	0	0	0	3	2
O95749	O95749	uc001hwv.3	protein_coding	0	0	0	9	0	0	0	0	0	0	0	0	0	0	0	0	0	0	0	0	0	0	0	9
O95749	O95749	uc001hww.3	protein_coding	0	0	0	9	0	0	0	0	0	0	0	0	0	0	0	0	0	0	0	0	0	0	0	9
O95749	O95749	uc001hwx.3	protein_coding	0	0	0	9	0	0	0	0	0	0	0	0	0	0	0	0	0	0	0	0	0	0	0	9
O95749	O95749	uc031psu.1	protein_coding	0	0	0	10	0	0	1	0	0	0	0	0	6	0	0	0	0	0	0	0	0	0	0	3
O95786	O95786	uc003zra.3	protein_coding	0	0	0	2	0	0	0	0	0	0	2	0	0	0	0	0	0	0	0	0	0	0	0	0
O95825	O95825	uc021wio.1	protein_coding	0	0	0	5	0	0	0	0	0	0	0	0	0	0	0	0	0	0	0	0	0	0	0	5
O95999	O95999	uc021opd.1	protein_coding	0	1	3	6	1	0	1	0	0	0	0	0	4	3	0	0	0	0	1	0	0	0	1	0
O96028	O96028	uc003gdz.4	protein_coding	4	8	8	78	1	0	1	0	0	0	0	0	76	8	0	0	0	0	2	0	4	0	8	0
O96028	O96028	uc003geb.4	protein_coding	4	8	8	76	1	0	1	0	0	0	0	0	73	8	0	0	0	0	2	0	4	0	8	1
O96028	O96028	uc003gec.4	protein_coding	4	8	8	76	1	0	1	0	0	0	0	0	73	8	0	0	0	0	2	0	4	0	8	1
O96028	O96028	uc003ged.4	protein_coding	4	8	8	76	1	0	1	0	0	0	0	0	73	8	0	0	0	0	2	0	4	0	8	1
O96028-2	O96028-2	uc010icf.3	protein_coding	3	6	6	45	1	3	4	0	0	0	0	0	28	6	0	0	0	0	2	0	3	0	3	12
O96028-3	O96028-3	uc003geh.1	protein_coding	1	2	3	51	14	0	1	0	0	0	14	0	22	3	0	0	0	0	0	0	1	0	2	0
O96028-3	O96028-3	uc010icd.1	protein_coding	1	2	3	54	14	0	1	0	0	0	14	0	25	3	0	0	0	0	0	0	1	0	2	0
O96028-3	O96028-3	uc010ice.1	protein_coding	1	2	3	51	14	0	1	0	0	0	14	0	22	3	0	0	0	0	0	0	1	0	2	0
O96028-4	O96028-4	uc003gei.4	protein_coding	3	7	4	59	1	4	6	0	0	0	0	0	51	4	0	0	0	0	2	0	3	0	3	1
O96028-4	O96028-4	uc011bvh.2	protein_coding	2	7	3	50	1	3	6	0	0	0	0	0	33	3	0	0	0	0	2	0	2	0	3	10
O96028-5	O96028-5	uc003gdy.1	protein_coding	1	2	3	35	0	0	1	0	0	0	9	0	25	3	0	0	0	0	0	0	1	0	2	0
O96028-5	O96028-5	uc003gea.1	protein_coding	1	2	3	33	0	0	1	0	0	0	9	0	22	3	0	0	0	0	0	0	1	0	2	1
O96028-6	O96028-6	uc003gdx.3	protein_coding	1	2	2	20	1	0	1	0	0	0	1	0	17	2	0	0	0	0	0	0	1	0	2	0
O96028-7	O96028-7	uc003geg.1	protein_coding	0	1	1	15	0	0	1	0	0	0	4	0	10	1	0	0	0	0	0	0	0	0	1	0
P01106	P01106	uc022bbe.1	protein_coding	1	1	3	22	2	1	3	0	0	0	3	0	8	3	0	0	0	0	1	0	1	0	0	6
P01106-2	P01106-2	uc003ysi.3	protein_coding	0	5	6	16	0	1	2	0	0	0	0	0	8	6	0	0	0	0	0	0	0	0	4	6
P01111	P01111	uc009wgu.3	protein_coding	0	0	0	8	0	0	0	0	0	0	0	0	0	0	0	0	0	0	0	0	0	0	0	8
P01127	P01127	uc003axf.3	protein_coding	3	3	2	44	6	1	4	0	0	0	0	0	36	2	0	0	2	0	0	0	1	0	2	0
P01133	P01133	uc003hzy.4	protein_coding	1	5	10	30	0	0	0	0	0	0	0	0	31	10	0	0	0	0	1	0	1	0	4	0
P01133-2	P01133-2	uc011cfu.2	protein_coding	1	5	9	31	0	0	0	0	0	0	0	0	32	9	0	0	0	0	1	0	1	0	4	0
P01282	P01282	uc003qpe.4	protein_coding	1	2	1	4	0	0	0	0	0	0	0	0	5	1	0	0	0	0	1	0	1	0	1	0
P01282-2	P01282-2	uc003qpf.4	protein_coding	1	2	1	4	0	0	0	0	0	0	0	0	5	1	0	0	0	0	1	0	1	0	1	0
P01303	P01303	uc003sww.2	protein_coding	0	4	2	5	0	0	0	0	0	0	0	0	6	2	0	0	0	0	1	0	0	0	3	0
P02751-13	P02751-13	uc002vfj.3	protein_coding	2	15	13	92	2	1	1	0	0	0	0	0	92	13	0	0	1	0	3	0	1	0	12	0
P02751-14	P02751-14	uc002vfb.3	protein_coding	4	15	12	91	2	1	1	0	0	0	0	0	91	12	0	0	1	0	4	0	3	0	12	0
P02751-7	P02751-7	uc002vfi.3	protein_coding	5	16	17	84	2	1	1	0	0	0	0	0	84	17	0	0	1	0	4	0	4	0	13	0
P02751-9	P02751-9	uc002vfc.3	protein_coding	4	15	12	91	2	1	1	0	0	0	0	0	91	12	0	0	1	0	4	0	3	0	12	0
P04049	P04049	uc003bxf.4	protein_coding	1	2	3	31	1	0	0	0	0	0	0	0	30	3	0	0	0	0	0	0	1	0	2	0
P04198	P04198	uc002rci.3	protein_coding	1	4	4	6	4	0	0	0	0	0	1	0	1	4	0	0	0	0	0	0	1	0	4	0
P04198	P04198	uc010yjr.2	protein_coding	1	4	4	6	4	0	0	0	0	0	1	0	1	4	0	0	0	0	0	0	1	0	4	0
P04233	P04233	uc003lsc.3	protein_coding	0	4	4	13	1	0	0	0	0	0	0	0	13	4	0	0	0	0	2	0	0	0	3	0
P04233-2	P04233-2	uc003lsd.3	protein_coding	0	3	3	15	1	0	0	0	0	0	0	0	15	3	0	0	0	0	2	0	0	0	2	0
P04233-3	P04233-3	uc003lse.3	protein_coding	0	3	2	16	1	0	0	0	0	0	0	0	16	2	0	0	0	0	2	0	0	0	2	0
P04626	P04626	uc002hso.3	protein_coding	4	8	11	50	2	0	0	0	0	0	4	0	46	11	0	0	1	0	1	0	3	0	7	0
P04626	P04626	uc002hsp.3	protein_coding	4	8	10	51	2	0	2	0	0	0	4	0	45	10	0	0	1	0	1	0	3	0	7	0
P04626-4	P04626-4	uc010cwa.3	protein_coding	4	8	11	51	2	0	0	0	0	0	4	0	46	11	0	0	1	0	1	0	3	0	7	1
P04629	P04629	uc001fqh.1	protein_coding	1	4	5	35	3	0	0	0	0	0	0	0	33	5	0	0	0	0	3	0	1	0	2	1
P04629-2	P04629-2	uc001fqi.1	protein_coding	1	4	5	35	3	0	0	0	0	0	0	0	33	5	0	0	0	0	3	0	1	0	2	1
P04629-3	P04629-3	uc001fqf.1	protein_coding	1	4	5	108	3	0	2	0	0	0	0	0	105	5	0	0	0	0	3	0	1	0	2	0
P04629-4	P04629-4	uc009wsi.1	protein_coding	1	4	4	109	3	0	2	0	0	0	0	0	106	4	0	0	0	0	3	0	1	0	2	0
P05019	P05019	uc001tjp.4	protein_coding	0	0	1	12	0	0	0	0	0	0	1	0	11	1	0	0	0	0	0	0	0	0	0	0
P05019-3	P05019-3	uc001tjn.2	protein_coding	0	0	1	21	6	0	0	0	0	0	0	0	13	1	0	0	0	0	0	0	0	0	0	2
P05023	P05023	uc001ege.3	protein_coding	2	2	5	56	1	0	2	0	0	0	11	0	44	5	0	0	2	0	1	0	0	0	2	0
P05023	P05023	uc010owv.1	protein_coding	2	2	5	56	0	0	0	0	0	0	14	0	44	5	0	0	2	0	1	0	0	0	2	0
P05060	P05060	uc002wmg.3	protein_coding	2	0	6	12	4	0	2	0	0	0	0	0	6	6	0	0	0	0	0	0	2	0	0	0
P05060	P05060	uc010zqz.2	protein_coding	1	1	2	17	4	1	6	0	0	0	0	0	7	2	0	0	0	0	0	0	1	0	0	0
P05091	P05091	uc001tst.3	protein_coding	0	4	4	32	3	0	0	0	0	0	0	0	30	4	0	0	0	0	2	0	0	0	2	1
P05166	P05166	uc003eqy.2	protein_coding	0	4	4	45	0	0	0	0	0	0	8	0	37	4	0	0	0	0	0	0	0	0	4	0
P05166-2	P05166-2	uc011bmc.2	protein_coding	0	4	4	45	0	0	0	0	0	0	8	0	37	4	0	0	0	0	0	0	0	0	4	0
P05231	P05231	uc003svj.4	protein_coding	0	0	1	11	0	0	0	0	0	0	0	0	9	1	0	0	0	0	0	0	0	0	0	2
P05412	P05412	uc001cze.3	protein_coding	1	1	2	14	9	0	5	0	0	0	0	0	0	2	0	0	0	0	0	0	1	0	1	0
P05997	P05997	uc002uqk.3	protein_coding	2	8	9	93	2	0	0	0	0	0	0	0	94	9	0	0	1	0	2	0	1	0	6	0
P06239	P06239	uc001bux.3	protein_coding	1	4	2	23	0	0	0	0	0	0	0	0	26	2	0	0	1	0	2	0	0	0	2	0
P06239	P06239	uc001buy.3	protein_coding	1	4	2	16	0	0	1	0	0	0	0	0	17	2	0	0	1	0	2	0	0	0	2	1
P06239	P06239	uc010ohc.1	protein_coding	0	5	2	15	0	0	0	0	0	0	3	0	13	2	0	0	0	0	2	0	0	0	3	1
P06239-3	P06239-3	uc001buz.3	protein_coding	1	4	2	16	0	0	1	0	0	0	0	0	17	2	0	0	1	0	2	0	0	0	2	1
P06400	P06400	uc001vcb.3	protein_coding	1	2	7	82	3	1	1	0	0	0	0	0	79	7	0	0	0	0	2	0	1	0	0	0
P06748	P06748	uc003mbi.3	protein_coding	0	1	1	38	0	0	1	0	0	0	4	0	34	1	0	0	0	0	1	0	0	0	0	0
P06748-2	P06748-2	uc003mbj.3	protein_coding	0	1	1	38	0	0	1	0	0	0	4	0	34	1	0	0	0	0	1	0	0	0	0	0
P06748-3	P06748-3	uc003mbh.3	protein_coding	0	0	1	39	0	0	1	0	0	0	11	0	27	1	0	0	0	0	0	0	0	0	0	0
P07949	P07949	uc001jal.3	protein_coding	4	13	16	99	10	0	0	0	0	0	0	0	88	16	0	0	0	0	2	0	4	0	12	2
P07949-2	P07949-2	uc001jak.1	protein_coding	4	13	15	100	3	0	0	0	0	0	11	0	85	15	0	0	0	0	2	0	4	0	12	2
P07954	P07954	uc001hyx.3	protein_coding	0	0	0	12	0	0	0	0	0	0	0	0	12	0	0	0	0	0	0	0	0	0	0	0
P08069	P08069	uc002bul.3	protein_coding	0	3	7	123	31	0	1	0	0	0	1	0	89	7	0	1	0	0	1	0	0	0	2	1
P08069	P08069	uc010urq.2	protein_coding	0	2	5	74	0	0	1	0	0	0	5	0	67	5	0	1	0	0	1	0	0	0	1	1
P08183	P08183	uc003uiz.2	protein_coding	0	4	6	96	1	0	1	0	0	0	0	0	94	6	0	0	0	0	0	0	0	0	4	0
P08238	P08238	uc003oxa.2	protein_coding	0	5	3	18	0	0	0	0	0	0	0	0	18	3	0	0	0	0	0	0	0	0	5	0
P08238	P08238	uc003oxb.2	protein_coding	0	5	3	18	0	0	0	0	0	0	0	0	18	3	0	0	0	0	0	0	0	0	5	0
P08238	P08238	uc003oxc.2	protein_coding	0	5	1	21	0	1	3	0	0	0	0	0	11	1	0	0	0	0	0	0	0	0	4	7
P08238	P08238	uc011dvs.2	protein_coding	0	5	3	18	0	0	0	0	0	0	0	0	18	3	0	0	0	0	0	0	0	0	5	0
P08238	P08238	uc031sor.1	protein_coding	0	5	3	18	0	0	0	0	0	0	0	0	18	3	0	0	0	0	0	0	0	0	5	0
P08670	P08670	uc001iou.2	protein_coding	1	1	4	12	0	0	0	0	0	0	0	0	12	4	0	0	0	0	0	0	1	0	1	0
P08922	P08922	uc003pxp.1	protein_coding	3	8	6	56	0	0	0	0	0	0	0	0	58	6	0	0	0	0	3	0	3	0	5	1
P09211	P09211	uc001omf.3	protein_coding	0	2	0	18	1	1	3	0	0	0	0	0	11	0	0	0	0	0	0	0	0	0	1	3
P0C1Z6	P0C1Z6	uc010yej.1	protein_coding	1	4	2	16	0	1	2	0	0	0	0	0	15	2	0	0	0	0	1	0	1	0	2	0
P0C7M3	P0C7M3	uc001wtr.3	protein_coding	0	0	0	8	0	0	0	0	0	0	0	0	0	0	0	0	0	0	0	0	0	0	0	8
P0C7P0	P0C7P0	uc010wds.1	protein_coding	0	0	0	15	0	0	0	0	0	0	0	0	0	0	0	0	0	0	0	0	0	0	0	15
P10276	P10276	uc002huk.2	protein_coding	0	1	4	72	3	0	1	0	0	0	0	0	68	4	0	0	0	0	0	0	0	0	1	0
P10276	P10276	uc002hul.4	protein_coding	0	1	4	66	3	0	1	0	0	0	0	0	59	4	0	0	0	0	0	0	0	0	1	3
P10276	P10276	uc021txb.1	protein_coding	0	1	4	59	0	0	1	0	0	0	0	0	58	4	0	0	0	0	0	0	0	0	1	0
P10276-3	P10276-3	uc010wfe.2	protein_coding	0	1	3	67	3	0	1	0	0	0	0	0	60	3	0	0	0	0	0	0	0	0	1	3
P10644	P10644	uc002jhg.4	protein_coding	0	0	3	44	13	0	1	0	0	0	7	0	23	3	0	0	0	0	0	0	0	0	0	0
P10644	P10644	uc002jhh.4	protein_coding	0	0	3	44	13	0	1	0	0	0	7	0	21	3	0	0	0	0	0	0	0	0	0	2
P10644	P10644	uc002jhi.4	protein_coding	0	0	3	44	13	0	1	0	0	0	7	0	21	3	0	0	0	0	0	0	0	0	0	2
P10644	P10644	uc002jhj.4	protein_coding	0	0	3	44	13	0	1	0	0	0	7	0	21	3	0	0	0	0	0	0	0	0	0	2
P10644	P10644	uc002jhk.4	protein_coding	0	2	2	45	13	1	2	0	0	0	7	0	21	2	0	0	0	0	1	0	0	0	0	2
P10644	P10644	uc002jhl.4	protein_coding	0	0	3	44	13	0	0	0	0	0	7	0	18	3	0	0	0	0	0	0	0	0	0	6
P10645	P10645	uc001ybc.4	protein_coding	1	2	5	28	2	0	3	0	0	0	0	0	23	5	0	0	0	0	0	0	1	0	2	0
P10721	P10721	uc010igr.3	protein_coding	0	5	8	57	4	1	2	0	0	0	0	0	51	8	0	0	0	0	2	0	0	0	2	2
P10721-2	P10721-2	uc010igs.3	protein_coding	0	5	8	57	4	1	2	0	0	0	0	0	51	8	0	0	0	0	2	0	0	0	2	2
P11362	P11362	uc022aua.1	protein_coding	1	5	3	55	8	0	0	0	0	0	0	0	50	3	0	0	0	0	4	0	1	0	2	0
P11362-14	P11362-14	uc022aud.1	protein_coding	0	5	3	56	8	0	0	0	0	0	0	0	51	3	0	0	0	0	3	0	0	0	2	0
P11362-16	P11362-16	uc003xlv.3	protein_coding	0	1	1	37	3	0	0	0	0	0	8	0	27	1	0	0	0	0	1	0	0	0	0	0
P11362-18	P11362-18	uc003xlu.3	protein_coding	0	1	1	37	3	0	0	0	0	0	8	0	27	1	0	0	0	0	1	0	0	0	0	0
P11362-2	P11362-2	uc003xlp.3	protein_coding	1	5	3	55	8	0	0	0	0	0	0	0	50	3	0	0	0	0	4	0	1	0	2	0
P11362-20	P11362-20	uc010lwk.3	protein_coding	1	5	3	55	8	0	0	0	0	0	0	0	50	3	0	0	0	0	4	0	1	0	2	0
P11362-21	P11362-21	uc011lbu.2	protein_coding	1	5	3	55	8	0	0	0	0	0	0	0	50	3	0	0	0	0	4	0	1	0	2	0
P11362-3	P11362-3	uc011lbw.2	protein_coding	0	5	3	56	8	0	0	0	0	0	0	0	51	3	0	0	0	0	3	0	0	0	2	0
P11362-3	P11362-3	uc022auc.1	protein_coding	0	5	3	56	8	0	0	0	0	0	0	0	51	3	0	0	0	0	3	0	0	0	2	0
P11362-7	P11362-7	uc011lbv.2	protein_coding	1	5	3	55	8	0	0	0	0	0	0	0	50	3	0	0	0	0	4	0	1	0	2	0
P11362-7	P11362-7	uc022aub.1	protein_coding	1	5	3	55	8	0	0	0	0	0	0	0	50	3	0	0	0	0	4	0	1	0	2	0
P11912	P11912	uc002orv.3	protein_coding	0	1	3	10	2	1	2	0	0	0	0	0	6	3	0	0	0	0	1	0	0	0	0	0
P11912-2	P11912-2	uc002oru.3	protein_coding	0	1	3	10	2	1	2	0	0	0	0	0	6	3	0	0	0	0	1	0	0	0	0	0
P12259	P12259	uc001ggg.1	protein_coding	2	5	17	34	0	0	0	0	0	0	0	0	34	17	0	0	0	0	1	0	2	0	5	0
P12524	P12524	uc001ces.2	protein_coding	0	9	6	8	4	1	3	0	0	0	0	0	2	6	0	0	0	0	2	0	0	0	7	0
P12830	P12830	uc002ewg.1	protein_coding	0	6	4	46	4	0	1	0	0	0	4	0	37	4	0	0	0	0	1	0	0	0	5	1
P13995	P13995	uc002skj.3	protein_coding	0	0	0	3	0	0	0	0	0	0	3	0	0	0	0	0	0	0	0	0	0	0	0	0
P13995	P13995	uc002skk.3	protein_coding	0	0	0	3	0	0	0	0	0	0	3	0	0	0	0	0	0	0	0	0	0	0	0	0
P13995	P13995	uc010yro.2	protein_coding	0	0	0	3	0	0	0	0	0	0	3	0	0	0	0	0	0	0	0	0	0	0	0	0
P14210	P14210	uc003uhl.3	protein_coding	1	0	6	43	0	0	1	0	0	0	0	0	42	6	0	0	0	0	0	0	1	0	0	0
P14210-2	P14210-2	uc003uhn.1	protein_coding	0	0	1	21	3	0	1	0	0	0	0	0	17	1	0	0	0	0	0	0	0	0	0	0
P14210-3	P14210-3	uc003uhm.3	protein_coding	1	0	6	43	0	0	1	0	0	0	0	0	42	6	0	0	0	0	0	0	1	0	0	0
P14210-5	P14210-5	uc003uho.1	protein_coding	0	0	1	21	3	0	1	0	0	0	0	0	17	1	0	0	0	0	0	0	0	0	0	0
P14210-6	P14210-6	uc003uhp.3	protein_coding	0	0	1	15	3	0	1	0	0	0	0	0	11	1	0	0	0	0	0	0	0	0	0	0
P14616	P14616	uc010pht.2	protein_coding	2	7	14	37	0	0	0	0	0	0	1	0	35	14	0	0	0	0	0	0	2	0	7	1
P15056	P15056	uc003vwc.4	protein_coding	1	2	3	46	0	0	0	0	0	0	0	0	46	3	0	0	0	0	2	0	1	0	2	0
P15311	P15311	uc003qrt.4	protein_coding	3	3	8	43	8	0	0	0	0	0	0	0	37	8	0	0	0	0	2	0	3	0	1	0
P15311	P15311	uc003qru.4	protein_coding	3	3	8	43	8	0	0	0	0	0	0	0	37	8	0	0	0	0	2	0	3	0	1	0
P16220	P16220	uc002vcc.3	protein_coding	0	2	2	20	2	0	1	0	0	0	0	0	17	2	0	0	0	0	0	0	0	0	2	0
P16234	P16234	uc003han.4	protein_coding	1	6	3	59	7	0	0	0	0	0	1	0	51	3	0	0	0	0	0	0	1	0	6	0
P16234	P16234	uc010igq.1	protein_coding	1	2	2	34	0	0	0	0	0	0	6	0	28	2	0	0	0	0	0	0	1	0	2	0
P16234-2	P16234-2	uc003hal.3	protein_coding	0	0	0	14	1	0	0	0	0	0	2	0	11	0	0	0	0	0	0	0	0	0	0	0
P17096	P17096	uc003oit.3	protein_coding	0	0	0	22	9	0	1	0	0	0	1	0	11	0	0	0	0	0	0	0	0	0	0	0
P17096	P17096	uc003oiu.3	protein_coding	0	0	0	22	9	0	0	0	0	0	1	0	12	0	0	0	0	0	0	0	0	0	0	0
P17096	P17096	uc003oiz.3	protein_coding	0	0	0	22	9	0	1	0	0	0	1	0	11	0	0	0	0	0	0	0	0	0	0	0
P17096	P17096	uc003ojd.3	protein_coding	0	0	0	22	9	0	0	0	0	0	1	0	9	0	0	0	0	0	0	0	0	0	0	3
P17096	P17096	uc011dsp.2	protein_coding	0	0	0	22	9	0	0	0	0	0	1	0	11	0	0	0	0	0	0	0	0	0	0	1
P17542	P17542	uc001cqx.2	protein_coding	1	2	2	12	3	0	0	0	0	0	0	0	9	2	0	0	0	0	0	0	1	0	2	0
P17542	P17542	uc001cqy.2	protein_coding	1	2	2	12	3	0	0	0	0	0	0	0	9	2	0	0	0	0	0	0	1	0	2	0
P17844	P17844	uc002jej.2	protein_coding	0	1	2	17	0	0	0	0	0	0	0	0	13	2	0	0	0	0	0	0	0	0	1	4
P17844	P17844	uc002jek.2	protein_coding	0	1	2	17	0	0	0	0	0	0	0	0	13	2	0	0	0	0	0	0	0	0	1	4
P18074	P18074	uc002pbj.2	protein_coding	0	8	6	48	0	1	1	0	0	0	9	0	38	6	0	0	0	0	1	0	0	0	7	0
P18074	P18074	uc002pbk.2	protein_coding	0	7	6	49	0	1	3	0	0	0	10	0	36	6	0	0	0	0	1	0	0	0	6	0
P18074-2	P18074-2	uc002pbl.4	protein_coding	0	6	5	32	1	1	3	0	0	0	12	0	16	5	0	0	0	0	1	0	0	0	5	0
P18405	P18405	uc003jdw.3	protein_coding	0	0	0	10	0	0	0	0	0	0	0	0	0	0	0	0	0	0	0	0	0	0	0	10
P18615	P18615	uc003nyk.3	protein_coding	0	0	0	33	0	0	2	0	0	0	0	0	0	0	0	0	0	0	0	0	0	0	0	31
P18846	P18846	uc001rww.4	protein_coding	0	4	1	16	5	0	0	0	0	0	0	0	13	1	0	0	0	0	3	0	0	0	2	0
P18846	P18846	uc010smu.2	protein_coding	0	0	0	21	5	0	0	0	0	0	0	0	16	0	0	0	0	0	0	0	0	0	0	0
P18848	P18848	uc003axz.3	protein_coding	0	0	1	5	0	0	0	0	0	0	2	0	1	1	0	0	0	0	0	0	0	0	0	2
P18848	P18848	uc003aya.3	protein_coding	0	0	1	5	0	0	0	0	0	0	2	0	1	1	0	0	0	0	0	0	0	0	0	2
P18848	P18848	uc011aol.1	protein_coding	0	0	0	6	0	0	2	0	0	0	2	0	0	0	0	0	0	0	0	0	0	0	0	2
P19544-6	P19544-6	uc001mtl.2	protein_coding	0	2	2	33	5	1	1	0	0	0	0	0	21	2	0	0	0	0	0	0	0	0	1	6
P19544-9	P19544-9	uc001mtm.2	protein_coding	0	2	2	33	5	1	1	0	0	0	0	0	21	2	0	0	0	0	0	0	0	0	1	6
P19838	P19838	uc011ceq.2	protein_coding	1	5	7	58	2	0	0	0	0	0	0	0	58	7	0	0	1	0	1	0	0	0	4	0
P19838-2	P19838-2	uc011cep.2	protein_coding	0	5	8	58	2	0	0	0	0	0	0	0	57	8	0	0	0	0	2	0	0	0	4	0
P19838-3	P19838-3	uc011cer.2	protein_coding	0	5	7	42	2	0	0	0	0	0	0	0	38	7	0	0	0	0	1	0	0	0	4	3
P20151	P20151	uc002ptv.3	protein_coding	0	1	1	19	0	0	0	0	0	0	0	0	16	1	0	0	0	0	0	0	0	0	1	3
P20151-2	P20151-2	uc010eog.3	protein_coding	0	1	0	20	5	0	0	0	0	0	7	0	5	0	0	0	0	0	0	0	0	0	1	3
P20151-2	P20151-2	uc010yck.2	protein_coding	0	1	0	20	5	0	0	0	0	0	7	0	5	0	0	0	0	0	0	0	0	0	1	3
P20749	P20749	uc010xxe.2	protein_coding	0	3	0	19	3	0	0	0	0	0	0	0	16	0	0	0	0	0	0	0	0	0	3	0
P20807	P20807	uc001zpn.1	protein_coding	1	5	8	53	2	0	1	0	0	0	0	0	52	8	0	0	0	0	4	0	1	0	2	1
P20807-2	P20807-2	uc001zpp.1	protein_coding	1	4	7	55	2	0	1	0	0	0	0	0	53	7	0	0	0	0	3	0	1	0	2	1
P20807-3	P20807-3	uc001zpk.1	protein_coding	0	7	7	67	2	1	3	0	0	0	0	0	64	7	0	0	0	0	5	0	0	0	2	1
P20807-3	P20807-3	uc001zpl.1	protein_coding	0	6	8	66	2	0	2	0	0	0	0	0	64	8	0	0	0	0	5	0	0	0	2	1
P20807-3	P20807-3	uc001zpo.1	protein_coding	1	5	8	53	2	0	1	0	0	0	0	0	52	8	0	0	0	0	4	0	1	0	2	1
P20807-4	P20807-4	uc001zpq.1	protein_coding	0	1	4	36	2	0	0	0	0	0	0	0	27	4	0	0	0	0	0	0	0	0	1	7
P20807-5	P20807-5	uc001zpr.1	protein_coding	0	0	0	37	2	0	1	0	0	0	0	0	21	0	0	0	0	0	0	0	0	0	0	13
P20807-5	P20807-5	uc001zps.1	protein_coding	0	0	0	37	2	0	1	0	0	0	0	0	21	0	0	0	0	0	0	0	0	0	0	13
P20807-5	P20807-5	uc001zpt.1	protein_coding	0	0	0	37	2	0	1	0	0	0	0	0	21	0	0	0	0	0	0	0	0	0	0	13
P20908	P20908	uc004cfe.4	protein_coding	7	12	18	258	14	0	2	0	0	0	0	0	251	18	0	0	4	0	6	0	3	0	7	0
P20936	P20936	uc003kiw.3	protein_coding	0	2	2	46	1	1	2	0	0	0	0	0	43	2	0	0	0	0	0	0	0	0	1	0
P20936-2	P20936-2	uc003kix.3	protein_coding	0	1	0	48	1	0	0	0	0	0	0	0	43	0	0	0	0	0	0	0	0	0	1	4
P20936-2	P20936-2	uc010jaw.3	protein_coding	0	1	0	48	1	0	0	0	0	0	0	0	43	0	0	0	0	0	0	0	0	0	1	4
P21399	P21399	uc003zqw.4	protein_coding	2	3	5	59	4	0	0	0	0	0	1	0	56	5	0	0	2	0	1	0	0	0	3	0
P21399	P21399	uc003zqx.4	protein_coding	2	3	5	59	4	0	0	0	0	0	1	0	56	5	0	0	2	0	1	0	0	0	3	0
P21802	P21802	uc001lfn.5	protein_coding	2	5	1	99	4	2	6	0	0	0	1	0	89	1	0	0	1	0	0	0	1	0	3	0
P21802	P21802	uc021pzz.1	protein_coding	2	7	1	95	4	0	1	0	0	0	1	0	90	1	0	0	1	0	0	0	1	0	7	0
P21802-15	P21802-15	uc010qtl.2	protein_coding	2	5	1	97	4	0	1	0	0	0	1	0	92	1	0	0	1	0	0	0	1	0	5	0
P21802-17	P21802-17	uc021qaa.1	protein_coding	2	5	2	96	1	0	1	0	0	0	7	0	88	2	0	0	1	0	0	0	1	0	5	0
P21802-20	P21802-20	uc001lfg.4	protein_coding	2	4	1	66	4	1	2	0	0	0	1	0	51	1	0	0	1	0	0	0	1	0	3	9
P21802-20	P21802-20	uc010qtm.2	protein_coding	2	7	1	95	4	0	1	0	0	0	1	0	90	1	0	0	1	0	0	0	1	0	7	0
P21802-21	P21802-21	uc021pzx.1	protein_coding	2	7	2	94	0	0	1	0	0	0	1	0	93	2	0	0	1	0	0	0	1	0	7	0
P21802-22	P21802-22	uc021qab.1	protein_coding	2	5	2	96	1	0	1	0	0	0	7	0	88	2	0	0	1	0	0	0	1	0	5	0
P21802-23	P21802-23	uc021pzv.1	protein_coding	2	6	1	96	4	0	1	0	0	0	1	0	91	1	0	0	1	0	0	0	1	0	6	0
P21802-3	P21802-3	uc021pzy.1	protein_coding	2	6	2	95	4	0	1	0	0	0	1	0	90	2	0	0	1	0	0	0	1	0	6	0
P21802-4	P21802-4	uc021qac.1	protein_coding	3	5	2	94	0	0	0	0	0	0	10	0	85	2	0	0	1	0	0	0	2	0	5	0
P21912	P21912	uc001bae.3	protein_coding	1	4	3	18	0	0	0	0	0	0	0	0	20	3	0	0	1	0	1	0	0	0	3	0
P22626	P22626	uc003sxr.4	protein_coding	0	0	1	19	4	0	0	0	0	0	1	0	13	1	0	0	0	0	0	0	0	0	0	1
P22626-2	P22626-2	uc003sxs.4	protein_coding	0	0	1	19	4	0	0	0	0	0	1	0	13	1	0	0	0	0	0	0	0	0	0	1
P23025	P23025	uc004axr.4	protein_coding	0	1	0	11	0	0	1	0	0	0	0	0	10	0	0	0	0	0	0	0	0	0	1	0
P23246	P23246	uc001bys.3	protein_coding	1	3	9	9	2	0	0	0	0	0	0	0	6	9	0	0	0	0	1	0	1	0	3	1
P23759	P23759	uc001bay.3	protein_coding	0	2	5	50	0	2	2	0	0	0	1	0	47	5	0	0	0	0	0	0	0	0	0	0
P23759-2	P23759-2	uc001baz.3	protein_coding	0	2	5	50	0	2	2	0	0	0	1	0	47	5	0	0	0	0	0	0	0	0	0	0
P23760	P23760	uc010fwo.3	protein_coding	0	3	5	38	0	2	3	0	0	0	8	0	27	5	0	0	0	0	1	0	0	0	1	0
P23760-2	P23760-2	uc002vna.2	protein_coding	0	3	2	19	4	2	3	0	0	0	1	0	11	2	0	0	0	0	1	0	0	0	1	0
P23760-3	P23760-3	uc002vmz.2	protein_coding	0	3	2	19	1	2	3	0	0	0	1	0	14	2	0	0	0	0	1	0	0	0	1	0
P23760-4	P23760-4	uc002vmx.2	protein_coding	0	3	4	39	8	2	3	0	0	0	0	0	28	4	0	0	0	0	1	0	0	0	1	0
P23760-5	P23760-5	uc002vmw.2	protein_coding	0	3	4	39	7	2	3	0	0	0	0	0	29	4	0	0	0	0	1	0	0	0	1	0
P23760-6	P23760-6	uc002vmy.2	protein_coding	1	3	4	38	8	2	3	0	0	0	0	0	28	4	0	0	1	0	0	0	0	0	1	0
P23760-7	P23760-7	uc002vmv.2	protein_coding	0	3	5	38	8	2	3	0	0	0	0	0	27	5	0	0	0	0	1	0	0	0	1	0
P23771	P23771	uc001ika.3	protein_coding	0	1	7	22	4	0	0	0	0	0	0	0	18	7	0	0	0	0	0	0	0	0	1	0
P23771-2	P23771-2	uc001ijz.3	protein_coding	0	1	7	22	4	0	0	0	0	0	0	0	18	7	0	0	0	0	0	0	0	0	1	0
P24347	P24347	uc002zxx.3	protein_coding	0	0	0	3	0	0	0	0	0	0	3	0	0	0	0	0	0	0	0	0	0	0	0	0
P24385	P24385	uc001opa.3	protein_coding	1	1	0	20	4	0	3	0	0	0	0	0	13	0	0	0	0	0	1	0	1	0	1	0
P25800	P25800	uc001mgg.2	protein_coding	0	5	0	32	4	1	4	0	0	0	0	0	24	0	0	0	0	0	1	0	0	0	3	1
P26885	P26885	uc001nyy.3	protein_coding	0	0	0	19	0	0	0	0	0	0	0	0	0	0	0	0	0	0	0	0	0	0	0	19
P26885	P26885	uc001nyz.3	protein_coding	0	0	0	12	0	0	0	0	0	0	0	0	0	0	0	0	0	0	0	0	0	0	0	12
P26885	P26885	uc010rnh.2	protein_coding	0	0	0	18	0	0	0	0	0	0	0	0	0	0	0	0	0	0	0	0	0	0	0	18
P27361	P27361	uc002dwr.3	protein_coding	0	4	1	25	3	1	4	0	0	0	0	0	17	1	0	0	0	0	4	0	0	0	0	4
P27361	P27361	uc002dws.3	protein_coding	0	6	3	20	3	0	0	0	0	0	0	0	23	3	0	0	0	0	7	0	0	0	0	0
P27361-2	P27361-2	uc002dwv.4	protein_coding	0	5	2	22	3	0	0	0	0	0	0	0	24	2	0	0	0	0	5	0	0	0	0	0
P27361-3	P27361-3	uc002dwt.3	protein_coding	0	7	3	19	4	0	0	0	0	0	0	0	21	3	0	0	0	0	7	0	0	0	1	0
P27540	P27540	uc001evr.2	protein_coding	1	7	8	51	14	3	6	0	0	0	0	0	33	8	0	0	1	0	1	0	0	0	3	0
P27540-2	P27540-2	uc001evs.2	protein_coding	1	7	8	51	14	3	6	0	0	0	0	0	33	8	0	0	1	0	1	0	0	0	3	0
P27540-3	P27540-3	uc009wmb.2	protein_coding	0	7	8	52	14	3	6	0	0	0	0	0	33	8	0	0	0	0	1	0	0	0	3	0
P29374	P29374	uc001xdp.3	protein_coding	0	4	11	56	4	0	3	0	0	0	0	0	48	11	0	0	0	0	1	0	0	0	4	1
P29374	P29374	uc010apg.1	protein_coding	0	2	6	25	0	0	0	0	0	0	8	0	10	6	0	0	0	0	0	0	0	0	2	7
P29374-2	P29374-2	uc001xdo.3	protein_coding	0	4	10	57	4	0	3	0	0	0	0	0	49	10	0	0	0	0	1	0	0	0	4	1
P29374-3	P29374-3	uc001xdq.3	protein_coding	0	4	10	57	4	0	3	0	0	0	0	0	49	10	0	0	0	0	1	0	0	0	4	1
P29376	P29376	uc001zoa.3	protein_coding	0	0	0	9	0	0	0	0	0	0	0	0	0	0	0	0	0	0	0	0	0	0	0	9
P29376-4	P29376-4	uc001zob.3	protein_coding	0	0	0	9	0	0	0	0	0	0	0	0	0	0	0	0	0	0	0	0	0	0	0	9
P29376-5	P29376-5	uc010ucx.1	protein_coding	0	0	0	9	0	0	0	0	0	0	0	0	0	0	0	0	0	0	0	0	0	0	0	9
P29590	P29590	uc002awv.3	protein_coding	2	4	10	32	4	0	0	0	0	0	0	0	28	10	0	0	0	0	0	0	2	0	4	0
P29590	P29590	uc010ule.2	protein_coding	1	2	5	40	4	0	0	0	0	0	0	0	36	5	0	0	0	0	0	0	1	0	2	0
P29590-11	P29590-11	uc002awu.3	protein_coding	2	4	10	32	4	0	0	0	0	0	0	0	28	10	0	0	0	0	0	0	2	0	4	0
P29590-12	P29590-12	uc002aws.3	protein_coding	2	3	5	38	4	0	0	0	0	0	14	0	20	5	0	0	0	0	0	0	2	0	3	0
P29590-13	P29590-13	uc002awo.3	protein_coding	2	3	9	14	1	0	0	0	0	0	2	0	11	9	0	0	0	0	0	0	2	0	3	0
P29590-14	P29590-14	uc002awl.3	protein_coding	1	2	5	20	9	0	0	0	0	0	2	0	9	5	0	0	0	0	0	0	1	0	2	0
P29590-14	P29590-14	uc002awt.3	protein_coding	1	2	5	40	6	0	0	0	0	0	14	0	20	5	0	0	0	0	0	0	1	0	2	0
P29590-2	P29590-2	uc002awm.3	protein_coding	2	3	5	18	7	0	0	0	0	0	2	0	9	5	0	0	0	0	0	0	2	0	3	0
P29590-4	P29590-4	uc002awn.3	protein_coding	1	2	5	20	7	0	0	0	0	0	2	0	11	5	0	0	0	0	0	0	1	0	2	0
P29590-4	P29590-4	uc002awq.3	protein_coding	1	2	5	40	6	0	0	0	0	0	14	0	20	5	0	0	0	0	0	0	1	0	2	0
P29590-5	P29590-5	uc002awr.3	protein_coding	2	3	5	38	4	0	0	0	0	0	14	0	20	5	0	0	0	0	0	0	2	0	3	0
P29590-8	P29590-8	uc002awk.3	protein_coding	2	3	9	14	1	0	0	0	0	0	2	0	11	9	0	0	0	0	0	0	2	0	3	0
P30040	P30040	uc001ttk.1	protein_coding	0	0	0	1	0	0	0	0	0	0	1	0	0	0	0	0	0	0	0	0	0	0	0	0
P30279	P30279	uc001qmo.3	protein_coding	1	3	3	39	18	1	4	0	0	0	0	0	17	3	0	0	0	0	1	0	1	0	2	0
P31270	P31270	uc003syx.3	protein_coding	1	4	0	8	2	0	1	0	0	0	0	0	4	0	0	0	0	0	0	0	1	0	4	1
P31276	P31276	uc001sei.3	protein_coding	0	3	6	11	7	0	2	0	0	0	0	0	2	6	0	0	0	0	0	0	0	0	3	0
P31350	P31350	uc021vdr.1	protein_coding	1	4	2	8	0	0	0	0	0	0	0	0	9	2	0	0	0	0	1	0	1	0	3	0
P31943	P31943	uc003mke.4	protein_coding	0	0	0	4	0	0	0	0	0	0	4	0	0	0	0	0	0	0	0	0	0	0	0	0
P31943	P31943	uc003mkf.5	protein_coding	0	0	0	4	0	0	0	0	0	0	4	0	0	0	0	0	0	0	0	0	0	0	0	0
P31943	P31943	uc003mkg.5	protein_coding	0	0	0	4	0	0	0	0	0	0	4	0	0	0	0	0	0	0	0	0	0	0	0	0
P31943	P31943	uc003mkh.4	protein_coding	0	0	0	4	0	0	0	0	0	0	4	0	0	0	0	0	0	0	0	0	0	0	0	0
P33076	P33076	uc002dag.2	protein_coding	0	4	9	51	3	0	0	0	0	0	11	0	37	9	0	0	0	0	0	0	0	0	4	0
P33076	P33076	uc002daj.4	protein_coding	0	7	10	86	3	0	0	0	0	0	9	0	74	10	0	0	0	0	0	0	0	0	7	0
P33981	P33981	uc003pjc.3	protein_coding	0	0	3	47	1	0	0	0	0	0	0	0	46	3	0	0	0	0	0	0	0	0	0	0
P33981-2	P33981-2	uc003pjb.4	protein_coding	0	0	3	47	1	0	0	0	0	0	0	0	46	3	0	0	0	0	0	0	0	0	0	0
P35125	P35125	uc002gau.1	protein_coding	0	0	0	2	0	0	0	0	0	0	2	0	0	0	0	0	0	0	0	0	0	0	0	0
P35125	P35125	uc002gav.1	protein_coding	0	0	0	2	0	0	0	0	0	0	2	0	0	0	0	0	0	0	0	0	0	0	0	0
P35125-2	P35125-2	uc010ckz.1	protein_coding	0	0	0	2	0	0	0	0	0	0	2	0	0	0	0	0	0	0	0	0	0	0	0	0
P35227	P35227	uc002hqp.1	protein_coding	0	0	0	4	0	0	0	0	0	0	4	0	0	0	0	0	0	0	0	0	0	0	0	0
P35240	P35240	uc003age.4	protein_coding	3	1	5	47	5	0	2	0	0	0	0	0	41	5	0	0	1	0	0	0	2	0	1	0
P35240-3	P35240-3	uc003afy.4	protein_coding	3	1	5	42	1	0	2	0	0	0	2	0	38	5	0	0	1	0	0	0	2	0	1	0
P35240-3	P35240-3	uc003agc.4	protein_coding	3	1	4	48	5	0	3	0	0	0	0	0	41	4	0	0	1	0	0	0	2	0	1	0
P35240-3	P35240-3	uc003agf.4	protein_coding	3	1	5	47	5	0	2	0	0	0	0	0	41	5	0	0	1	0	0	0	2	0	1	0
P35240-3	P35240-3	uc003agg.4	protein_coding	3	1	5	47	5	0	2	0	0	0	0	0	41	5	0	0	1	0	0	0	2	0	1	0
P35240-4	P35240-4	uc003afz.4	protein_coding	3	1	3	44	1	0	2	0	0	0	2	0	40	3	0	0	1	0	0	0	2	0	1	0
P35240-4	P35240-4	uc003agi.4	protein_coding	3	1	3	49	5	0	2	0	0	0	0	0	43	3	0	0	1	0	0	0	2	0	1	0
P35240-4	P35240-4	uc010gvp.3	protein_coding	1	1	2	20	1	0	0	0	0	0	2	0	12	2	0	0	0	0	0	0	1	0	1	5
P35240-5	P35240-5	uc003agh.4	protein_coding	3	1	4	48	5	0	2	0	0	0	0	0	42	4	0	0	1	0	0	0	2	0	1	0
P35240-6	P35240-6	uc003aga.4	protein_coding	3	1	4	48	5	0	2	0	0	0	0	0	42	4	0	0	1	0	0	0	2	0	1	0
P35240-6	P35240-6	uc003agb.4	protein_coding	3	1	3	49	5	0	4	0	0	0	0	0	41	3	0	0	1	0	0	0	2	0	1	0
P35240-9	P35240-9	uc003agj.4	protein_coding	0	0	3	53	5	0	2	0	0	0	0	0	46	3	0	0	0	0	0	0	0	0	0	0
P35268	P35268	uc001amd.3	protein_coding	0	0	0	15	2	0	0	0	0	0	0	0	10	0	0	0	0	0	0	0	0	0	0	3
P35268	P35268	uc001ame.3	protein_coding	0	0	0	15	2	0	0	0	0	0	0	0	10	0	0	0	0	0	0	0	0	0	0	3
P35452	P35452	uc010zev.1	protein_coding	0	0	0	3	0	0	0	0	0	0	0	0	0	0	0	0	0	0	0	0	0	0	0	3
P35453	P35453	uc002ukf.1	protein_coding	0	0	3	4	4	0	0	0	0	0	0	0	0	3	0	0	0	0	0	0	0	0	0	0
P35556	P35556	uc003kuu.3	protein_coding	8	9	18	114	4	0	0	0	0	0	0	0	110	18	0	0	0	0	1	0	8	0	8	1
P35580	P35580	uc002gll.4	protein_coding	3	6	8	113	5	0	0	0	0	0	0	0	109	8	0	0	0	0	1	0	3	0	5	0
P35637	P35637	uc002ebf.3	protein_coding	0	2	4	22	2	0	1	0	0	0	0	0	19	4	0	0	0	0	0	0	0	0	2	0
P35637-2	P35637-2	uc002ebh.3	protein_coding	0	2	4	22	2	0	1	0	0	0	0	0	19	4	0	0	0	0	0	0	0	0	2	0
P35638	P35638	uc001soi.3	protein_coding	0	1	3	13	0	0	2	0	0	0	2	0	8	3	0	0	0	0	0	0	0	0	1	1
P35638	P35638	uc021qzj.1	protein_coding	0	1	3	13	0	0	1	0	0	0	2	0	9	3	0	0	0	0	0	0	0	0	1	1
P35968	P35968	uc003has.3	protein_coding	1	8	9	53	4	1	3	0	0	0	0	0	48	9	0	0	0	0	4	0	1	0	5	0
P35968	P35968	uc003hat.1	protein_coding	1	8	9	53	4	1	3	0	0	0	0	0	48	9	0	0	0	0	4	0	1	0	5	0
P35968-2	P35968-2	uc011bzx.2	protein_coding	0	2	5	24	0	1	3	0	0	0	5	0	16	5	0	0	0	0	2	0	0	0	1	0
P36896	P36896	uc001rzn.3	protein_coding	2	2	7	34	9	1	3	0	0	0	1	0	22	7	0	0	1	0	0	0	1	0	1	0
P36896-2	P36896-2	uc001rzm.3	protein_coding	2	2	7	34	1	1	3	0	0	0	10	0	21	7	0	0	1	0	0	0	1	0	1	0
P36896-3	P36896-3	uc001rzl.3	protein_coding	2	2	7	24	0	1	3	0	0	0	3	0	19	7	0	0	1	0	0	0	1	0	1	0
P36896-4	P36896-4	uc010snn.2	protein_coding	2	2	8	33	9	1	3	0	0	0	1	0	21	8	0	0	1	0	0	0	1	0	1	0
P38398	P38398	uc002icq.3	protein_coding	2	6	11	44	4	0	0	0	0	0	0	0	41	11	0	0	0	0	1	0	2	0	5	0
P38398	P38398	uc002ide.1	protein_coding	2	3	6	12	0	0	0	0	0	0	2	0	11	6	0	0	0	0	1	0	2	0	2	0
P38398	P38398	uc010cyy.1	protein_coding	2	3	6	15	0	0	0	0	0	0	2	0	14	6	0	0	0	0	1	0	2	0	2	0
P38398	P38398	uc010cyz.2	protein_coding	2	3	6	15	0	0	0	0	0	0	2	0	14	6	0	0	0	0	1	0	2	0	2	0
P38398	P38398	uc010cza.2	protein_coding	2	3	6	15	0	0	0	0	0	0	2	0	14	6	0	0	0	0	1	0	2	0	2	0
P38398	P38398	uc010whs.1	protein_coding	2	3	6	15	0	0	0	0	0	0	2	0	14	6	0	0	0	0	1	0	2	0	2	0
P38398	P38398	uc010wht.1	protein_coding	2	2	6	16	0	0	0	0	0	0	2	0	14	6	0	0	0	0	0	0	2	0	2	0
P38398-2	P38398-2	uc002icp.4	protein_coding	2	6	11	44	4	0	0	0	0	0	0	0	41	11	0	0	0	0	1	0	2	0	5	0
P38398-3	P38398-3	uc010whq.1	protein_coding	0	3	2	38	0	0	0	0	0	0	1	0	38	2	0	0	0	0	1	0	0	0	2	0
P38398-3	P38398-3	uc010whr.1	protein_coding	0	3	2	41	0	0	0	0	0	0	1	0	41	2	0	0	0	0	1	0	0	0	2	0
P38398-6	P38398-6	uc002icu.3	protein_coding	0	4	2	57	5	0	0	0	0	0	0	0	53	2	0	0	0	0	1	0	0	0	3	0
P39210	P39210	uc002rjr.3	protein_coding	0	0	0	6	0	0	0	0	0	0	0	0	0	0	0	0	0	0	0	0	0	0	0	6
P39210	P39210	uc002rjs.3	protein_coding	0	0	0	7	0	0	0	0	0	0	0	0	0	0	0	0	0	0	0	0	0	0	0	7
P39880	P39880	uc003uyx.4	protein_coding	2	9	9	132	4	0	0	0	0	0	1	0	128	9	0	0	1	0	1	0	1	0	8	1
P39880-3	P39880-3	uc003uys.4	protein_coding	2	9	9	132	4	0	0	0	0	0	1	0	128	9	0	0	1	0	1	0	1	0	8	1
P40259	P40259	uc002jdq.1	protein_coding	2	3	2	18	7	0	0	0	0	0	0	0	11	2	0	0	0	0	3	0	2	0	2	1
P40259-2	P40259-2	uc002jdr.1	protein_coding	1	2	1	21	7	0	0	0	0	0	0	0	14	1	0	0	0	0	2	0	1	0	1	1
P40337	P40337	uc003bvc.3	protein_coding	0	5	3	13	3	1	3	0	0	0	0	0	7	3	0	0	0	0	0	0	0	0	4	0
P40337-2	P40337-2	uc003bvd.3	protein_coding	0	4	3	14	3	1	3	0	0	0	0	0	8	3	0	0	0	0	0	0	0	0	3	0
P40692	P40692	uc003cgl.3	protein_coding	0	5	3	61	0	2	3	0	0	0	16	0	42	3	0	0	0	0	0	0	0	0	3	0
P40692	P40692	uc011aye.2	protein_coding	0	3	2	67	1	0	2	0	0	0	0	0	61	2	0	0	0	0	0	0	0	0	3	3
P40763	P40763	uc002hzl.1	protein_coding	0	7	8	52	16	0	0	0	0	0	0	0	38	8	0	0	0	0	5	0	0	0	5	0
P40763	P40763	uc002hzn.1	protein_coding	0	7	8	52	16	0	0	0	0	0	0	0	38	8	0	0	0	0	5	0	0	0	5	0
P40763	P40763	uc010wgh.1	protein_coding	0	8	7	53	16	1	1	0	0	0	0	0	38	7	0	0	0	0	5	0	0	0	5	0
P40763-2	P40763-2	uc002hzm.1	protein_coding	0	7	8	52	16	0	0	0	0	0	0	0	38	8	0	0	0	0	5	0	0	0	5	0
P41161	P41161	uc003fpz.3	protein_coding	1	2	4	32	8	0	1	0	0	0	0	0	23	4	0	0	0	0	0	0	1	0	2	0
P41182	P41182	uc003frp.3	protein_coding	0	4	6	27	4	0	0	0	0	0	0	0	22	6	0	0	0	0	0	0	0	0	4	1
P41182	P41182	uc003frq.2	protein_coding	0	4	6	30	4	0	1	0	0	0	0	0	25	6	0	0	0	0	0	0	0	0	4	0
P41182	P41182	uc010hza.2	protein_coding	0	4	6	28	4	1	1	0	0	0	0	0	22	6	0	0	0	0	0	0	0	0	3	1
P41182-2	P41182-2	uc011bsf.1	protein_coding	0	3	5	29	4	0	0	0	0	0	0	0	23	5	0	0	0	0	0	0	0	0	3	2
P42229	P42229	uc002hzj.2	protein_coding	0	0	0	21	0	0	0	0	0	0	21	0	0	0	0	0	0	0	0	0	0	0	0	0
P42229	P42229	uc010cya.2	protein_coding	0	0	0	21	0	0	0	0	0	0	21	0	0	0	0	0	0	0	0	0	0	0	0	0
P42330	P42330	uc001ihr.3	protein_coding	0	1	0	40	2	0	0	0	0	0	0	0	38	0	0	0	0	0	0	0	0	0	1	0
P42330	P42330	uc001ihu.3	protein_coding	0	2	1	28	2	0	0	0	0	0	0	0	25	1	0	0	0	0	0	0	0	0	2	1
P42330	P42330	uc010qap.2	protein_coding	0	2	0	33	2	0	0	0	0	0	0	0	29	0	0	0	0	0	0	0	0	0	2	2
P42336	P42336	uc003fjk.3	protein_coding	1	2	3	48	1	0	1	0	0	0	1	0	45	3	0	0	0	0	0	0	1	0	2	0
P42338	P42338	uc011bmq.3	protein_coding	1	3	3	45	0	0	0	0	0	0	0	0	46	3	0	0	0	0	1	0	1	0	2	0
P42568	P42568	uc003zoe.2	protein_coding	1	1	4	42	2	0	0	0	0	1	0	0	40	3	0	0	0	0	1	0	1	0	1	0
P42568	P42568	uc011lne.1	protein_coding	1	2	3	43	2	1	1	0	0	1	0	0	38	2	0	0	0	0	1	0	1	0	1	2
P42684	P42684	uc001gmj.4	protein_coding	2	7	13	60	2	1	3	0	0	0	0	0	55	13	0	0	0	0	0	0	2	0	6	0
P42684-10	P42684-10	uc001gmg.4	protein_coding	2	6	11	34	2	0	0	0	0	0	0	0	32	11	0	0	0	0	0	0	2	0	6	0
P42684-3	P42684-3	uc001gmi.4	protein_coding	2	6	13	32	2	0	0	0	0	0	0	0	30	13	0	0	0	0	0	0	2	0	6	0
P42684-4	P42684-4	uc010pne.2	protein_coding	2	6	10	35	2	0	0	0	0	0	0	0	33	10	0	0	0	0	0	0	2	0	6	0
P42684-5	P42684-5	uc010pnf.2	protein_coding	2	7	11	62	2	1	3	0	0	0	0	0	57	11	0	0	0	0	0	0	2	0	6	0
P42684-6	P42684-6	uc010pnh.2	protein_coding	2	7	12	61	2	1	3	0	0	0	0	0	56	12	0	0	0	0	0	0	2	0	6	0
P42684-7	P42684-7	uc010png.2	protein_coding	2	7	10	63	2	1	3	0	0	0	0	0	58	10	0	0	0	0	0	0	2	0	6	0
P42684-8	P42684-8	uc001gmk.3	protein_coding	0	2	4	28	1	0	0	0	0	0	5	0	22	4	0	0	0	0	0	0	0	0	2	0
P42684-8	P42684-8	uc009wxe.3	protein_coding	1	2	5	72	1	1	3	0	0	0	15	0	53	5	0	0	0	0	0	0	1	0	1	0
P42684-8	P42684-8	uc009wxf.2	protein_coding	0	2	5	27	1	0	0	0	0	0	5	0	21	5	0	0	0	0	0	0	0	0	2	0
P42696	P42696	uc001hwn.3	protein_coding	0	1	0	18	0	0	3	0	0	0	0	0	15	0	0	0	0	0	0	0	0	0	1	0
P42696-2	P42696-2	uc010pxp.1	protein_coding	0	1	0	16	0	0	3	0	0	0	3	0	10	0	0	0	0	0	0	0	0	0	1	0
P42773	P42773	uc001csf.3	protein_coding	0	0	1	6	1	0	1	0	0	0	1	0	3	1	0	0	0	0	0	0	0	0	0	0
P42773	P42773	uc001csg.3	protein_coding	0	1	1	6	1	1	3	0	0	0	1	0	0	1	0	0	0	0	0	0	0	0	0	1
P43235	P43235	uc001evp.2	protein_coding	0	0	0	16	0	0	0	0	0	0	0	0	0	0	0	0	0	0	0	0	0	0	0	16
P43657	P43657	uc001vce.3	protein_coding	0	1	2	6	1	0	1	0	0	0	0	0	4	2	0	0	0	0	0	0	0	0	1	0
P43657	P43657	uc001vcf.3	protein_coding	0	1	2	7	1	0	1	0	0	0	0	0	5	2	0	0	0	0	0	0	0	0	1	0
P43657	P43657	uc010acu.3	protein_coding	0	1	2	4	1	0	3	0	0	0	0	0	0	2	0	0	0	0	0	0	0	0	1	0
P43699	P43699	uc001wtt.3	protein_coding	0	0	2	10	5	0	0	0	0	0	0	0	2	2	0	0	0	0	0	0	0	0	0	3
P43699	P43699	uc001wtv.3	protein_coding	0	0	2	10	5	0	1	0	0	0	0	0	3	2	0	0	0	0	0	0	0	0	0	1
P43699-3	P43699-3	uc001wtu.3	protein_coding	0	0	3	9	5	0	0	0	0	0	0	0	3	3	0	0	0	0	0	0	0	0	0	1
P46777	P46777	uc001doz.3	protein_coding	1	0	2	7	0	0	0	0	0	0	0	0	8	2	0	0	1	0	0	0	0	0	0	0
P46777	P46777	uc001dpb.3	protein_coding	0	2	2	8	0	2	3	0	0	0	0	0	5	2	0	0	0	0	0	0	0	0	0	0
P48163	P48163	uc003pjy.3	protein_coding	1	2	5	61	8	0	0	0	0	0	0	0	55	5	0	0	0	0	2	0	1	0	0	0
P48163	P48163	uc011dzb.2	protein_coding	1	2	5	61	8	0	0	0	0	0	0	0	55	5	0	0	0	0	2	0	1	0	0	0
P48163	P48163	uc011dzc.2	protein_coding	1	2	5	61	8	0	0	0	0	0	0	0	55	5	0	0	0	0	2	0	1	0	0	0
P48736	P48736	uc003vdu.3	protein_coding	3	7	6	22	0	0	0	0	0	0	0	0	22	6	0	0	0	0	0	0	3	0	7	0
P48736	P48736	uc003vdv.4	protein_coding	3	7	6	22	0	0	0	0	0	0	0	0	22	6	0	0	0	0	0	0	3	0	7	0
P48736	P48736	uc003vdw.3	protein_coding	3	7	6	22	0	0	0	0	0	0	0	0	22	6	0	0	0	0	0	0	3	0	7	0
P49711	P49711	uc002etl.3	protein_coding	1	1	7	28	6	0	0	0	0	0	0	0	23	7	0	0	1	0	0	0	0	0	1	0
P49765	P49765	uc001nyw.3	protein_coding	0	3	5	17	4	0	0	0	0	0	0	0	13	5	0	0	0	0	1	0	0	0	3	0
P49765-2	P49765-2	uc001nyx.3	protein_coding	0	1	6	18	4	0	0	0	0	0	0	0	14	6	0	0	0	0	1	0	0	0	1	0
P49796	P49796	uc004bhq.4	protein_coding	4	8	10	105	7	0	0	0	0	0	0	0	101	10	0	0	1	0	2	0	3	0	6	0
P49796	P49796	uc004bhs.4	protein_coding	4	8	10	105	7	0	1	0	0	0	0	0	95	10	0	0	1	0	2	0	3	0	6	5
P49796-1	P49796-1	uc004bhv.4	protein_coding	1	4	5	49	7	0	0	0	0	0	0	0	42	5	0	0	0	0	1	0	1	0	3	1
P49796-1	P49796-1	uc004bhz.4	protein_coding	1	5	5	26	7	1	3	0	0	0	0	0	13	5	0	0	0	0	1	0	1	0	3	4
P49796-1	P49796-1	uc011lxh.3	protein_coding	1	4	5	37	7	0	0	0	0	0	0	0	20	5	0	0	0	0	1	0	1	0	3	11
P49796-1	P49796-1	uc031teu.1	protein_coding	1	5	5	26	7	1	1	0	0	0	0	0	15	5	0	0	0	0	1	0	1	0	3	4
P49796-4	P49796-4	uc004bht.4	protein_coding	3	7	9	87	7	0	2	0	0	0	0	0	65	9	0	0	0	0	2	0	3	0	5	15
P49796-5	P49796-5	uc004bhr.4	protein_coding	5	4	6	62	2	0	1	0	0	0	0	0	56	6	0	0	1	0	1	0	4	0	3	5
P49815	P49815	uc002con.3	protein_coding	3	8	13	103	0	0	0	0	0	0	0	0	104	13	0	0	0	0	3	0	3	0	5	2
P49815-3	P49815-3	uc002cop.3	protein_coding	3	7	13	104	0	0	0	0	0	0	0	0	104	13	0	0	0	0	2	0	3	0	5	2
P49815-4	P49815-4	uc010bsd.3	protein_coding	3	7	13	104	0	0	0	0	0	0	0	0	104	13	0	0	0	0	2	0	3	0	5	2
P49815-5	P49815-5	uc002coo.3	protein_coding	3	7	13	104	0	0	0	0	0	0	0	0	104	13	0	0	0	0	2	0	3	0	5	2
P49815-6	P49815-6	uc010uvv.2	protein_coding	3	7	13	104	0	0	0	0	0	0	0	0	104	13	0	0	0	0	2	0	3	0	5	2
P49842	P49842	uc003nyv.3	protein_coding	0	0	0	12	0	0	0	0	0	0	0	0	0	0	0	0	0	0	0	0	0	0	0	12
P49842	P49842	uc011dox.1	protein_coding	0	0	0	12	0	0	0	0	0	0	0	0	0	0	0	0	0	0	0	0	0	0	0	12
P49842-2	P49842-2	uc003nyw.3	protein_coding	0	0	0	12	0	0	0	0	0	0	0	0	0	0	0	0	0	0	0	0	0	0	0	12
P49902	P49902	uc001kwo.3	protein_coding	1	3	1	47	2	0	0	0	0	0	0	0	46	1	0	0	1	0	0	0	0	0	3	0
P49902	P49902	uc001kwq.3	protein_coding	1	3	1	47	2	0	0	0	0	0	0	0	46	1	0	0	1	0	0	0	0	0	3	0
P49915	P49915	uc003faq.3	protein_coding	0	2	2	41	0	0	1	0	0	0	1	0	40	2	0	0	0	0	1	0	0	0	1	0
P50148	P50148	uc004akw.3	protein_coding	0	1	0	50	2	0	0	0	0	0	2	0	46	0	0	0	0	0	1	0	0	0	0	1
P51532	P51532	uc002mqf.4	protein_coding	4	10	17	86	1	0	0	0	0	0	4	0	83	17	0	0	1	1	1	0	2	0	10	0
P51532	P51532	uc002mqg.1	protein_coding	3	8	15	69	2	0	0	0	0	0	13	0	56	15	0	0	1	1	1	0	1	0	8	0
P51532	P51532	uc010dxp.3	protein_coding	4	10	17	86	1	0	0	0	0	0	4	0	83	17	0	0	1	1	1	0	2	0	10	0
P51532-2	P51532-2	uc010dxq.3	protein_coding	4	10	17	85	1	0	0	0	0	0	4	0	82	17	0	0	1	1	1	0	2	0	10	0
P51532-3	P51532-3	uc010dxs.3	protein_coding	4	10	17	85	1	0	0	0	0	0	4	0	82	17	0	0	1	1	1	0	2	0	10	0
P51532-4	P51532-4	uc002mqj.4	protein_coding	4	10	17	85	1	0	0	0	0	0	4	0	82	17	0	0	1	1	1	0	2	0	10	0
P51532-5	P51532-5	uc010dxr.3	protein_coding	4	10	17	85	1	0	0	0	0	0	4	0	82	17	0	0	1	1	1	0	2	0	10	0
P51858	P51858	uc001fpy.4	protein_coding	0	0	0	8	0	0	0	0	0	0	0	0	2	0	0	0	0	0	0	0	0	0	0	6
P51858	P51858	uc009wsd.3	protein_coding	0	0	0	8	0	0	0	0	0	0	0	0	2	0	0	0	0	0	0	0	0	0	0	6
P51858	P51858	uc009wsf.3	protein_coding	0	0	0	13	0	0	0	0	0	0	0	0	8	0	0	0	0	0	0	0	0	0	0	5
P51946	P51946	uc003kjb.3	protein_coding	0	0	0	3	0	0	0	0	0	0	3	0	0	0	0	0	0	0	0	0	0	0	0	0
P52306	P52306	uc003htx.4	protein_coding	0	1	4	33	2	0	0	0	0	0	0	0	31	4	0	0	0	0	1	0	0	0	1	0
P52306-2	P52306-2	uc003htz.4	protein_coding	0	1	2	35	2	0	0	0	0	0	0	0	33	2	0	0	0	0	1	0	0	0	1	0
P52306-3	P52306-3	uc003hty.4	protein_coding	0	1	2	35	2	0	0	0	0	0	0	0	33	2	0	0	0	0	1	0	0	0	1	0
P52333	P52333	uc002nhn.4	protein_coding	0	4	6	46	2	0	0	0	0	0	0	0	45	6	0	0	0	0	1	0	0	0	3	0
P52333-2	P52333-2	uc002nho.2	protein_coding	1	5	5	45	1	0	0	0	0	0	4	0	41	5	0	0	0	0	1	0	1	0	4	0
P52701	P52701	uc002rwd.4	protein_coding	1	9	9	46	0	0	0	0	0	0	10	0	34	9	0	0	1	0	1	0	0	0	8	4
P52701	P52701	uc010fbj.3	protein_coding	1	6	6	53	0	1	6	0	0	0	10	0	35	6	0	0	1	0	1	0	0	0	4	4
P52701	P52701	uc010yoj.2	protein_coding	0	6	6	53	0	0	2	0	0	0	10	0	33	6	0	0	0	0	2	0	0	0	4	10
P52701-2	P52701-2	uc002rwc.2	protein_coding	1	7	9	36	0	0	0	0	0	0	15	0	18	9	0	0	1	0	0	0	0	0	7	4
P53814	P53814	uc003ajl.2	protein_coding	1	6	9	47	0	0	1	0	0	0	0	0	48	9	0	0	0	0	3	0	1	0	3	1
P53814-5	P53814-5	uc003ajk.2	protein_coding	0	6	8	49	3	0	1	0	0	0	0	0	47	8	0	0	0	0	3	0	0	0	3	1
P53814-6	P53814-6	uc003ajm.2	protein_coding	1	6	9	47	0	0	1	0	0	0	0	0	48	9	0	0	0	0	3	0	1	0	3	1
P54278	P54278	uc003spk.3	protein_coding	1	2	1	44	0	0	0	0	0	0	0	0	45	1	0	0	1	0	1	0	0	0	1	1
P54278	P54278	uc010ktg.3	protein_coding	0	1	1	46	0	0	1	0	0	0	0	0	45	1	0	0	0	0	1	0	0	0	0	1
P54278	P54278	uc011jwl.2	protein_coding	1	2	1	44	0	0	0	0	0	0	0	0	45	1	0	0	1	0	1	0	0	0	1	1
P54278-2	P54278-2	uc010kte.3	protein_coding	1	2	0	45	0	0	0	0	0	0	0	0	46	0	0	0	1	0	1	0	0	0	1	1
P54278-3	P54278-3	uc010ktf.2	protein_coding	1	2	1	44	0	0	0	0	0	0	0	0	45	1	0	0	1	0	1	0	0	0	1	1
P55072	P55072	uc003zvy.2	protein_coding	0	0	0	17	0	0	0	0	0	0	0	0	0	0	0	0	0	0	0	0	0	0	0	17
P55072	P55072	uc010mkh.1	protein_coding	0	0	0	17	0	0	0	0	0	0	0	0	0	0	0	0	0	0	0	0	0	0	0	17
P55072	P55072	uc010mki.1	protein_coding	0	0	0	12	0	0	0	0	0	0	0	0	0	0	0	0	0	0	0	0	0	0	0	12
P55196	P55196	uc003qwg.1	protein_coding	1	7	5	41	2	0	1	0	0	0	3	0	33	5	0	0	0	0	1	0	1	0	6	3
P55196-2	P55196-2	uc003qwb.1	protein_coding	2	9	8	63	0	0	0	0	0	0	3	0	61	8	0	0	0	0	2	0	2	0	8	0
P55196-3	P55196-3	uc021zij.1	protein_coding	2	9	9	71	3	0	0	0	0	0	0	0	69	9	0	0	0	0	2	0	2	0	8	0
P55196-6	P55196-6	uc003qwc.2	protein_coding	2	9	8	70	2	0	0	0	0	0	5	0	64	8	0	0	0	0	2	0	2	0	8	0
P55197	P55197	uc001iqs.3	protein_coding	0	3	5	76	3	0	2	0	0	0	0	0	72	5	0	0	0	0	1	0	0	0	2	0
P55197-2	P55197-2	uc001iqr.2	protein_coding	0	2	0	14	2	0	2	0	0	0	0	0	11	0	0	0	0	0	1	0	0	0	1	0
P55197-2	P55197-2	uc001iqw.1	protein_coding	0	2	0	21	0	0	0	0	0	0	2	0	15	0	0	0	0	0	1	0	0	0	1	5
P55287	P55287	uc002eoi.3	protein_coding	1	2	6	42	1	0	0	0	0	0	1	0	39	6	0	0	0	0	0	0	1	0	2	1
P55287	P55287	uc010vin.2	protein_coding	0	2	4	45	1	0	0	0	0	0	1	0	42	4	0	0	0	0	0	0	0	0	2	1
P55287-2	P55287-2	uc002eoj.3	protein_coding	1	2	6	42	1	0	0	0	0	0	1	0	39	6	0	0	0	0	0	0	1	0	2	1
P56192	P56192	uc001sog.3	protein_coding	0	0	2	15	0	0	0	0	0	0	15	0	0	2	0	0	0	0	0	0	0	0	0	0
P58012	P58012	uc003esw.3	protein_coding	0	5	7	6	2	2	4	0	0	0	0	0	0	7	0	0	0	0	0	0	0	0	3	0
P58401	P58401	uc001oao.3	protein_coding	0	1	6	18	3	0	4	0	0	0	0	0	7	6	0	0	0	0	0	0	0	0	1	4
P58401	P58401	uc001oap.3	protein_coding	0	4	11	25	3	0	0	0	0	0	0	0	19	11	0	0	0	0	0	0	0	0	4	3
P60484	P60484	uc001kfb.3	protein_coding	1	0	0	37	4	0	4	0	0	0	0	0	28	0	0	0	1	0	0	0	0	0	0	2
P60568	P60568	uc003ier.3	protein_coding	0	1	1	3	0	0	0	0	0	0	0	0	3	1	0	0	0	0	1	0	0	0	1	0
P60602	P60602	uc002xdy.3	protein_coding	0	0	0	5	0	0	0	0	0	0	5	0	0	0	0	0	0	0	0	0	0	0	0	0
P60602	P60602	uc010gfm.3	protein_coding	0	0	0	5	0	0	0	0	0	0	5	0	0	0	0	0	0	0	0	0	0	0	0	0
P61289	P61289	uc002ibp.3	protein_coding	3	0	0	29	7	0	1	0	0	0	0	0	22	0	0	0	1	0	1	0	2	0	0	0
P61289	P61289	uc002ibr.4	protein_coding	3	2	1	28	7	2	5	0	0	0	0	0	16	1	0	0	1	0	1	0	2	0	0	1
P61289	P61289	uc031ram.1	protein_coding	3	2	1	28	7	2	5	0	0	0	0	0	16	1	0	0	1	0	1	0	2	0	0	1
P61289-2	P61289-2	uc002ibq.4	protein_coding	3	2	1	28	7	2	5	0	0	0	0	0	16	1	0	0	1	0	1	0	2	0	0	1
P62906	P62906	uc003okp.1	protein_coding	0	0	0	4	0	0	0	0	0	0	0	0	0	0	0	0	0	0	0	0	0	0	0	4
P62906	P62906	uc003oks.1	protein_coding	0	0	0	4	0	0	0	0	0	0	0	0	0	0	0	0	0	0	0	0	0	0	0	4
P62993	P62993	uc002jnx.4	protein_coding	1	3	1	42	15	0	0	0	0	0	0	0	29	1	0	0	0	0	2	0	1	0	1	0
P62993-2	P62993-2	uc002jny.4	protein_coding	0	3	1	43	15	0	0	0	0	0	0	0	30	1	0	0	0	0	2	0	0	0	1	0
P63000	P63000	uc003spx.3	protein_coding	0	2	2	26	9	0	0	0	0	0	1	0	16	2	0	0	0	0	0	0	0	0	2	0
P63000	P63000	uc021zzg.1	protein_coding	0	2	2	26	9	0	0	0	0	0	1	0	16	2	0	0	0	0	0	0	0	0	2	0
P63092	P63092	uc002xzt.3	protein_coding	1	2	3	69	0	0	3	0	0	0	0	0	66	3	0	0	0	0	2	0	1	0	2	0
P63092	P63092	uc002xzx.3	protein_coding	1	2	3	30	0	0	2	0	0	0	0	0	28	3	0	0	0	0	2	0	1	0	2	0
P63092	P63092	uc002yad.3	protein_coding	1	2	2	22	0	0	0	0	0	0	0	0	16	2	0	0	0	0	2	0	1	0	2	6
P63092	P63092	uc010gjq.3	protein_coding	1	2	3	69	0	0	0	0	0	0	0	0	66	3	0	0	0	0	2	0	1	0	2	3
P63092	P63092	uc021wfn.1	protein_coding	1	2	3	30	0	0	2	0	0	0	0	0	26	3	0	0	0	0	2	0	1	0	2	2
P63092-2	P63092-2	uc002yae.3	protein_coding	1	2	2	16	0	0	0	0	0	0	0	0	12	2	0	0	0	0	2	0	1	0	2	4
P63092-2	P63092-2	uc021wfp.1	protein_coding	1	2	3	30	0	0	2	0	0	0	0	0	26	3	0	0	0	0	2	0	1	0	2	2
P63092-3	P63092-3	uc002yaa.3	protein_coding	1	2	3	30	0	0	2	0	0	0	0	0	26	3	0	0	0	0	2	0	1	0	2	2
P63272	P63272	uc002iwe.2	protein_coding	0	0	0	8	0	0	0	0	0	0	0	0	0	0	0	0	0	0	0	0	0	0	0	8
P68402	P68402	uc001pqe.2	protein_coding	0	0	3	21	0	0	0	0	0	0	4	0	17	3	0	0	0	0	0	0	0	0	0	0
P68402-2	P68402-2	uc009yzk.2	protein_coding	0	0	1	23	0	0	0	0	0	0	0	0	23	1	0	0	0	0	0	0	0	0	0	0
P78362	P78362	uc003vct.4	protein_coding	1	2	3	74	5	1	1	0	0	0	9	0	57	3	0	0	0	0	0	0	1	0	1	2
P78362	P78362	uc003vcu.4	protein_coding	1	1	3	80	5	0	0	0	0	0	9	0	62	3	0	0	0	0	0	0	1	0	1	4
P78362	P78362	uc003vcw.1	protein_coding	1	0	2	81	0	0	0	0	0	0	1	0	80	2	0	0	0	0	0	0	1	0	0	0
P78362-2	P78362-2	uc003vcv.4	protein_coding	1	1	3	100	5	0	1	0	0	0	9	0	83	3	0	0	0	0	0	0	1	0	1	2
P78549	P78549	uc002col.1	protein_coding	0	0	1	15	0	0	0	0	0	0	0	0	0	1	0	0	0	0	0	0	0	0	0	15
P84243	P84243	uc001hpw.3	protein_coding	0	1	1	11	0	0	1	0	0	0	0	0	10	1	0	0	0	0	1	0	0	0	0	0
P84243	P84243	uc021pjv.1	protein_coding	0	0	1	11	0	0	2	0	0	0	0	0	7	1	0	0	0	0	0	0	0	0	0	2
P98161-3	P98161-3	uc002cot.1	protein_coding	0	0	0	25	0	0	0	0	0	0	25	0	0	0	0	0	0	0	0	0	0	0	0	0
Q00534	Q00534	uc010lez.3	protein_coding	0	1	1	41	14	1	2	0	0	0	0	0	25	1	0	0	0	0	0	0	0	0	0	0
Q00534	Q00534	uc011khw.2	protein_coding	0	1	1	41	14	1	2	0	0	0	0	0	25	1	0	0	0	0	0	0	0	0	0	0
Q00597	Q00597	uc004avh.3	protein_coding	0	2	2	69	1	0	1	0	0	0	0	0	68	2	0	0	0	0	1	0	0	0	1	0
Q00597	Q00597	uc022bkl.1	protein_coding	0	2	2	69	1	0	1	0	0	0	0	0	67	2	0	0	0	0	1	0	0	0	1	1
Q00653	Q00653	uc001kvb.4	protein_coding	1	7	11	20	1	0	1	0	0	0	0	0	20	11	0	0	0	0	3	0	1	0	4	0
Q00653-4	Q00653-4	uc001kva.4	protein_coding	1	6	11	20	1	0	0	0	0	0	0	0	21	11	0	0	0	0	2	0	1	0	4	0
Q00653-4	Q00653-4	uc001kvd.4	protein_coding	1	6	11	20	1	0	1	0	0	0	0	0	18	11	0	0	0	0	2	0	1	0	4	2
Q00653-4	Q00653-4	uc009xxc.4	protein_coding	1	6	11	20	1	0	1	0	0	0	0	0	17	11	0	0	0	0	2	0	1	0	4	3
Q01081	Q01081	uc002zdb.1	protein_coding	0	3	3	14	0	0	0	0	0	0	0	0	15	3	0	0	0	0	1	0	0	0	2	0
Q01081	Q01081	uc010gpi.1	protein_coding	0	3	1	16	6	0	0	0	0	0	0	0	11	1	0	0	0	0	1	0	0	0	2	0
Q01081-2	Q01081-2	uc002zda.1	protein_coding	0	3	3	14	0	0	0	0	0	0	0	0	15	3	0	0	0	0	1	0	0	0	2	0
Q01094	Q01094	uc002wzu.4	protein_coding	0	2	3	7	6	0	0	0	0	0	0	0	2	3	0	0	0	0	1	0	0	0	1	0
Q01860	Q01860	uc003nsv.3	protein_coding	1	4	1	28	3	0	0	0	0	0	2	0	22	1	0	0	0	0	1	1	0	0	3	2
Q02223	Q02223	uc002dbv.3	protein_coding	0	0	1	7	3	0	1	0	0	0	0	0	3	1	0	0	0	0	0	0	0	0	0	0
Q02750	Q02750	uc010bhq.3	protein_coding	1	2	3	48	3	2	5	0	0	0	0	0	40	3	0	0	0	0	0	0	1	0	0	0
Q03001-13	Q03001-13	uc003pde.2	protein_coding	0	1	4	30	1	0	1	0	0	0	9	0	17	4	0	0	0	0	0	0	0	0	1	2
Q03001-3	Q03001-3	uc003pdc.4	protein_coding	1	8	22	37	0	0	0	0	0	0	8	0	24	22	0	0	0	0	1	0	1	0	8	5
Q03001-8	Q03001-8	uc003pcy.4	protein_coding	5	15	31	203	2	0	0	0	0	0	1	0	199	31	0	0	2	0	5	0	3	0	13	5
Q03001-9	Q03001-9	uc021zax.1	protein_coding	2	9	19	79	0	0	0	0	0	0	18	0	56	19	0	0	0	0	1	0	2	0	9	5
Q03111	Q03111	uc002mek.3	protein_coding	0	5	3	41	2	0	0	0	0	0	0	0	40	3	0	0	0	0	1	0	0	0	4	0
Q04206	Q04206	uc001ofg.3	protein_coding	0	2	5	16	0	0	0	0	0	0	0	0	17	5	0	0	0	0	1	0	0	0	1	0
Q04206	Q04206	uc009yqr.3	protein_coding	0	2	3	19	0	1	4	0	0	0	0	0	16	3	0	0	0	0	1	0	0	0	0	0
Q04206	Q04206	uc010ron.2	protein_coding	0	2	5	16	0	0	0	0	0	0	0	0	17	5	0	0	0	0	1	0	0	0	1	0
Q04206-4	Q04206-4	uc001ofh.3	protein_coding	0	2	5	16	0	0	0	0	0	0	0	0	17	5	0	0	0	0	1	0	0	0	1	0
Q05048	Q05048	uc002xxl.1	protein_coding	0	0	0	1	0	0	0	0	0	0	0	0	0	0	0	0	0	0	0	0	0	0	0	1
Q05048	Q05048	uc002xxm.1	protein_coding	0	0	0	1	0	0	0	0	0	0	0	0	0	0	0	0	0	0	0	0	0	0	0	1
Q05048	Q05048	uc002xxn.1	protein_coding	0	0	0	1	0	0	0	0	0	0	0	0	0	0	0	0	0	0	0	0	0	0	0	1
Q05513	Q05513	uc001aiq.3	protein_coding	1	5	8	100	1	0	0	0	0	0	1	0	99	8	0	0	0	0	1	0	1	0	4	0
Q05513-2	Q05513-2	uc001ait.3	protein_coding	1	4	4	24	1	0	0	0	0	0	1	0	22	4	0	0	0	0	0	0	1	0	4	0
Q05C17	Q05C17	uc001khs.1	protein_coding	0	1	3	25	0	0	1	0	0	0	5	0	14	3	0	0	0	0	0	0	0	0	1	5
Q07352	Q07352	uc001xkh.2	protein_coding	0	3	5	51	21	0	1	0	0	0	1	0	7	5	0	0	0	0	0	0	0	0	3	21
Q07352	Q07352	uc001xki.2	protein_coding	0	4	5	50	4	0	1	0	0	0	1	0	24	5	0	0	0	0	1	0	0	0	3	21
Q07889	Q07889	uc002rrk.4	protein_coding	1	3	5	41	1	0	0	0	0	0	0	0	39	5	0	0	1	0	0	0	0	0	3	2
Q07890	Q07890	uc001wxs.4	protein_coding	1	3	7	62	1	0	0	0	0	0	0	0	63	7	0	0	0	0	2	0	1	0	1	0
Q07955	Q07955	uc002ivi.3	protein_coding	0	4	1	9	1	3	3	0	0	0	0	0	5	1	0	0	0	0	0	0	0	0	1	0
Q07955-3	Q07955-3	uc002ivj.3	protein_coding	0	4	1	9	1	3	3	0	0	0	0	0	5	1	0	0	0	0	0	0	0	0	1	0
Q08289	Q08289	uc001ipr.2	protein_coding	0	4	2	111	5	0	0	0	0	0	0	0	109	2	0	0	0	0	3	0	0	0	1	0
Q08289-2	Q08289-2	uc001ipx.2	protein_coding	0	5	2	83	5	2	2	0	0	0	0	0	77	2	0	0	0	0	2	0	0	0	1	1
Q08289-3	Q08289-3	uc001ipy.2	protein_coding	0	4	2	74	5	1	1	0	0	0	0	0	68	2	0	0	0	0	2	0	0	0	1	2
Q08289-4	Q08289-4	uc001ipu.3	protein_coding	0	5	2	111	5	1	3	0	0	0	0	0	106	2	0	0	0	0	3	0	0	0	1	0
Q08289-6	Q08289-6	uc001ipw.2	protein_coding	0	5	2	83	5	2	2	0	0	0	0	0	77	2	0	0	0	0	2	0	0	0	1	1
Q08289-7	Q08289-7	uc001ipt.2	protein_coding	0	4	2	111	5	0	0	0	0	0	0	0	109	2	0	0	0	0	3	0	0	0	1	0
Q08289-8	Q08289-8	uc001ips.2	protein_coding	0	4	2	111	5	0	0	0	0	0	0	0	109	2	0	0	0	0	3	0	0	0	1	0
Q08J23	Q08J23	uc003jdt.3	protein_coding	2	4	7	57	5	1	2	0	0	0	0	0	42	7	0	0	1	0	2	0	1	0	3	9
Q08J23	Q08J23	uc003jdu.3	protein_coding	3	7	7	63	5	1	2	0	0	0	0	0	59	7	0	0	1	0	4	0	2	0	4	0
Q08J23	Q08J23	uc003jdv.3	protein_coding	2	6	7	65	5	1	4	0	0	0	0	0	59	7	0	0	1	0	4	0	1	0	3	0
Q08J23-2	Q08J23-2	uc011cmk.2	protein_coding	2	7	7	64	5	1	2	0	0	0	0	0	60	7	0	0	1	0	4	0	1	0	4	0
Q09161	Q09161	uc004axq.3	protein_coding	0	0	0	2	0	0	0	0	0	0	2	0	0	0	0	0	0	0	0	0	0	0	0	0
Q09472	Q09472	uc003azl.4	protein_coding	4	7	29	71	3	0	0	0	0	0	1	0	67	29	0	0	0	0	3	0	4	0	5	2
Q0VAD8	Q0VAD8	uc021vsp.1	protein_coding	0	0	0	3	0	0	0	0	0	0	0	0	0	0	0	0	0	0	0	0	0	0	0	3
Q0ZAJ5	Q0ZAJ5	uc010hgg.1	protein_coding	0	1	1	27	0	1	2	0	0	0	4	0	16	1	0	0	0	0	0	0	0	0	0	5
Q0ZAJ5	Q0ZAJ5	uc010hgh.1	protein_coding	0	1	1	27	0	1	2	0	0	0	4	0	16	1	0	0	0	0	0	0	0	0	0	5
Q0ZAJ5	Q0ZAJ5	uc010hgi.1	protein_coding	0	0	0	28	0	0	2	0	0	0	3	0	18	0	0	0	0	0	0	0	0	0	0	5
Q0ZAJ5	Q0ZAJ5	uc010hgj.1	protein_coding	0	0	0	33	0	0	2	0	0	0	3	0	23	0	0	0	0	0	0	0	0	0	0	5
Q0ZAJ5	Q0ZAJ5	uc010hgo.3	protein_coding	0	0	0	37	0	0	1	0	0	0	16	0	17	0	0	0	0	0	0	0	0	0	0	3
Q0ZGT2	Q0ZGT2	uc001dic.4	protein_coding	0	0	0	5	0	0	0	0	0	0	5	0	0	0	0	0	0	0	0	0	0	0	0	0
Q0ZGT2-2	Q0ZGT2-2	uc001dia.3	protein_coding	0	0	0	3	0	0	0	0	0	0	3	0	0	0	0	0	0	0	0	0	0	0	0	0
Q0ZGT2-2	Q0ZGT2-2	uc001did.1	protein_coding	0	0	0	5	0	0	0	0	0	0	5	0	0	0	0	0	0	0	0	0	0	0	0	0
Q0ZGT2-2	Q0ZGT2-2	uc009wcb.1	protein_coding	0	0	0	3	0	0	0	0	0	0	3	0	0	0	0	0	0	0	0	0	0	0	0	0
Q0ZGT2-4	Q0ZGT2-4	uc001dib.4	protein_coding	0	0	0	5	0	0	0	0	0	0	5	0	0	0	0	0	0	0	0	0	0	0	0	0
Q10571	Q10571	uc003adj.3	protein_coding	4	5	12	19	3	0	0	0	0	1	1	0	15	11	0	0	0	0	0	0	4	0	5	0
Q12824	Q12824	uc002zya.3	protein_coding	0	0	3	40	0	0	0	0	0	0	0	0	40	3	0	0	0	0	1	0	0	0	0	0
Q12824	Q12824	uc002zyb.3	protein_coding	1	2	5	35	2	0	0	0	0	0	0	0	33	5	0	0	0	0	1	0	1	0	2	0
Q12824-2	Q12824-2	uc002zyc.3	protein_coding	1	2	5	35	2	0	0	0	0	0	0	0	33	5	0	0	0	0	1	0	1	0	2	0
Q12851	Q12851	uc001obh.3	protein_coding	0	0	0	29	0	0	0	0	0	0	0	0	0	0	0	0	0	0	0	0	0	0	0	29
Q12888	Q12888	uc001zrs.3	protein_coding	3	5	15	39	1	0	0	0	0	0	1	0	38	15	0	0	0	0	2	0	3	0	4	0
Q12888-2	Q12888-2	uc001zrr.4	protein_coding	3	5	15	39	1	0	1	0	0	0	1	0	35	15	0	0	0	0	2	0	3	0	4	2
Q13085	Q13085	uc002hnm.3	protein_coding	3	15	17	162	11	1	1	0	0	0	0	0	154	17	0	0	1	0	4	0	2	0	11	0
Q13085	Q13085	uc002hnn.3	protein_coding	3	16	17	192	11	2	6	0	0	0	0	0	179	17	0	0	1	0	4	0	2	0	11	0
Q13085	Q13085	uc010cuz.3	protein_coding	3	5	10	79	1	1	1	0	0	0	1	0	79	10	0	0	1	0	2	0	2	0	2	0
Q13085-2	Q13085-2	uc002hnl.3	protein_coding	3	15	18	143	11	1	2	0	0	0	0	0	134	18	0	0	1	0	4	0	2	0	11	0
Q13085-4	Q13085-4	uc002hno.3	protein_coding	3	16	17	191	11	1	5	0	0	0	0	0	179	17	0	0	1	0	4	0	2	0	12	0
Q13123	Q13123	uc003lgq.3	protein_coding	0	4	2	29	0	0	0	0	0	0	0	0	24	2	0	0	0	0	2	0	0	0	3	6
Q13123	Q13123	uc011czk.1	protein_coding	0	1	1	33	0	0	0	0	0	0	16	0	12	1	0	0	0	0	1	0	0	0	0	6
Q13123	Q13123	uc021yen.1	protein_coding	0	3	1	31	1	0	0	0	0	0	7	0	13	1	0	0	0	0	1	0	0	0	2	11
Q13136	Q13136	uc001opo.3	protein_coding	1	3	10	68	3	0	0	0	0	0	0	0	67	10	0	0	0	0	3	0	1	0	1	0
Q13136-2	Q13136-2	uc001opn.2	protein_coding	1	2	9	69	0	0	0	0	0	0	11	0	59	9	0	0	0	0	2	0	1	0	1	0
Q13155	Q13155	uc003spo.3	protein_coding	0	0	0	13	0	0	0	0	0	0	0	0	0	0	0	0	0	0	0	0	0	0	0	13
Q13185	Q13185	uc003sxt.3	protein_coding	0	0	0	9	0	0	0	0	0	0	0	0	0	0	0	0	0	0	0	0	0	0	0	9
Q13185	Q13185	uc003sxu.3	protein_coding	0	0	0	5	0	0	0	0	0	0	0	0	0	0	0	0	0	0	0	0	0	0	0	5
Q13190	Q13190	uc001nvh.3	protein_coding	0	0	0	9	0	0	0	0	0	0	9	0	0	0	0	0	0	0	0	0	0	0	0	0
Q13190	Q13190	uc010rmi.2	protein_coding	0	0	0	9	0	0	0	0	0	0	9	0	0	0	0	0	0	0	0	0	0	0	0	0
Q13191	Q13191	uc003dwc.3	protein_coding	1	4	9	55	4	0	0	0	0	0	1	0	47	9	0	0	0	0	0	0	1	0	4	3
Q13191	Q13191	uc003dwd.2	protein_coding	1	4	9	47	2	0	0	0	0	0	1	0	41	9	0	0	0	0	0	0	1	0	4	3
Q13191-3	Q13191-3	uc003dwe.2	protein_coding	1	4	9	47	2	0	0	0	0	0	1	0	41	9	0	0	0	0	0	0	1	0	4	3
Q13217	Q13217	uc001vmq.3	protein_coding	2	0	1	51	1	0	0	0	0	0	0	0	50	1	0	0	1	0	0	0	1	0	0	1
Q13219	Q13219	uc004bjn.3	protein_coding	3	11	25	95	19	0	0	0	0	0	0	0	79	25	0	0	0	2	4	0	1	0	10	0
Q13219	Q13219	uc011lxp.1	protein_coding	0	9	14	38	0	0	0	0	0	0	0	0	37	14	0	0	0	0	3	0	0	0	8	2
Q13219	Q13219	uc011lxq.2	protein_coding	3	8	15	97	19	0	0	0	0	0	0	0	78	15	0	0	0	2	2	0	1	0	8	2
Q13310	Q13310	uc010oiv.1	protein_coding	0	5	7	27	1	2	4	0	0	0	1	0	23	7	0	0	0	0	4	0	0	0	1	0
Q13310-2	Q13310-2	uc001cdm.2	protein_coding	0	5	4	30	1	2	4	0	0	0	1	0	26	4	0	0	0	0	3	0	0	0	1	0
Q13310-3	Q13310-3	uc001cdl.2	protein_coding	0	5	7	27	1	2	4	0	0	0	1	0	23	7	0	0	0	0	4	0	0	0	1	0
Q13315	Q13315	uc001pke.2	protein_coding	1	5	10	62	2	1	2	0	0	0	0	0	54	10	0	0	1	0	2	0	0	0	3	6
Q13315	Q13315	uc009yxr.1	protein_coding	3	4	12	103	2	0	1	0	0	0	0	0	101	12	0	0	2	0	2	0	1	0	3	2
Q13422	Q13422	uc003tow.4	protein_coding	0	3	3	32	4	1	1	0	0	0	0	0	24	3	0	0	0	0	0	0	0	0	2	3
Q13422	Q13422	uc003toz.4	protein_coding	0	2	3	24	4	0	0	0	0	0	0	0	16	3	0	0	0	0	0	0	0	0	2	4
Q13422-2	Q13422-2	uc011kck.2	protein_coding	0	2	2	33	4	0	0	0	0	0	0	0	22	2	0	0	0	0	0	0	0	0	2	7
Q13422-2	Q13422-2	uc022acu.1	protein_coding	0	3	2	33	4	1	1	0	0	0	0	0	25	2	0	0	0	0	0	0	0	0	2	3
Q13422-3	Q13422-3	uc022acx.1	protein_coding	0	3	2	33	4	1	1	0	0	0	0	0	25	2	0	0	0	0	0	0	0	0	2	3
Q13422-5	Q13422-5	uc022acq.1	protein_coding	0	3	2	33	4	1	1	0	0	0	0	0	25	2	0	0	0	0	0	0	0	0	2	3
Q13422-6	Q13422-6	uc010kyx.3	protein_coding	0	2	1	26	4	0	0	0	0	0	0	0	18	1	0	0	0	0	0	0	0	0	2	4
Q13422-7	Q13422-7	uc003tox.4	protein_coding	0	3	2	33	4	1	1	0	0	0	0	0	25	2	0	0	0	0	0	0	0	0	2	3
Q13422-7	Q13422-7	uc003toy.4	protein_coding	0	2	2	33	4	0	0	0	0	0	0	0	22	2	0	0	0	0	0	0	0	0	2	7
Q13428	Q13428	uc003lry.3	protein_coding	0	0	0	16	0	0	0	0	0	0	16	0	0	0	0	0	0	0	0	0	0	0	0	0
Q13428-2	Q13428-2	uc003lsa.3	protein_coding	0	0	0	16	0	0	0	0	0	0	16	0	0	0	0	0	0	0	0	0	0	0	0	0
Q13428-6	Q13428-6	uc003lrz.3	protein_coding	0	0	0	16	0	0	0	0	0	0	16	0	0	0	0	0	0	0	0	0	0	0	0	0
Q13428-7	Q13428-7	uc011dch.2	protein_coding	0	0	0	16	0	0	0	0	0	0	16	0	0	0	0	0	0	0	0	0	0	0	0	0
Q13428-8	Q13428-8	uc003lrx.3	protein_coding	0	0	0	16	0	0	0	0	0	0	16	0	0	0	0	0	0	0	0	0	0	0	0	0
Q13470	Q13470	uc002ggi.4	protein_coding	1	5	4	9	0	0	1	0	0	0	1	0	8	4	0	0	1	0	1	0	0	0	5	0
Q13470-2	Q13470-2	uc002ggj.4	protein_coding	1	5	4	9	0	0	1	0	0	0	1	0	8	4	0	0	1	0	1	0	0	0	5	0
Q13485	Q13485	uc002lfb.4	protein_coding	1	1	1	20	4	0	1	0	0	0	0	0	9	1	0	0	0	0	0	0	1	0	1	6
Q13485	Q13485	uc010xdp.2	protein_coding	2	1	2	26	4	0	1	0	0	0	0	0	19	2	0	0	1	0	0	0	1	0	1	3
Q13492	Q13492	uc001pbm.3	protein_coding	1	1	2	52	2	0	2	0	0	0	0	0	47	2	0	0	1	0	0	0	0	0	1	2
Q13492-3	Q13492-3	uc001pbl.3	protein_coding	1	1	2	52	2	0	2	0	0	0	0	0	47	2	0	0	1	0	0	0	0	0	1	2
Q13535	Q13535	uc003eux.4	protein_coding	3	10	13	74	1	2	2	0	0	0	0	0	74	13	0	0	0	0	5	0	3	0	5	0
Q13572	Q13572	uc001ybf.3	protein_coding	0	0	0	4	0	0	0	0	0	0	4	0	0	0	0	0	0	0	0	0	0	0	0	0
Q13572	Q13572	uc001ybg.3	protein_coding	0	0	0	4	0	0	0	0	0	0	4	0	0	0	0	0	0	0	0	0	0	0	0	0
Q13572	Q13572	uc001ybh.3	protein_coding	0	0	0	4	0	0	0	0	0	0	4	0	0	0	0	0	0	0	0	0	0	0	0	0
Q13572-2	Q13572-2	uc001ybe.2	protein_coding	0	0	0	12	0	0	0	0	0	0	12	0	0	0	0	0	0	0	0	0	0	0	0	0
Q13616	Q13616	uc003wey.3	protein_coding	0	3	3	29	0	0	1	0	0	0	0	0	31	3	0	0	0	0	3	0	0	0	0	0
Q13616	Q13616	uc003wez.3	protein_coding	0	3	3	27	0	0	1	0	0	0	0	0	29	3	0	0	0	0	3	0	0	0	0	0
Q13616	Q13616	uc003wfa.3	protein_coding	0	3	2	13	0	1	1	0	0	0	0	0	14	2	0	0	0	0	2	0	0	0	0	0
Q13616	Q13616	uc010lpg.3	protein_coding	0	3	3	29	0	0	1	0	0	0	0	0	31	3	0	0	0	0	3	0	0	0	0	0
Q13617	Q13617	uc001ixv.3	protein_coding	0	1	3	36	3	0	0	0	0	0	0	0	34	3	0	0	0	0	1	0	0	0	0	0
Q13617	Q13617	uc001ixw.3	protein_coding	0	1	3	36	3	0	0	0	0	0	0	0	34	3	0	0	0	0	1	0	0	0	0	0
Q13617	Q13617	uc009xma.3	protein_coding	0	1	3	32	3	0	0	0	0	0	0	0	29	3	0	0	0	0	1	0	0	0	0	1
Q13617-2	Q13617-2	uc010qer.2	protein_coding	0	1	3	32	3	0	0	0	0	0	0	0	29	3	0	0	0	0	1	0	0	0	0	1
Q13813	Q13813	uc004bvl.4	protein_coding	7	10	16	124	0	0	0	0	0	0	1	0	126	16	0	0	1	0	3	0	6	0	8	0
Q13813	Q13813	uc011mbh.2	protein_coding	2	3	8	89	0	0	0	0	0	0	15	0	75	8	0	0	1	0	0	0	1	0	3	0
Q13813-2	Q13813-2	uc004bvm.4	protein_coding	7	10	16	124	0	0	0	0	0	0	1	0	126	16	0	0	1	0	3	0	6	0	8	0
Q13813-3	Q13813-3	uc004bvn.4	protein_coding	7	10	16	124	0	0	0	0	0	0	1	0	126	16	0	0	1	0	3	0	6	0	8	0
Q13936	Q13936	uc009zdu.1	protein_coding	2	10	21	246	1	0	0	0	0	0	0	0	248	21	0	0	1	0	4	0	1	0	8	0
Q13936-11	Q13936-11	uc001qkl.2	protein_coding	2	10	18	249	1	0	0	0	0	0	0	0	251	18	0	0	1	0	4	0	1	0	8	0
Q13936-12	Q13936-12	uc001qjz.2	protein_coding	2	10	18	249	1	0	0	0	0	0	0	0	251	18	0	0	1	0	4	0	1	0	8	0
Q13936-13	Q13936-13	uc001qkt.2	protein_coding	2	10	18	249	1	0	0	0	0	0	0	0	251	18	0	0	1	0	4	0	1	0	8	0
Q13936-14	Q13936-14	uc009zdw.1	protein_coding	2	9	19	249	1	0	0	0	0	0	0	0	250	19	0	0	1	0	3	0	1	0	8	0
Q13936-15	Q13936-15	uc001qkg.2	protein_coding	2	10	18	249	1	0	0	0	0	0	0	0	251	18	0	0	1	0	4	0	1	0	8	0
Q13936-18	Q13936-18	uc001qki.1	protein_coding	2	11	17	236	1	0	0	0	0	0	0	0	233	17	0	0	1	0	4	0	1	0	9	5
Q13936-19	Q13936-19	uc001qke.2	protein_coding	2	10	18	249	1	0	0	0	0	0	0	0	251	18	0	0	1	0	4	0	1	0	8	0
Q13936-20	Q13936-20	uc001qkb.2	protein_coding	2	10	18	249	1	0	0	0	0	0	0	0	251	18	0	0	1	0	4	0	1	0	8	0
Q13936-21	Q13936-21	uc001qkp.2	protein_coding	2	10	18	249	1	0	0	0	0	0	0	0	251	18	0	0	1	0	4	0	1	0	8	0
Q13936-22	Q13936-22	uc001qks.2	protein_coding	2	10	18	249	1	0	0	0	0	0	0	0	251	18	0	0	1	0	4	0	1	0	8	0
Q13936-23	Q13936-23	uc001qkn.2	protein_coding	2	11	18	248	1	0	0	0	0	0	0	0	250	18	0	0	1	0	4	0	1	0	9	0
Q13936-24	Q13936-24	uc001qkd.2	protein_coding	2	10	18	249	1	0	0	0	0	0	0	0	251	18	0	0	1	0	4	0	1	0	8	0
Q13936-25	Q13936-25	uc001qkh.2	protein_coding	2	10	18	249	1	0	0	0	0	0	0	0	251	18	0	0	1	0	4	0	1	0	8	0
Q13936-27	Q13936-27	uc001qkc.2	protein_coding	2	10	18	249	1	0	0	0	0	0	0	0	251	18	0	0	1	0	4	0	1	0	8	0
Q13936-29	Q13936-29	uc001qkf.2	protein_coding	2	10	18	249	1	0	0	0	0	0	0	0	251	18	0	0	1	0	4	0	1	0	8	0
Q13936-30	Q13936-30	uc001qko.2	protein_coding	2	10	18	249	1	0	0	0	0	0	0	0	251	18	0	0	1	0	4	0	1	0	8	0
Q13936-31	Q13936-31	uc001qkq.2	protein_coding	2	10	18	249	1	0	0	0	0	0	0	0	251	18	0	0	1	0	4	0	1	0	8	0
Q13936-32	Q13936-32	uc001qkr.2	protein_coding	2	10	18	249	1	0	0	0	0	0	0	0	251	18	0	0	1	0	4	0	1	0	8	0
Q13936-33	Q13936-33	uc001qku.2	protein_coding	2	10	21	246	1	0	0	0	0	0	0	0	248	21	0	0	1	0	4	0	1	0	8	0
Q13936-35	Q13936-35	uc009zdv.1	protein_coding	2	10	18	249	1	0	0	0	0	0	0	0	251	18	0	0	1	0	4	0	1	0	8	0
Q13948	Q13948	uc003uyt.3	protein_coding	4	7	6	191	2	0	0	0	0	0	0	0	196	6	0	0	3	0	5	0	1	0	2	1
Q13948-2	Q13948-2	uc003uyu.3	protein_coding	4	7	6	191	2	0	0	0	0	0	0	0	196	6	0	0	3	0	5	0	1	0	2	1
Q14112	Q14112	uc001wzo.3	protein_coding	3	15	12	51	1	1	1	0	0	0	0	0	50	12	0	0	0	0	2	0	3	0	13	0
Q14112	Q14112	uc001wzp.3	protein_coding	2	10	13	52	2	1	1	0	0	0	8	0	41	13	0	0	0	0	1	0	2	0	9	0
Q14112	Q14112	uc010tqt.1	protein_coding	3	15	12	51	0	1	1	0	0	0	1	0	50	12	0	0	0	0	2	0	3	0	13	0
Q14112-2	Q14112-2	uc010tqs.2	protein_coding	2	15	12	52	1	1	1	0	0	0	0	0	51	12	0	0	0	0	2	0	2	0	13	0
Q14147	Q14147	uc010xyn.2	protein_coding	0	12	9	51	0	0	0	0	0	0	0	0	53	9	0	0	0	0	2	0	0	0	10	0
Q14191	Q14191	uc003xio.4	protein_coding	1	8	2	71	0	0	0	0	0	0	0	0	75	2	0	0	0	0	4	0	1	0	4	0
Q14191	Q14191	uc010lvk.3	protein_coding	1	7	1	51	0	0	0	0	0	0	0	0	55	1	0	0	0	0	4	0	1	0	3	0
Q14204	Q14204	uc001yks.2	protein_coding	5	16	27	85	0	0	0	0	0	0	0	0	90	27	0	0	2	0	4	0	3	0	13	0
Q14207	Q14207	uc001pjz.4	protein_coding	0	1	0	3	0	0	0	0	0	0	0	0	1	0	0	0	0	0	0	0	0	0	1	2
Q14209	Q14209	uc001bhe.2	protein_coding	0	1	4	24	1	0	0	0	0	0	0	0	24	4	0	0	0	0	1	0	0	0	0	0
Q14247	Q14247	uc001opv.4	protein_coding	1	3	3	54	5	0	0	0	0	0	0	0	50	3	0	0	0	0	1	0	1	0	2	0
Q14247-2	Q14247-2	uc001opu.3	protein_coding	1	4	5	51	0	0	0	0	0	0	0	0	53	5	0	0	0	0	2	0	1	0	2	0
Q14247-3	Q14247-3	uc001opw.4	protein_coding	1	3	3	54	5	0	0	0	0	0	0	0	50	3	0	0	0	0	1	0	1	0	2	0
Q14498	Q14498	uc002xeb.3	protein_coding	0	3	5	61	1	1	5	0	0	0	0	0	55	5	0	0	0	0	2	0	0	0	1	1
Q14498	Q14498	uc002xee.3	protein_coding	0	2	5	62	1	1	6	0	0	0	0	0	55	5	0	0	0	0	2	0	0	0	0	1
Q14498	Q14498	uc010gfn.3	protein_coding	1	4	5	62	1	2	11	0	0	0	0	0	50	5	0	1	1	0	3	0	0	0	0	2
Q14498	Q14498	uc010zvn.2	protein_coding	0	2	5	62	1	1	6	0	0	0	0	0	55	5	0	0	0	0	2	0	0	0	0	1
Q14498-2	Q14498-2	uc002xec.3	protein_coding	0	3	5	61	1	1	5	0	0	0	0	0	55	5	0	0	0	0	2	0	0	0	1	1
Q14498-3	Q14498-3	uc002xeg.3	protein_coding	0	3	5	61	1	1	5	0	0	0	0	0	55	5	0	0	0	0	2	0	0	0	1	1
Q14643-3	Q14643-3	uc021wsi.1	protein_coding	5	19	16	205	4	0	2	0	0	0	0	0	203	16	0	0	1	0	5	0	4	0	16	0
Q14643-4	Q14643-4	uc021wsj.1	protein_coding	5	19	16	205	4	0	2	0	0	0	0	0	203	16	0	0	1	0	5	0	4	0	16	0
Q14689	Q14689	uc002zjo.2	protein_coding	0	17	9	130	3	0	0	0	0	0	0	0	131	9	0	0	0	0	4	0	0	0	13	0
Q14689-2	Q14689-2	uc002zjp.1	protein_coding	0	4	5	62	0	0	0	0	0	0	13	0	49	5	0	0	0	0	1	0	0	0	3	1
Q14689-3	Q14689-3	uc010gql.3	protein_coding	0	6	8	94	0	0	0	0	0	0	14	0	81	8	0	0	0	0	1	0	0	0	5	0
Q14689-4	Q14689-4	uc002zjn.3	protein_coding	0	6	9	102	1	0	0	0	0	0	19	0	83	9	0	0	0	0	1	0	0	0	5	0
Q14790	Q14790	uc002uxr.1	protein_coding	0	1	6	25	3	0	0	0	0	0	0	0	22	6	0	0	0	0	0	0	0	0	1	0
Q14790	Q14790	uc021vuz.1	protein_coding	0	1	1	24	0	0	0	0	0	0	10	0	12	1	0	0	0	0	0	0	0	0	1	2
Q14790-2	Q14790-2	uc002uxq.1	protein_coding	0	1	6	25	3	0	0	0	0	0	0	0	22	6	0	0	0	0	0	0	0	0	1	0
Q14790-2	Q14790-2	uc002uxw.1	protein_coding	0	1	6	23	3	0	0	0	0	0	0	0	17	6	0	0	0	0	0	0	0	0	1	3
Q14790-3	Q14790-3	uc010ftf.2	protein_coding	0	1	6	20	3	0	0	0	0	0	0	0	15	6	0	0	0	0	0	0	0	0	1	2
Q14790-4	Q14790-4	uc002uxp.1	protein_coding	0	1	6	25	3	0	0	0	0	0	0	0	22	6	0	0	0	0	0	0	0	0	1	0
Q14790-5	Q14790-5	uc002uxo.1	protein_coding	0	1	1	29	0	0	0	0	0	0	10	0	19	1	0	0	0	0	0	0	0	0	1	0
Q14790-6	Q14790-6	uc010fte.1	protein_coding	0	0	0	24	0	0	0	0	0	0	10	0	7	0	0	0	0	0	0	0	0	0	0	7
Q14790-6	Q14790-6	uc031rqq.1	protein_coding	0	1	1	14	0	0	0	0	0	0	2	0	10	1	0	0	0	0	0	0	0	0	1	2
Q14790-8	Q14790-8	uc002uxv.1	protein_coding	0	2	1	17	0	0	1	0	0	0	2	0	14	1	0	0	0	0	1	0	0	0	1	0
Q14790-8	Q14790-8	uc010ftc.1	protein_coding	0	1	1	18	0	0	0	0	0	0	6	0	12	1	0	0	0	0	0	0	0	0	1	0
Q14790-8	Q14790-8	uc021vva.1	protein_coding	0	1	1	24	0	0	0	0	0	0	10	0	12	1	0	0	0	0	0	0	0	0	1	2
Q14790-9	Q14790-9	uc002uxt.1	protein_coding	0	2	8	21	3	1	1	0	0	0	0	0	17	8	0	0	0	0	0	0	0	0	1	0
Q14847	Q14847	uc002hra.3	protein_coding	0	3	4	52	14	1	3	0	0	0	0	0	35	4	0	0	0	0	1	0	0	0	2	0
Q14865	Q14865	uc001jlt.2	protein_coding	0	6	13	54	10	0	1	0	0	0	0	0	44	13	0	0	0	0	2	0	0	0	5	0
Q14865-2	Q14865-2	uc001jlu.2	protein_coding	0	7	9	20	10	2	3	0	0	0	0	0	6	9	0	0	0	0	0	0	0	0	5	1
Q14865-3	Q14865-3	uc010qil.2	protein_coding	0	1	4	39	0	0	1	0	0	0	0	0	39	4	0	0	0	0	2	0	0	0	0	0
Q14CX7	Q14CX7	uc001ttm.3	protein_coding	0	0	5	49	4	0	0	0	0	0	0	0	45	5	0	0	0	0	2	0	0	0	0	0
Q14CX7	Q14CX7	uc009zvz.2	protein_coding	0	0	3	45	0	0	0	0	0	0	1	0	44	3	0	0	0	0	1	0	0	0	0	0
Q14CX7	Q14CX7	uc009zwa.2	protein_coding	0	0	3	45	0	0	0	0	0	0	1	0	44	3	0	0	0	0	1	0	0	0	0	0
Q15011	Q15011	uc002eke.2	protein_coding	0	1	5	20	2	0	4	0	0	0	0	0	14	5	0	0	0	0	0	0	0	0	1	0
Q15011	Q15011	uc002ekh.1	protein_coding	0	1	1	24	2	0	3	0	0	0	0	0	10	1	0	0	0	0	0	0	0	0	1	9
Q15011-2	Q15011-2	uc002ekf.2	protein_coding	0	1	5	20	2	0	4	0	0	0	0	0	14	5	0	0	0	0	0	0	0	0	1	0
Q15011-3	Q15011-3	uc031qwh.1	protein_coding	0	0	3	23	2	0	4	0	0	0	0	0	17	3	0	0	0	0	0	0	0	0	0	0
Q15019	Q15019	uc002wbc.3	protein_coding	0	0	0	2	0	0	2	0	0	0	0	0	0	0	0	0	0	0	0	0	0	0	0	0
Q15019	Q15019	uc002wbd.3	protein_coding	0	0	0	2	0	0	2	0	0	0	0	0	0	0	0	0	0	0	0	0	0	0	0	0
Q15019	Q15019	uc002wbf.3	protein_coding	0	0	0	2	0	0	0	0	0	0	0	0	0	0	0	0	0	0	0	0	0	0	0	2
Q15019	Q15019	uc002wbg.3	protein_coding	0	0	0	2	0	0	0	0	0	0	0	0	0	0	0	0	0	0	0	0	0	0	0	2
Q15019	Q15019	uc002wbh.3	protein_coding	0	0	0	2	0	0	0	0	0	0	0	0	0	0	0	0	0	0	0	0	0	0	0	2
Q15019-2	Q15019-2	uc010zop.2	protein_coding	0	0	0	2	0	0	0	0	0	0	0	0	0	0	0	0	0	0	0	0	0	0	0	2
Q15029	Q15029	uc002ihn.2	protein_coding	5	5	8	65	6	0	0	0	0	0	3	0	58	8	0	0	0	0	3	1	4	0	3	0
Q15029	Q15029	uc031rav.1	protein_coding	5	5	8	65	6	0	0	0	0	0	3	0	58	8	0	0	0	0	3	1	4	0	3	0
Q15034	Q15034	uc003hrw.2	protein_coding	3	4	7	49	3	0	0	0	0	0	0	0	48	7	0	0	2	0	0	0	1	0	4	0
Q15042	Q15042	uc002tuj.3	protein_coding	2	3	4	36	4	0	0	0	0	0	1	0	30	4	0	0	0	0	0	0	2	0	3	1
Q15042	Q15042	uc010fng.3	protein_coding	2	3	4	36	4	0	0	0	0	0	1	0	30	4	0	0	0	0	0	0	2	0	3	1
Q15078	Q15078	uc002hhn.3	protein_coding	0	0	0	11	0	0	0	0	0	0	10	0	0	0	0	0	0	0	0	0	0	0	0	1
Q15078	Q15078	uc010wca.1	protein_coding	0	0	0	3	0	0	0	0	0	0	3	0	0	0	0	0	0	0	0	0	0	0	0	0
Q15078	Q15078	uc021tux.1	protein_coding	0	0	0	3	0	0	0	0	0	0	3	0	0	0	0	0	0	0	0	0	0	0	0	0
Q15154	Q15154	uc003wyi.4	protein_coding	3	7	11	61	2	0	0	0	0	0	0	0	61	11	0	0	0	0	3	0	3	0	5	0
Q15154	Q15154	uc022asj.1	protein_coding	3	7	11	59	2	0	0	0	0	0	0	0	57	11	0	0	0	0	3	0	3	0	5	2
Q15283	Q15283	uc003etz.1	protein_coding	1	2	5	51	0	0	0	0	0	0	2	0	49	5	0	0	0	0	0	0	1	0	2	0
Q15283	Q15283	uc010huq.1	protein_coding	1	2	5	51	0	0	0	0	0	0	2	0	49	5	0	0	0	0	0	0	1	0	2	0
Q15365	Q15365	uc002sgf.3	protein_coding	0	2	4	3	1	0	1	0	0	0	1	0	0	4	0	0	0	0	0	0	0	0	2	0
Q15477	Q15477	uc003nyn.1	protein_coding	1	12	10	30	0	2	2	0	0	0	1	0	28	10	0	0	0	0	2	0	1	0	9	0
Q15477	Q15477	uc011dou.1	protein_coding	1	11	10	31	0	2	2	0	0	0	1	0	29	10	0	0	0	0	2	0	1	0	8	0
Q15477	Q15477	uc011dov.1	protein_coding	1	11	9	32	0	2	3	0	0	0	1	0	29	9	0	0	0	0	2	0	1	0	8	0
Q15555	Q15555	uc002kyg.4	protein_coding	0	1	0	29	6	0	1	0	0	0	0	0	22	0	0	0	0	0	0	0	0	0	1	0
Q15555-2	Q15555-2	uc002kyf.2	protein_coding	0	1	1	21	0	0	1	0	0	0	6	0	14	1	0	0	0	0	0	0	0	0	1	0
Q15648	Q15648	uc002hrv.4	protein_coding	3	4	13	33	7	0	1	0	0	0	0	0	27	13	0	0	2	0	0	0	1	0	4	0
Q15648	Q15648	uc010wee.2	protein_coding	3	4	13	33	7	0	1	0	0	0	0	0	27	13	0	0	2	0	0	0	1	0	4	0
Q15648-3	Q15648-3	uc002hru.2	protein_coding	3	0	4	46	3	0	1	0	0	0	0	0	44	4	0	0	2	0	0	0	1	0	0	0
Q15652	Q15652	uc001jmm.3	protein_coding	2	4	14	57	2	0	2	0	0	0	0	0	53	14	0	0	0	0	0	0	2	0	4	0
Q15652	Q15652	uc001jmn.3	protein_coding	3	4	14	89	2	0	1	0	0	0	0	0	86	14	0	0	0	0	0	0	3	0	4	0
Q15652	Q15652	uc009xpi.3	protein_coding	2	4	14	68	2	0	0	0	0	0	0	0	66	14	0	0	0	0	0	0	2	0	4	0
Q15652	Q15652	uc010qiq.2	protein_coding	2	4	14	57	2	0	2	0	0	0	0	0	53	14	0	0	0	0	0	0	2	0	4	0
Q15722	Q15722	uc001wos.3	protein_coding	0	0	0	20	0	0	0	0	0	0	20	0	0	0	0	0	0	0	0	0	0	0	0	0
Q15722	Q15722	uc001wou.3	protein_coding	0	0	0	20	0	0	0	0	0	0	20	0	0	0	0	0	0	0	0	0	0	0	0	0
Q15722	Q15722	uc010alp.3	protein_coding	0	0	0	20	0	0	0	0	0	0	20	0	0	0	0	0	0	0	0	0	0	0	0	0
Q15722	Q15722	uc021rrq.1	protein_coding	0	0	0	13	0	0	0	0	0	0	13	0	0	0	0	0	0	0	0	0	0	0	0	0
Q15735	Q15735	uc010gwf.3	protein_coding	0	0	0	5	0	0	0	0	0	0	0	0	0	0	0	0	0	0	0	0	0	0	0	5
Q15796	Q15796	uc002lcy.4	protein_coding	0	0	3	19	3	0	1	0	0	0	0	0	15	3	0	0	0	0	0	0	0	0	0	0
Q15796	Q15796	uc002lcz.4	protein_coding	0	0	3	19	3	0	1	0	0	0	0	0	15	3	0	0	0	0	0	0	0	0	0	0
Q15796-2	Q15796-2	uc010xdc.3	protein_coding	0	0	2	20	3	0	1	0	0	0	0	0	16	2	0	0	0	0	0	0	0	0	0	0
Q15811	Q15811	uc002yta.1	protein_coding	2	8	5	124	2	1	2	0	0	0	0	0	121	5	0	0	0	0	1	0	2	0	6	0
Q15811-3	Q15811-3	uc002ysz.3	protein_coding	1	5	4	86	6	1	2	0	0	0	2	0	77	4	0	0	0	0	1	0	1	0	3	0
Q15811-3	Q15811-3	uc021wip.1	protein_coding	1	4	4	65	6	0	4	0	0	0	2	0	54	4	0	0	0	0	1	0	1	0	3	0
Q15831	Q15831	uc002lrl.1	protein_coding	1	2	5	26	1	0	0	0	0	0	0	0	22	5	0	0	0	0	0	0	1	0	2	3
Q15910	Q15910	uc003wfd.2	protein_coding	1	2	4	28	1	0	0	0	0	0	0	0	28	4	0	0	0	0	3	0	1	0	1	0
Q15910-2	Q15910-2	uc003wfb.2	protein_coding	1	2	4	28	1	0	0	0	0	0	0	0	28	4	0	0	0	0	3	0	1	0	1	0
Q15910-3	Q15910-3	uc003wfc.2	protein_coding	1	2	4	28	1	0	0	0	0	0	0	0	28	4	0	0	0	0	3	0	1	0	1	0
Q15910-4	Q15910-4	uc011kuh.2	protein_coding	1	2	4	28	1	0	0	0	0	0	0	0	28	4	0	0	0	0	3	0	1	0	1	0
Q15910-5	Q15910-5	uc011kug.2	protein_coding	1	2	4	28	1	0	0	0	0	0	0	0	28	4	0	0	0	0	3	0	1	0	1	0
Q15911	Q15911	uc002fck.3	protein_coding	1	23	43	78	10	0	0	1	0	0	0	0	68	42	0	0	0	0	0	0	1	0	23	0
Q16204	Q16204	uc001jks.4	protein_coding	0	4	4	43	15	0	0	0	0	0	0	0	29	4	0	0	0	0	1	0	0	0	3	0
Q16795	Q16795	uc001qnc.3	protein_coding	1	2	3	48	0	0	0	0	0	0	0	0	47	3	0	0	0	0	0	0	1	0	2	1
Q16795	Q16795	uc009zei.2	protein_coding	0	1	1	39	0	0	0	0	0	0	9	0	29	1	0	0	0	0	0	0	0	0	1	1
Q17RW2	Q17RW2	uc001dlj.3	protein_coding	9	7	15	150	6	0	0	0	0	0	0	0	156	15	0	0	8	0	7	0	1	0	3	0
Q17RW2	Q17RW2	uc010osd.2	protein_coding	9	8	7	160	6	3	10	0	0	0	0	0	156	7	0	0	8	0	7	0	1	0	1	0
Q1KLZ6	Q1KLZ6	uc010cyc.2	protein_coding	0	0	0	21	0	0	0	0	0	0	21	0	0	0	0	0	0	0	0	0	0	0	0	0
Q1MSJ5	Q1MSJ5	uc003xxi.3	protein_coding	0	0	2	27	1	0	0	0	0	0	13	0	13	2	0	0	0	0	0	0	0	0	0	0
Q1MSJ5-1	Q1MSJ5-1	uc003xxj.3	protein_coding	0	0	2	27	1	0	0	0	0	0	13	0	13	2	0	0	0	0	0	0	0	0	0	0
Q1MSJ5-2	Q1MSJ5-2	uc003xxk.3	protein_coding	0	0	2	27	1	0	0	0	0	0	13	0	13	2	0	0	0	0	0	0	0	0	0	0
Q24JT4	Q24JT4	uc001hso.3	protein_coding	0	0	3	26	2	0	1	0	0	0	13	0	0	3	0	0	0	0	0	0	0	0	0	10
Q29675	Q29675	uc002dah.2	protein_coding	0	3	7	54	3	0	0	0	0	0	11	0	40	7	0	0	0	0	0	0	0	0	3	0
Q29704	Q29704	uc010bup.1	protein_coding	0	2	3	61	0	0	0	0	0	0	6	0	55	3	0	0	0	0	0	0	0	0	2	0
Q2NKJ3	Q2NKJ3	uc002gkq.4	protein_coding	0	0	0	2	0	0	0	0	0	0	0	0	1	0	0	0	0	0	0	0	0	0	0	1
Q2TAM5	Q2TAM5	uc001ofe.2	protein_coding	0	3	2	18	8	0	0	0	0	0	0	0	11	2	0	0	0	0	1	0	0	0	2	0
Q2TQ40	Q2TQ40	uc010buz.3	protein_coding	0	0	0	8	3	0	1	0	0	0	0	0	4	0	0	0	0	0	0	0	0	0	0	0
Q2V8D5	Q2V8D5	uc003zjf.4	protein_coding	0	1	2	14	3	0	0	0	0	0	0	0	11	2	0	0	0	0	0	0	0	0	1	0
Q2VYF4	Q2VYF4	uc003xlm.2	protein_coding	0	0	0	8	0	0	0	0	0	0	5	0	0	0	0	0	0	0	0	0	0	0	0	3
Q2VYF4-3	Q2VYF4-3	uc003xll.2	protein_coding	0	0	0	8	0	0	0	0	0	0	5	0	0	0	0	0	0	0	0	0	0	0	0	3
Q32ND9	Q32ND9	uc003xov.3	protein_coding	2	1	5	40	0	0	1	0	0	0	15	0	24	5	0	0	0	0	0	0	2	0	1	0
Q3MUY2	Q3MUY2	uc021xpz.1	protein_coding	0	0	0	1	0	0	0	0	0	0	1	0	0	0	0	0	0	0	0	0	0	0	0	0
Q3T906	Q3T906	uc001tit.3	protein_coding	1	2	3	41	1	1	5	0	0	0	0	0	35	3	0	0	0	0	0	0	1	0	1	0
Q3T906-2	Q3T906-2	uc001tiu.2	protein_coding	0	1	0	33	0	1	5	0	0	0	6	0	22	0	0	0	0	0	0	0	0	0	0	0
Q3V6T2-2	Q3V6T2-2	uc010yoz.1	protein_coding	5	4	9	87	14	1	1	0	0	0	0	0	73	9	0	0	1	0	0	0	4	0	3	0
Q3V6T2-3	Q3V6T2-3	uc002ryv.2	protein_coding	5	4	9	87	14	1	1	0	0	0	0	0	73	9	0	0	1	0	0	0	4	0	3	0
Q3V6T2-4	Q3V6T2-4	uc002ryu.2	protein_coding	2	0	5	54	14	0	3	0	0	0	0	0	33	5	0	0	0	0	0	0	2	0	0	4
Q3ZCV0	Q3ZCV0	uc003qov.3	protein_coding	2	5	3	28	0	0	0	0	0	0	11	0	13	3	0	0	1	0	0	0	1	0	5	5
Q3ZCX4	Q3ZCX4	uc002ofc.3	protein_coding	2	0	5	13	2	0	2	0	0	0	0	0	9	5	0	0	0	0	0	0	2	0	0	0
Q498B9	Q498B9	uc002wxt.3	protein_coding	1	2	0	10	0	2	2	0	0	0	0	0	8	0	0	0	0	0	0	0	0	1	0	0
Q4G112	Q4G112	uc002iwi.1	protein_coding	0	0	0	1	0	0	0	0	0	0	1	0	0	0	0	0	0	0	0	0	0	0	0	0
Q4LE39	Q4LE39	uc001hwq.3	protein_coding	1	3	4	82	3	0	6	0	0	0	1	0	72	4	0	0	0	0	2	0	1	0	3	0
Q4LE39	Q4LE39	uc021pks.1	protein_coding	1	4	4	82	3	1	2	0	0	0	1	0	70	4	0	0	0	0	2	0	1	0	3	6
Q4LE39-2	Q4LE39-2	uc001hwr.3	protein_coding	1	3	2	84	3	0	6	0	0	0	1	0	74	2	0	0	0	0	2	0	1	0	3	0
Q4LE39-2	Q4LE39-2	uc001hws.4	protein_coding	1	3	1	79	0	0	6	0	0	0	7	0	66	1	0	0	0	0	1	0	1	0	3	0
Q4LE39-4	Q4LE39-4	uc001hwt.4	protein_coding	0	4	2	42	0	1	2	0	0	0	5	0	33	2	0	0	0	0	1	0	0	0	2	2
Q4VX76	Q4VX76	uc003qrp.3	protein_coding	0	0	0	23	0	0	0	0	0	0	23	0	0	0	0	0	0	0	0	0	0	0	0	0
Q4VX76	Q4VX76	uc003qrr.3	protein_coding	0	0	0	23	0	0	0	0	0	0	23	0	0	0	0	0	0	0	0	0	0	0	0	0
Q4VX76-2	Q4VX76-2	uc003qro.3	protein_coding	0	0	0	23	0	0	0	0	0	0	23	0	0	0	0	0	0	0	0	0	0	0	0	0
Q4VX76-2	Q4VX76-2	uc003qrs.3	protein_coding	0	0	0	23	0	0	0	0	0	0	23	0	0	0	0	0	0	0	0	0	0	0	0	0
Q53R41	Q53R41	uc002uev.4	protein_coding	0	1	5	41	0	0	0	0	0	0	2	0	39	5	0	0	0	0	1	0	0	0	1	0
Q53R41-2	Q53R41-2	uc002uex.5	protein_coding	0	1	5	41	0	0	0	0	0	0	2	0	39	5	0	0	0	0	1	0	0	0	1	0
Q53SY8	Q53SY8	uc010eyy.2	protein_coding	0	3	5	32	2	0	2	0	0	0	0	0	16	5	0	0	0	0	1	0	0	0	2	13
Q53X93	Q53X93	uc002vcd.3	protein_coding	0	2	2	20	2	0	1	0	0	0	0	0	17	2	0	0	0	0	0	0	0	0	2	0
Q573B4	Q573B4	uc001bva.3	protein_coding	1	4	2	16	0	0	0	0	0	0	0	0	17	2	0	0	1	0	2	0	0	0	2	2
Q58F29	Q58F29	uc003fdg.1	protein_coding	1	1	2	23	0	0	1	0	0	0	10	1	12	2	0	0	0	0	2	0	0	0	0	1
Q59EC8	Q59EC8	uc002lep.4	protein_coding	0	0	0	1	0	0	0	0	0	0	1	0	0	0	0	0	0	0	0	0	0	0	0	0
Q59EP6	Q59EP6	uc002lef.3	protein_coding	0	3	5	30	3	1	2	0	0	0	0	0	20	5	0	0	0	0	0	0	0	0	2	5
Q59FI0	Q59FI0	uc010mjh.1	protein_coding	1	7	2	50	1	1	2	0	0	0	1	0	48	2	0	0	1	0	2	0	0	0	4	0
Q59FW7	Q59FW7	uc003kiz.1	protein_coding	0	0	0	3	0	0	0	0	0	0	3	0	0	0	0	0	0	0	0	0	0	0	0	0
Q59FY4	Q59FY4	uc010cuy.3	protein_coding	0	10	7	83	11	0	0	0	0	0	0	0	66	7	0	0	0	0	2	0	0	0	9	7
Q59G22	Q59G22	uc002vez.3	protein_coding	2	6	1	53	2	2	14	0	0	0	0	0	33	1	0	0	0	0	2	0	2	0	3	5
Q59GG9	Q59GG9	uc002rrj.4	protein_coding	0	2	4	23	1	0	0	0	0	0	0	0	19	4	0	0	0	0	0	0	0	0	2	3
Q59GL9	Q59GL9	uc010lxh.2	protein_coding	2	2	4	47	2	0	1	0	0	0	12	0	33	4	0	0	0	0	1	0	2	0	1	0
Q59GQ8	Q59GQ8	uc002aww.1	protein_coding	1	2	5	8	2	1	1	0	0	0	3	0	2	5	0	0	0	0	0	0	1	0	1	0
Q59GU3	Q59GU3	uc001qka.1	protein_coding	0	4	9	161	1	0	0	0	0	0	1	0	154	9	0	0	0	0	1	0	0	0	4	5
Q59GY7	Q59GY7	uc010cyb.2	protein_coding	0	0	0	21	0	0	0	0	0	0	21	0	0	0	0	0	0	0	0	0	0	0	0	0
Q59H57	Q59H57	uc002ebg.3	protein_coding	0	0	1	27	2	0	6	0	0	0	0	0	19	1	0	0	0	0	0	0	0	0	0	0
Q5HYC5	Q5HYC5	uc010fzn.1	protein_coding	1	2	0	38	3	1	3	0	0	0	9	0	22	0	0	0	0	0	0	0	1	0	1	1
Q5HYC6	Q5HYC6	uc001ira.3	protein_coding	0	0	3	55	3	0	3	0	0	0	0	0	44	3	0	0	0	0	0	0	0	0	0	5
Q5JPV5	Q5JPV5	uc021zim.1	protein_coding	1	8	9	51	3	0	0	0	0	0	0	0	48	9	0	0	0	0	1	0	1	0	7	1
Q5JWF2	Q5JWF2	uc002xzw.3	protein_coding	2	4	14	52	0	0	0	0	0	0	0	0	52	14	0	0	0	0	2	0	2	0	4	0
Q5JWS5	Q5JWS5	uc021wcn.1	protein_coding	3	2	0	13	0	0	0	0	0	0	12	0	2	0	0	0	1	0	0	0	2	0	2	0
Q5MCW4	Q5MCW4	uc002ogh.3	protein_coding	2	0	2	16	2	0	1	0	0	0	0	0	14	2	0	0	1	0	0	0	1	0	0	0
Q5MCW4	Q5MCW4	uc002ogi.3	protein_coding	2	1	2	27	2	0	0	0	0	0	0	0	19	2	0	0	1	0	0	0	1	0	1	7
Q5MCW4	Q5MCW4	uc002ogj.3	protein_coding	2	2	2	27	2	1	1	0	0	0	0	0	25	2	0	0	1	0	0	0	1	0	1	0
Q5PR22	Q5PR22	uc010frx.3	protein_coding	1	5	6	72	2	0	0	0	0	0	0	0	67	6	0	0	0	0	2	0	1	0	3	5
Q5QP69	Q5QP69	uc004byy.1	protein_coding	0	3	2	60	3	0	0	0	0	0	3	0	48	2	0	0	0	0	0	0	0	0	3	6
Q5R349	Q5R349	uc001ggh.3	protein_coding	0	0	0	3	0	0	0	0	0	0	3	0	0	0	0	0	0	0	0	0	0	0	0	0
Q5R349	Q5R349	uc009wvr.3	protein_coding	0	0	0	3	0	0	0	0	0	0	3	0	0	0	0	0	0	0	0	0	0	0	0	0
Q5S007	Q5S007	uc001rmi.3	protein_coding	1	5	6	83	4	0	0	0	0	0	0	0	76	6	0	0	0	0	1	0	1	0	4	4
Q5S007	Q5S007	uc009zjw.3	protein_coding	1	5	6	90	0	0	0	0	0	0	0	0	84	6	0	0	0	0	1	0	1	0	4	7
Q5SW79	Q5SW79	uc021plo.1	protein_coding	1	0	4	23	1	0	2	0	0	0	0	0	21	4	0	0	1	0	0	0	0	0	0	0
Q5SW79-2	Q5SW79-2	uc021plp.1	protein_coding	1	0	4	23	1	0	2	0	0	0	0	0	21	4	0	0	1	0	0	0	0	0	0	0
Q5SW79-3	Q5SW79-3	uc021plq.1	protein_coding	1	0	4	23	1	0	2	0	0	0	0	0	21	4	0	0	1	0	0	0	0	0	0	0
Q5SZ07	Q5SZ07	uc009wse.3	protein_coding	0	0	0	8	0	0	4	0	0	0	0	0	4	0	0	0	0	0	0	0	0	0	0	0
Q5SZ07	Q5SZ07	uc010phr.2	protein_coding	0	0	0	8	0	0	4	0	0	0	0	0	4	0	0	0	0	0	0	0	0	0	0	0
Q5SZ08	Q5SZ08	uc001fpz.4	protein_coding	0	1	0	8	0	1	1	0	0	0	0	0	3	0	0	0	0	0	0	0	0	0	0	4
Q5SZJ8	Q5SZJ8	uc010kab.3	protein_coding	0	0	0	4	0	0	0	0	0	0	0	0	0	0	0	0	0	0	0	0	0	0	0	4
Q5T0N1	Q5T0N1	uc001jty.3	protein_coding	1	2	6	42	2	0	0	0	0	0	0	0	42	6	0	0	0	0	3	1	0	0	0	0
Q5T2R2	Q5T2R2	uc001isv.3	protein_coding	0	0	0	7	4	0	0	0	0	0	3	0	0	0	0	0	0	0	0	0	0	0	0	0
Q5T2R2-2	Q5T2R2-2	uc001isw.3	protein_coding	0	0	0	7	4	0	0	0	0	0	3	0	0	0	0	0	0	0	0	0	0	0	0	0
Q5T6U8	Q5T6U8	uc003oiv.3	protein_coding	0	0	0	22	9	0	1	0	0	0	1	0	11	0	0	0	0	0	0	0	0	0	0	0
Q5T6U8	Q5T6U8	uc003oiw.3	protein_coding	0	0	0	22	9	0	0	0	0	0	1	0	12	0	0	0	0	0	0	0	0	0	0	0
Q5T6U8	Q5T6U8	uc003oix.3	protein_coding	0	0	0	22	9	0	1	0	0	0	1	0	11	0	0	0	0	0	0	0	0	0	0	0
Q5T6U8	Q5T6U8	uc003oiy.3	protein_coding	0	0	0	22	9	0	0	0	0	0	1	0	12	0	0	0	0	0	0	0	0	0	0	0
Q5T6U8	Q5T6U8	uc003oja.3	protein_coding	0	0	0	22	9	0	1	0	0	0	1	0	11	0	0	0	0	0	0	0	0	0	0	0
Q5T6U8	Q5T6U8	uc003ojc.3	protein_coding	0	0	0	22	9	0	0	0	0	0	1	0	11	0	0	0	0	0	0	0	0	0	0	1
Q5T7M9	Q5T7M9	uc001dpg.3	protein_coding	0	0	0	4	0	0	0	0	0	0	4	0	0	0	0	0	0	0	0	0	0	0	0	0
Q5T7M9-2	Q5T7M9-2	uc001dpc.3	protein_coding	0	0	0	10	1	0	0	0	0	0	0	0	9	0	0	0	0	0	0	0	0	0	0	0
Q5T9V0	Q5T9V0	uc001fkl.2	protein_coding	0	0	0	1	0	0	0	0	0	0	1	0	0	0	0	0	0	0	0	0	0	0	0	0
Q5TBK1	Q5TBK1	uc001uuc.3	protein_coding	0	0	0	5	0	0	0	0	0	0	5	0	0	0	0	0	0	0	0	0	0	0	0	0
Q5TBK1-2	Q5TBK1-2	uc001uud.3	protein_coding	0	0	0	5	0	0	0	0	0	0	5	0	0	0	0	0	0	0	0	0	0	0	0	0
Q5TC82	Q5TC82	uc001gju.4	protein_coding	1	2	5	32	4	0	0	0	0	0	0	0	28	5	0	0	0	0	1	0	1	0	1	1
Q5TC82	Q5TC82	uc010pms.2	protein_coding	1	2	5	32	4	0	0	0	0	0	0	0	28	5	0	0	0	0	1	0	1	0	1	1
Q5TC82-2	Q5TC82-2	uc001gjv.3	protein_coding	1	2	5	32	1	0	0	0	0	0	3	0	28	5	0	0	0	0	1	0	1	0	1	1
Q5U743	Q5U743	uc001tjo.2	protein_coding	0	0	1	21	6	0	0	0	0	0	0	0	15	1	0	0	0	0	0	0	0	0	0	0
Q5V9X8	Q5V9X8	uc009zdy.1	protein_coding	1	1	1	44	0	0	0	0	0	0	6	0	33	1	0	0	0	0	1	0	1	0	1	5
Q5V9X9	Q5V9X9	uc001qkv.1	protein_coding	0	1	0	47	0	0	1	0	0	0	6	0	29	0	0	0	0	0	1	0	0	0	0	11
Q5VST9	Q5VST9	uc009xez.2	protein_coding	9	61	87	319	0	0	1	0	0	0	0	0	325	87	0	0	2	0	7	0	7	0	56	0
Q5VST9-3	Q5VST9-3	uc001hsn.4	protein_coding	6	49	78	286	0	0	1	0	0	0	18	0	271	78	0	0	2	0	4	0	4	0	47	0
Q5VUI5	Q5VUI5	uc003qox.1	protein_coding	1	0	6	54	1	0	0	0	0	0	5	0	44	6	0	0	0	0	0	0	1	0	0	4
Q5VVH1	Q5VVH1	uc001iqa.2	protein_coding	1	4	2	61	5	1	2	0	0	0	0	0	56	2	0	0	0	0	2	0	1	0	1	0
Q5VW27	Q5VW27	uc011lmo.2	protein_coding	0	2	0	72	0	1	5	0	0	0	2	0	59	0	0	0	0	0	0	0	0	0	1	6
Q5VW29	Q5VW29	uc003zlf.3	protein_coding	0	3	2	83	13	1	5	0	0	0	0	0	59	2	0	0	0	0	0	0	0	0	2	6
Q5VW30	Q5VW30	uc022bdo.1	protein_coding	0	3	2	83	13	1	5	0	0	0	0	0	59	2	0	0	0	0	0	0	0	0	2	6
Q5VX90	Q5VX90	uc001iqt.3	protein_coding	0	3	5	76	3	0	2	0	0	0	0	0	72	5	0	0	0	0	1	0	0	0	2	0
Q5VX90	Q5VX90	uc021pny.1	protein_coding	0	3	5	76	3	0	0	0	0	0	0	0	69	5	0	0	0	0	1	0	0	0	2	5
Q5VXC0	Q5VXC0	uc004bhu.3	protein_coding	4	3	4	32	2	0	2	0	0	0	0	0	25	4	0	0	0	0	1	0	4	0	2	4
Q5VZ06	Q5VZ06	uc004bia.4	protein_coding	0	3	4	14	7	0	0	0	0	0	0	0	5	4	0	0	0	0	1	0	0	0	2	3
Q5VZS4	Q5VZS4	uc001fqe.2	protein_coding	0	3	0	12	0	1	2	0	0	0	0	0	10	0	0	0	0	0	1	0	0	0	1	1
Q5W9F7	Q5W9F7	uc001oaq.3	protein_coding	0	15	12	55	3	0	0	0	0	0	0	0	50	12	0	0	0	0	2	0	0	0	13	4
Q5XLQ3	Q5XLQ3	uc010dpm.1	protein_coding	2	1	4	20	0	0	0	0	0	0	0	0	19	4	0	0	0	0	1	0	2	0	1	1
Q5YLB2	Q5YLB2	uc002idd.3	protein_coding	2	3	6	16	1	0	0	0	0	0	2	0	13	6	0	0	0	0	1	0	2	0	2	1
Q68CX2	Q68CX2	uc001fkn.3	protein_coding	0	0	0	1	0	0	0	0	0	0	1	0	0	0	0	0	0	0	0	0	0	0	0	0
Q68D06	Q68D06	uc002hjk.1	protein_coding	1	2	2	4	1	0	1	0	0	0	0	0	2	2	0	0	0	0	0	0	1	0	2	0
Q68D06	Q68D06	uc002hjl.2	protein_coding	1	2	2	4	1	0	0	0	0	0	0	0	3	2	0	0	0	0	0	0	1	0	2	0
Q68D06	Q68D06	uc002hjm.2	protein_coding	1	2	2	4	1	0	0	0	0	0	0	0	3	2	0	0	0	0	0	0	1	0	2	0
Q68D06	Q68D06	uc010wch.1	protein_coding	1	2	2	4	1	0	0	0	0	0	0	0	3	2	0	0	0	0	0	0	1	0	2	0
Q68D06-2	Q68D06-2	uc010ctt.2	protein_coding	1	2	2	4	1	0	0	0	0	0	0	0	3	2	0	0	0	0	0	0	1	0	2	0
Q68DE6	Q68DE6	uc001pkg.1	protein_coding	0	2	6	40	0	0	0	0	0	0	4	0	33	6	0	0	0	0	0	0	0	0	2	3
Q68DL0	Q68DL0	uc011bmo.3	protein_coding	0	1	1	36	0	0	2	0	0	0	0	0	32	1	0	0	0	0	0	0	0	0	1	2
Q68DT0	Q68DT0	uc021ymj.2	protein_coding	0	0	3	39	13	0	0	0	0	0	1	0	21	3	0	0	0	0	0	0	0	0	0	4
Q68DV7	Q68DV7	uc002iwf.3	protein_coding	2	6	13	22	4	0	0	0	0	0	1	0	18	13	0	0	0	0	1	0	2	0	5	0
Q68DV7	Q68DV7	uc002iwg.4	protein_coding	2	6	13	22	4	0	0	0	0	0	1	0	18	13	0	0	0	0	1	0	2	0	5	0
Q68DV7	Q68DV7	uc002iwh.4	protein_coding	2	6	13	22	4	0	0	0	0	0	1	0	18	13	0	0	0	0	1	0	2	0	5	0
Q68DV7-2	Q68DV7-2	uc010wnv.2	protein_coding	2	5	11	25	4	0	0	0	0	0	1	0	21	11	0	0	0	0	1	0	2	0	4	0
Q69YM7	Q69YM7	uc002zdc.1	protein_coding	0	1	0	19	3	0	0	0	0	0	13	0	3	0	0	0	0	0	0	0	0	0	1	0
Q69YN4	Q69YN4	uc003ygo.2	protein_coding	1	7	8	47	0	0	0	0	0	0	0	0	47	8	0	0	0	0	1	0	1	0	6	1
Q69YN4-4	Q69YN4-4	uc003ygp.3	protein_coding	1	4	4	36	2	0	0	0	0	0	5	0	28	4	0	0	0	0	0	0	1	0	4	1
Q6A1A2	Q6A1A2	uc002cqv.1	protein_coding	0	0	0	7	0	0	0	0	0	0	7	0	0	0	0	0	0	0	0	0	0	0	0	0
Q6B4S3	Q6B4S3	uc001ryx.1	protein_coding	0	3	1	30	0	0	0	0	0	0	2	0	28	1	0	0	0	0	1	0	0	0	2	1
Q6DCA5	Q6DCA5	uc010ypb.1	protein_coding	4	3	4	31	0	0	0	0	0	0	3	0	27	4	0	0	1	0	0	0	3	0	3	2
Q6IN51	Q6IN51	uc010vus.1	protein_coding	0	1	3	36	0	0	1	0	0	0	33	0	1	3	0	0	0	0	0	0	0	0	1	1
Q6IWH7	Q6IWH7	uc002wax.2	protein_coding	0	0	0	15	0	0	0	0	0	0	15	0	0	0	0	0	0	0	0	0	0	0	0	0
Q6LEQ8	Q6LEQ8	uc003zof.3	protein_coding	0	1	2	37	2	1	2	0	0	0	2	0	31	2	0	0	0	0	1	0	0	0	0	0
Q6N021	Q6N021	uc003hxk.3	protein_coding	5	3	13	35	0	0	0	0	0	0	0	0	35	13	0	0	0	0	0	0	5	0	3	0
Q6N021	Q6N021	uc010ilp.2	protein_coding	4	2	8	27	3	0	0	0	0	0	6	0	18	8	0	0	0	0	0	0	4	0	2	0
Q6N021-2	Q6N021-2	uc021xqk.1	protein_coding	4	2	7	28	17	0	0	0	0	0	6	0	5	7	0	0	0	0	0	0	4	0	2	0
Q6N021-2	Q6N021-2	uc021xql.1	protein_coding	4	2	7	17	0	0	0	0	0	0	16	0	0	7	0	0	0	0	0	0	4	0	2	1
Q6N037	Q6N037	uc002xef.3	protein_coding	0	2	5	62	1	1	6	0	0	0	0	0	55	5	0	0	0	0	2	0	0	0	0	1
Q6NX52	Q6NX52	uc002osb.3	protein_coding	0	0	0	7	0	0	0	0	0	0	0	0	0	0	0	0	0	0	0	0	0	0	0	7
Q6P0N6	Q6P0N6	uc003pdd.4	protein_coding	0	4	4	32	0	0	0	0	0	0	5	0	22	4	0	0	0	0	1	0	0	0	4	5
Q6P275	Q6P275	uc003erb.1	protein_coding	0	0	0	12	2	0	0	0	0	0	10	0	0	0	0	0	0	0	0	0	0	0	0	0
Q6P2Q9	Q6P2Q9	uc002fte.3	protein_coding	5	11	22	35	0	0	0	0	0	0	0	0	38	22	0	0	1	0	3	0	4	0	9	0
Q6P4A8	Q6P4A8	uc001rcc.1	protein_coding	0	0	0	1	0	0	0	0	0	0	1	0	0	0	0	0	0	0	0	0	0	0	0	0
Q6P597	Q6P597	uc002pbf.1	protein_coding	0	1	0	22	1	0	0	0	0	0	14	0	8	0	0	0	0	0	1	0	0	0	0	0
Q6P597-2	Q6P597-2	uc010ejy.1	protein_coding	0	1	0	22	1	0	0	0	0	0	14	0	8	0	0	0	0	0	1	0	0	0	0	0
Q6P597-3	Q6P597-3	uc002pbg.1	protein_coding	0	1	0	22	1	0	0	0	0	0	14	0	8	0	0	0	0	0	1	0	0	0	0	0
Q6P657	Q6P657	uc003emw.2	protein_coding	0	1	1	50	11	0	2	0	0	0	0	0	12	1	0	0	0	0	0	0	0	0	1	25
Q6P7P1	Q6P7P1	uc001pkc.1	protein_coding	0	0	0	10	0	0	0	0	0	0	3	0	3	0	0	0	0	0	0	0	0	0	0	4
Q6PCB5	Q6PCB5	uc010ldt.1	protein_coding	1	3	0	26	1	0	0	0	0	0	0	0	24	0	0	0	0	0	0	0	1	0	3	1
Q6PI32	Q6PI32	uc001kht.1	protein_coding	0	0	2	18	1	0	0	0	0	0	1	0	10	2	0	0	0	0	0	0	0	0	0	6
Q6TME0	Q6TME0	uc009xkb.1	protein_coding	0	1	2	59	0	1	1	0	0	0	4	0	52	2	0	0	0	0	0	0	0	0	0	2
Q6TME0	Q6TME0	uc010qcm.2	protein_coding	0	1	2	61	0	1	1	0	0	0	4	0	54	2	0	0	0	0	0	0	0	0	0	2
Q6UN15	Q6UN15	uc003gzy.3	protein_coding	1	0	0	51	1	0	3	0	0	0	5	1	42	0	0	0	0	0	0	0	0	0	0	0
Q6UN15	Q6UN15	uc003hab.3	protein_coding	1	2	0	50	1	1	5	0	0	0	5	1	36	0	0	0	0	0	0	0	0	0	1	3
Q6UN15	Q6UN15	uc011bzt.1	protein_coding	1	0	0	43	1	0	3	0	0	0	8	1	31	0	0	0	0	0	0	0	0	0	0	0
Q6UN15-3	Q6UN15-3	uc003gzz.3	protein_coding	1	0	0	51	1	0	3	0	0	0	5	1	42	0	0	0	0	0	0	0	0	0	0	0
Q6UN15-4	Q6UN15-4	uc003gzx.4	protein_coding	1	0	0	33	0	0	3	0	0	0	1	1	29	0	0	0	0	0	0	0	0	0	0	0
Q6UUV7	Q6UUV7	uc002bpp.4	protein_coding	2	5	7	53	8	0	0	0	0	0	0	0	47	7	0	0	0	0	2	0	2	0	3	0
Q6UUV7-3	Q6UUV7-3	uc002bpo.4	protein_coding	2	5	7	53	8	0	0	0	0	0	0	0	47	7	0	0	0	0	2	0	2	0	3	0
Q6UXM1	Q6UXM1	uc001sqr.4	protein_coding	3	7	9	38	1	0	0	0	0	0	0	0	38	9	0	0	1	0	1	0	2	0	7	0
Q6UXM1-2	Q6UXM1-2	uc009zqh.3	protein_coding	3	8	8	39	1	1	1	0	0	0	0	0	36	8	0	0	1	0	1	0	2	0	7	2
Q6VMQ6	Q6VMQ6	uc001rbu.3	protein_coding	0	1	8	33	0	0	2	0	0	0	2	0	30	8	0	0	0	0	1	0	0	0	0	0
Q6VMQ6	Q6VMQ6	uc001rbw.3	protein_coding	0	1	10	41	1	0	2	0	0	0	1	0	38	10	0	0	0	0	1	0	0	0	0	0
Q6VMQ6	Q6VMQ6	uc001rby.4	protein_coding	0	1	10	39	1	0	0	0	0	0	1	0	38	10	0	0	0	0	1	0	0	0	0	0
Q6VMQ6	Q6VMQ6	uc001rca.3	protein_coding	0	1	10	39	1	0	2	0	0	0	1	0	35	10	0	0	0	0	1	0	0	0	0	1
Q6VMQ6	Q6VMQ6	uc010sht.1	protein_coding	0	1	7	22	1	0	0	0	0	0	0	0	22	7	0	0	0	0	1	0	0	0	0	0
Q6VMQ6-2	Q6VMQ6-2	uc001rbv.1	protein_coding	0	1	8	35	1	0	2	0	0	0	1	0	32	8	0	0	0	0	1	0	0	0	0	0
Q6VMQ6-2	Q6VMQ6-2	uc010shs.1	protein_coding	0	1	7	24	1	0	2	0	0	0	0	0	22	7	0	0	0	0	1	0	0	0	0	0
Q6Y7W6	Q6Y7W6	uc002vti.4	protein_coding	0	1	12	82	1	0	2	0	0	1	0	0	79	11	0	0	0	0	1	0	0	0	1	0
Q6Y7W6	Q6Y7W6	uc002vtk.4	protein_coding	0	1	12	82	1	0	2	0	0	1	0	0	79	11	0	0	0	0	1	0	0	0	1	0
Q6Y7W6	Q6Y7W6	uc010zmj.1	protein_coding	0	0	8	63	0	0	2	0	0	0	5	0	56	8	0	0	0	0	1	0	0	0	0	0
Q6Y7W6-3	Q6Y7W6-3	uc002vtj.4	protein_coding	0	1	13	81	1	0	2	0	0	1	0	0	78	12	0	0	0	0	1	0	0	0	1	0
Q6ZN14	Q6ZN14	uc002mki.1	protein_coding	0	0	0	5	0	0	0	0	0	0	5	0	0	0	0	0	0	0	0	0	0	0	0	0
Q6ZNQ5	Q6ZNQ5	uc002pbh.2	protein_coding	0	3	1	37	0	2	5	0	0	0	9	0	16	1	0	0	0	0	0	0	0	0	1	7
Q6ZNQ5	Q6ZNQ5	uc002pbi.2	protein_coding	0	1	3	46	0	0	1	0	0	0	9	0	23	3	0	0	0	0	0	0	0	0	1	13
Q6ZRF8	Q6ZRF8	uc001amg.3	protein_coding	0	4	1	14	0	1	3	0	0	0	0	0	10	1	0	0	0	0	0	0	0	0	3	1
Q6ZRF8-2	Q6ZRF8-2	uc001amf.1	protein_coding	0	1	3	15	1	1	3	0	0	0	5	0	5	3	0	0	0	0	0	0	0	0	0	1
Q6ZRR5	Q6ZRR5	uc001pxh.2	protein_coding	0	0	0	1	0	0	0	0	0	0	1	0	0	0	0	0	0	0	0	0	0	0	0	0
Q6ZRR5-2	Q6ZRR5-2	uc010rzm.2	protein_coding	0	0	0	1	0	0	0	0	0	0	1	0	0	0	0	0	0	0	0	0	0	0	0	0
Q6ZRR5-3	Q6ZRR5-3	uc001pxj.3	protein_coding	0	0	0	1	0	0	0	0	0	0	1	0	0	0	0	0	0	0	0	0	0	0	0	0
Q6ZRR5-4	Q6ZRR5-4	uc001pxg.3	protein_coding	0	0	0	1	0	0	0	0	0	0	1	0	0	0	0	0	0	0	0	0	0	0	0	0
Q6ZRT9	Q6ZRT9	uc001aix.2	protein_coding	0	1	0	12	5	0	0	0	0	0	7	0	0	0	0	0	0	0	0	0	0	0	1	0
Q6ZSY0	Q6ZSY0	uc010gsr.1	protein_coding	1	3	9	73	2	0	0	0	0	0	26	0	30	9	0	0	0	0	2	0	1	0	2	16
Q6ZTJ3	Q6ZTJ3	uc010pge.2	protein_coding	0	3	8	1	0	0	0	0	0	0	0	0	0	8	0	0	0	0	0	0	0	0	3	1
Q6ZUT1	Q6ZUT1	uc001pmr.4	protein_coding	0	0	0	6	0	0	0	0	0	0	6	0	0	0	0	0	0	0	0	0	0	0	0	0
Q6ZUT1	Q6ZUT1	uc001pmv.4	protein_coding	0	0	0	6	0	0	0	0	0	0	6	0	0	0	0	0	0	0	0	0	0	0	0	0
Q6ZUT1-2	Q6ZUT1-2	uc001pmt.4	protein_coding	0	0	0	6	0	0	0	0	0	0	6	0	0	0	0	0	0	0	0	0	0	0	0	0
Q6ZUT1-2	Q6ZUT1-2	uc001pmw.4	protein_coding	0	0	0	6	0	0	0	0	0	0	6	0	0	0	0	0	0	0	0	0	0	0	0	0
Q6ZUT1-3	Q6ZUT1-3	uc001pms.4	protein_coding	0	0	0	6	0	0	0	0	0	0	6	0	0	0	0	0	0	0	0	0	0	0	0	0
Q6ZUU3	Q6ZUU3	uc003esx.1	protein_coding	0	0	0	16	0	0	0	0	0	0	0	0	0	0	0	0	0	0	0	0	0	0	0	16
Q6ZV17	Q6ZV17	uc004bhy.1	protein_coding	1	3	4	29	2	1	1	0	0	0	18	0	4	4	0	0	0	0	0	0	1	0	2	4
Q6ZV17	Q6ZV17	uc010muz.2	protein_coding	1	5	4	40	2	3	7	0	0	0	18	0	11	4	0	0	0	0	0	0	1	0	2	2
Q6ZVP4	Q6ZVP4	uc021qmp.1	protein_coding	0	0	0	4	0	0	0	0	0	0	4	0	0	0	0	0	0	0	0	0	0	0	0	0
Q70T18	Q70T18	uc010caj.1	protein_coding	0	0	1	20	0	0	0	0	0	0	5	0	5	1	0	0	0	0	0	0	0	0	0	10
Q71MG5	Q71MG5	uc002jhn.3	protein_coding	1	1	3	44	3	0	1	0	0	0	16	0	24	3	0	0	0	0	1	0	1	0	1	0
Q71RA7	Q71RA7	uc002awy.3	protein_coding	0	2	4	19	1	1	3	0	0	0	2	0	7	4	0	0	0	0	0	0	0	0	1	6
Q76L83	Q76L83	uc002rgs.2	protein_coding	2	2	11	60	1	0	0	0	0	0	0	0	61	11	0	0	0	0	3	0	2	0	0	0
Q76L83-2	Q76L83-2	uc002rgt.1	protein_coding	2	2	10	20	0	0	0	0	0	0	1	0	21	10	0	0	0	0	3	0	2	0	0	0
Q7L5L3	Q7L5L3	uc002dwp.3	protein_coding	0	0	0	18	0	0	0	0	0	0	0	0	0	0	0	0	0	0	0	0	0	0	0	18
Q7L5L3	Q7L5L3	uc002dwq.3	protein_coding	0	0	0	18	0	0	0	0	0	0	0	0	0	0	0	0	0	0	0	0	0	0	0	18
Q7L775	Q7L775	uc003cgk.3	protein_coding	0	0	0	5	0	0	0	0	0	0	0	0	0	0	0	0	0	0	0	0	0	0	0	5
Q7Z3M8	Q7Z3M8	uc003afh.3	protein_coding	0	0	1	25	11	0	5	0	0	0	0	0	2	1	0	0	0	0	0	0	0	0	0	7
Q7Z404	Q7Z404	uc010erf.3	protein_coding	0	0	0	10	0	0	0	0	0	0	0	0	0	0	0	0	0	0	0	0	0	0	0	10
Q7Z404-1	Q7Z404-1	uc002qdo.3	protein_coding	0	0	0	10	0	0	0	0	0	0	0	0	0	0	0	0	0	0	0	0	0	0	0	10
Q7Z4S6	Q7Z4S6	uc001rly.3	protein_coding	3	7	10	45	1	0	0	0	0	0	0	0	45	10	0	0	1	0	0	0	2	0	7	0
Q7Z4S6-2	Q7Z4S6-2	uc001rlx.3	protein_coding	3	7	10	45	1	0	0	0	0	0	0	0	45	10	0	0	1	0	0	0	2	0	7	0
Q7Z6B7	Q7Z6B7	uc010ssp.1	protein_coding	1	6	7	83	4	0	0	0	0	0	0	0	78	7	0	0	0	0	2	0	1	0	5	2
Q7Z6D3	Q7Z6D3	uc002unh.4	protein_coding	2	1	2	9	0	1	1	0	0	0	0	0	8	2	0	0	1	0	0	0	1	0	0	1
Q7Z7G0	Q7Z7G0	uc003dun.3	protein_coding	0	0	0	15	0	0	0	0	0	0	15	0	0	0	0	0	0	0	0	0	0	0	0	0
Q7Z7G0-2	Q7Z7G0-2	uc003dum.3	protein_coding	0	0	0	15	0	0	0	0	0	0	15	0	0	0	0	0	0	0	0	0	0	0	0	0
Q7Z7G0-3	Q7Z7G0-3	uc003duj.3	protein_coding	0	0	0	15	0	0	0	0	0	0	15	0	0	0	0	0	0	0	0	0	0	0	0	0
Q7Z7G0-3	Q7Z7G0-3	uc003dul.3	protein_coding	0	0	0	15	0	0	0	0	0	0	15	0	0	0	0	0	0	0	0	0	0	0	0	0
Q7Z7G0-4	Q7Z7G0-4	uc003duk.3	protein_coding	0	0	0	15	0	0	0	0	0	0	15	0	0	0	0	0	0	0	0	0	0	0	0	0
Q7Z7N9	Q7Z7N9	uc001nvd.4	protein_coding	0	0	0	5	0	0	0	0	0	0	5	0	0	0	0	0	0	0	0	0	0	0	0	0
Q86SQ7	Q86SQ7	uc001hzw.3	protein_coding	0	0	0	4	0	0	0	0	0	0	0	0	0	0	0	0	0	0	0	0	0	0	0	4
Q86SQ7	Q86SQ7	uc010pyk.2	protein_coding	0	0	0	4	0	0	0	0	0	0	0	0	0	0	0	0	0	0	0	0	0	0	0	4
Q86T18	Q86T18	uc003pcv.4	protein_coding	1	2	1	11	2	0	0	0	0	0	1	0	4	1	0	0	1	0	0	0	0	0	2	5
Q86T18	Q86T18	uc003pcw.4	protein_coding	1	2	1	18	2	0	0	0	0	0	1	0	7	1	0	0	1	0	0	0	0	0	2	9
Q86T20	Q86T20	uc003ojf.3	protein_coding	0	0	0	18	0	0	0	0	0	0	18	0	0	0	0	0	0	0	0	0	0	0	0	0
Q86T20	Q86T20	uc003ojg.3	protein_coding	0	0	0	18	0	0	0	0	0	0	18	0	0	0	0	0	0	0	0	0	0	0	0	0
Q86T20	Q86T20	uc003ojh.3	protein_coding	0	0	0	18	0	0	0	0	0	0	18	0	0	0	0	0	0	0	0	0	0	0	0	0
Q86T20	Q86T20	uc003oji.4	protein_coding	0	0	0	18	0	0	0	0	0	0	18	0	0	0	0	0	0	0	0	0	0	0	0	0
Q86TY3	Q86TY3	uc010tro.2	protein_coding	0	0	0	13	0	0	0	0	0	0	0	0	0	0	0	0	0	0	0	0	0	0	0	13
Q86UL8	Q86UL8	uc003ugx.3	protein_coding	0	4	10	203	9	0	1	0	0	0	0	0	193	10	0	0	0	0	0	0	0	0	4	0
Q86UL8-2	Q86UL8-2	uc003ugy.3	protein_coding	0	4	9	204	9	0	1	0	0	0	0	0	194	9	0	0	0	0	0	0	0	0	4	0
Q86V37	Q86V37	uc010bzm.2	protein_coding	1	13	10	52	1	0	0	0	0	0	21	0	27	10	0	0	0	0	2	0	1	0	12	4
Q86VG4	Q86VG4	uc001nyu.3	protein_coding	0	0	0	25	0	0	0	0	0	0	25	0	0	0	0	0	0	0	0	0	0	0	0	0
Q86VG4	Q86VG4	uc031qbi.1	protein_coding	0	0	0	19	0	0	0	0	0	0	19	0	0	0	0	0	0	0	0	0	0	0	0	0
Q86VS8	Q86VS8	uc003xpr.3	protein_coding	2	3	4	34	0	2	2	0	0	0	0	0	34	4	0	0	1	0	3	0	1	0	0	0
Q86VS8	Q86VS8	uc010lxq.1	protein_coding	2	2	4	31	1	2	2	0	0	0	1	0	28	4	0	0	1	0	2	0	1	0	0	0
Q86VU3	Q86VU3	uc001obi.3	protein_coding	0	0	0	29	0	0	0	0	0	0	0	0	0	0	0	0	0	0	0	0	0	0	0	29
Q86VW0	Q86VW0	uc002uni.4	protein_coding	2	2	6	35	0	0	0	0	0	0	0	0	34	6	0	0	1	0	0	0	1	0	2	2
Q86WI3	Q86WI3	uc021tiu.1	protein_coding	1	14	27	130	2	0	1	0	0	0	0	0	121	27	0	0	1	0	5	0	0	0	10	11
Q86WI3-2	Q86WI3-2	uc021tit.1	protein_coding	0	5	12	45	0	0	1	0	0	0	7	0	37	12	0	0	0	0	1	0	0	0	4	0
Q86WJ1	Q86WJ1	uc001epm.5	protein_coding	0	6	5	70	0	0	0	0	0	0	0	0	70	5	0	0	0	0	0	0	0	0	6	0
Q86WJ1	Q86WJ1	uc009wji.4	protein_coding	0	3	4	49	0	0	1	0	0	0	0	0	45	4	0	0	0	0	0	0	0	0	3	3
Q86WJ1-2	Q86WJ1-2	uc009wjh.4	protein_coding	0	6	4	71	0	0	0	0	0	0	0	0	71	4	0	0	0	0	0	0	0	0	6	0
Q86X54	Q86X54	uc003afl.3	protein_coding	0	7	12	58	5	0	0	0	0	0	0	0	53	12	0	0	0	0	1	0	0	0	7	0
Q86XK2	Q86XK2	uc002rwe.3	protein_coding	1	0	0	26	4	0	0	0	0	0	17	0	5	0	0	0	0	0	0	0	0	1	0	0
Q86XK2-2	Q86XK2-2	uc021vhe.1	protein_coding	0	0	0	7	0	0	0	0	0	0	7	0	0	0	0	0	0	0	0	0	0	0	0	0
Q86XT9	Q86XT9	uc002duw.2	protein_coding	0	0	0	5	0	0	0	0	0	0	5	0	0	0	0	0	0	0	0	0	0	0	0	0
Q86XT9	Q86XT9	uc002duy.2	protein_coding	0	0	0	5	0	0	0	0	0	0	5	0	0	0	0	0	0	0	0	0	0	0	0	0
Q86XT9	Q86XT9	uc010bzk.1	protein_coding	0	0	0	5	0	0	0	0	0	0	5	0	0	0	0	0	0	0	0	0	0	0	0	0
Q8IW40	Q8IW40	uc002iho.4	protein_coding	0	0	0	1	0	0	0	0	0	0	0	0	0	0	0	0	0	0	0	0	0	0	0	1
Q8IW40	Q8IW40	uc031rax.1	protein_coding	0	0	0	1	0	0	0	0	0	0	0	0	0	0	0	0	0	0	0	0	0	0	0	1
Q8IW40	Q8IW40	uc031ray.1	protein_coding	0	0	0	1	0	0	0	0	0	0	0	0	0	0	0	0	0	0	0	0	0	0	0	1
Q8IWR1	Q8IWR1	uc003fdm.3	protein_coding	0	0	0	8	0	0	0	0	0	0	8	0	0	0	0	0	0	0	0	0	0	0	0	0
Q8IWR1	Q8IWR1	uc021xgt.1	protein_coding	0	0	0	1	0	0	0	0	0	0	1	0	0	0	0	0	0	0	0	0	0	0	0	0
Q8IWZ3	Q8IWZ3	uc003lfr.3	protein_coding	4	1	21	74	0	0	2	0	0	0	15	0	56	21	0	0	0	0	2	0	4	0	1	1
Q8IWZ3-2	Q8IWZ3-2	uc003lfo.3	protein_coding	0	0	7	24	0	0	2	0	0	0	1	0	20	7	0	0	0	0	0	0	0	0	0	1
Q8IWZ3-3	Q8IWZ3-3	uc003lfp.3	protein_coding	0	0	7	24	0	0	2	0	0	0	1	0	20	7	0	0	0	0	0	0	0	0	0	1
Q8IWZ3-5	Q8IWZ3-5	uc010jfk.3	protein_coding	0	1	6	24	0	0	2	0	0	0	1	0	20	6	0	0	0	0	0	0	0	0	1	1
Q8IWZ3-6	Q8IWZ3-6	uc003lfs.2	protein_coding	4	2	21	78	0	0	2	0	0	0	1	0	75	21	0	0	0	0	3	0	4	0	1	1
Q8IWZ3-6	Q8IWZ3-6	uc011czh.1	protein_coding	2	2	8	47	0	0	0	0	0	0	1	0	40	8	0	0	0	0	2	0	2	0	1	7
Q8IX12	Q8IX12	uc001jom.1	protein_coding	1	0	2	40	0	0	1	0	0	0	3	1	35	2	0	0	0	0	0	0	0	0	0	1
Q8IX12	Q8IX12	uc001joo.3	protein_coding	1	1	2	47	0	0	0	0	0	0	2	1	44	2	0	0	0	0	0	0	0	0	1	1
Q8IX12	Q8IX12	uc009xpx.1	protein_coding	1	1	2	39	0	0	0	0	0	0	3	1	35	2	0	0	0	0	0	0	0	0	1	1
Q8IX12-2	Q8IX12-2	uc010qiz.1	protein_coding	1	1	2	47	0	0	0	0	0	0	5	1	41	2	0	0	0	0	0	0	0	0	1	1
Q8IX12-2	Q8IX12-2	uc010qja.1	protein_coding	1	1	2	39	0	0	0	0	0	0	3	1	35	2	0	0	0	0	0	0	0	0	1	1
Q8IXJ9	Q8IXJ9	uc010geb.3	protein_coding	3	3	9	35	10	0	0	0	0	0	0	0	22	9	0	0	0	0	0	0	3	0	3	3
Q8IXJ9	Q8IXJ9	uc021wbw.1	protein_coding	4	6	10	36	10	2	2	0	0	0	0	0	24	10	0	0	0	0	0	0	4	0	4	0
Q8IXX3	Q8IXX3	uc003hrv.4	protein_coding	0	3	4	17	1	0	0	0	0	0	2	0	14	4	0	0	0	0	0	0	0	0	3	0
Q8IYB8	Q8IYB8	uc001jpe.1	protein_coding	1	2	4	30	0	0	1	0	0	0	0	0	31	4	0	0	1	0	1	0	0	0	1	0
Q8IYB8	Q8IYB8	uc010qjd.1	protein_coding	1	1	3	32	0	0	3	0	0	0	0	0	31	3	0	0	1	0	1	0	0	0	0	0
Q8IYS5	Q8IYS5	uc002qdd.3	protein_coding	0	0	0	1	0	0	0	0	0	0	0	0	0	0	0	0	0	0	0	0	0	0	0	1
Q8IYT2	Q8IYT2	uc002ezy.4	protein_coding	1	4	6	4	2	0	0	0	0	0	0	0	2	6	0	0	0	0	0	0	1	0	4	0
Q8IYT2	Q8IYT2	uc002ezz.4	protein_coding	1	4	6	4	2	0	0	0	0	0	0	0	2	6	0	0	0	0	0	0	1	0	4	0
Q8IYT2	Q8IYT2	uc010cga.3	protein_coding	1	4	6	4	2	0	0	0	0	0	0	0	2	6	0	0	0	0	0	0	1	0	4	0
Q8IYT2	Q8IYT2	uc021tkr.1	protein_coding	1	4	6	4	0	0	0	0	0	0	2	0	0	6	0	0	0	0	0	0	1	0	4	2
Q8IZA3	Q8IZA3	uc003emu.3	protein_coding	0	0	0	11	0	0	0	0	0	0	11	0	0	0	0	0	0	0	0	0	0	0	0	0
Q8IZA3	Q8IZA3	uc003emv.3	protein_coding	0	0	0	11	0	0	0	0	0	0	11	0	0	0	0	0	0	0	0	0	0	0	0	0
Q8IZD2	Q8IZD2	uc003vcm.3	protein_coding	1	2	6	6	0	0	0	0	0	0	5	0	1	6	0	0	0	0	0	0	1	0	2	0
Q8IZD2	Q8IZD2	uc010ljc.3	protein_coding	1	2	6	6	0	0	0	0	0	0	5	0	1	6	0	0	0	0	0	0	1	0	2	0
Q8IZD2	Q8IZD2	uc031syt.1	protein_coding	0	0	0	10	0	0	0	0	0	0	10	0	0	0	0	0	0	0	0	0	0	0	0	0
Q8IZD4	Q8IZD4	uc001qjx.1	protein_coding	0	0	1	11	0	0	0	0	0	0	0	0	8	1	0	0	0	0	0	0	0	0	0	3
Q8IZH2	Q8IZH2	uc003eus.3	protein_coding	0	0	0	9	0	0	0	0	0	0	0	0	0	0	0	0	0	0	0	0	0	0	0	9
Q8IZH2-2	Q8IZH2-2	uc003euu.3	protein_coding	0	0	0	9	0	0	0	0	0	0	0	0	0	0	0	0	0	0	0	0	0	0	0	9
Q8IZH2-3	Q8IZH2-3	uc003euw.3	protein_coding	0	0	0	9	0	0	0	0	0	0	0	0	0	0	0	0	0	0	0	0	0	0	0	9
Q8IZP0	Q8IZP0	uc001isx.3	protein_coding	0	0	4	29	4	0	0	0	0	0	2	0	23	4	0	0	0	0	0	0	0	0	0	0
Q8IZP0-10	Q8IZP0-10	uc010qdh.2	protein_coding	0	0	2	31	4	0	0	0	0	0	2	0	25	2	0	0	0	0	0	0	0	0	0	0
Q8IZP0-11	Q8IZP0-11	uc010qdi.2	protein_coding	0	0	2	31	4	0	0	0	0	0	2	0	25	2	0	0	0	0	0	0	0	0	0	0
Q8IZP0-2	Q8IZP0-2	uc001ite.3	protein_coding	0	0	3	30	4	0	0	0	0	0	2	0	24	3	0	0	0	0	0	0	0	0	0	0
Q8IZP0-3	Q8IZP0-3	uc001ita.3	protein_coding	0	0	3	30	4	0	0	0	0	0	2	0	24	3	0	0	0	0	0	0	0	0	0	0
Q8IZP0-4	Q8IZP0-4	uc001itd.3	protein_coding	0	0	3	30	4	0	0	0	0	0	2	0	24	3	0	0	0	0	0	0	0	0	0	0
Q8IZP0-5	Q8IZP0-5	uc001isz.3	protein_coding	0	0	3	30	4	0	0	0	0	0	2	0	24	3	0	0	0	0	0	0	0	0	0	0
Q8IZP0-6	Q8IZP0-6	uc001itc.3	protein_coding	0	0	3	30	4	0	0	0	0	0	2	0	24	3	0	0	0	0	0	0	0	0	0	0
Q8IZP0-9	Q8IZP0-9	uc001isy.3	protein_coding	0	0	3	30	4	0	0	0	0	0	2	0	24	3	0	0	0	0	0	0	0	0	0	0
Q8N144	Q8N144	uc010cwz.3	protein_coding	0	0	0	9	0	0	0	0	0	0	9	0	0	0	0	0	0	0	0	0	0	0	0	0
Q8N1E8	Q8N1E8	uc010xpx.1	protein_coding	0	3	2	27	0	0	0	0	0	0	10	0	18	2	0	0	0	0	1	0	0	0	2	0
Q8N394	Q8N394	uc001szs.1	protein_coding	0	3	6	43	1	2	3	0	0	0	0	0	38	6	0	0	0	0	0	0	0	0	1	1
Q8N394	Q8N394	uc001szt.3	protein_coding	0	4	6	61	3	2	3	0	0	0	2	0	52	6	0	0	0	0	0	0	0	0	2	1
Q8N394	Q8N394	uc010suk.2	protein_coding	0	4	4	63	3	2	3	0	0	0	2	0	54	4	0	0	0	0	0	0	0	0	2	1
Q8N4C6-11	Q8N4C6-11	uc001wyk.3	protein_coding	3	10	3	87	0	1	1	0	0	0	9	0	79	3	0	0	1	0	3	0	2	0	8	0
Q8N4C9	Q8N4C9	uc002hns.3	protein_coding	0	1	2	19	1	0	0	0	0	0	1	0	15	2	0	0	0	0	0	0	0	0	1	2
Q8N4C9-2	Q8N4C9-2	uc010cva.1	protein_coding	0	1	1	20	0	0	0	0	0	0	6	0	12	1	0	0	0	0	0	0	0	0	1	2
Q8N594	Q8N594	uc002mae.3	protein_coding	0	0	0	19	0	0	0	0	0	0	19	0	0	0	0	0	0	0	0	0	0	0	0	0
Q8N594-2	Q8N594-2	uc002mag.3	protein_coding	0	0	0	19	0	0	0	0	0	0	19	0	0	0	0	0	0	0	0	0	0	0	0	0
Q8N653	Q8N653	uc002ztn.3	protein_coding	0	10	15	80	0	0	1	0	0	0	0	0	83	15	0	0	0	0	7	0	0	0	6	0
Q8N653	Q8N653	uc002zto.3	protein_coding	0	9	15	82	0	1	1	0	0	0	0	0	67	15	0	0	0	0	6	0	0	0	4	18
Q8N8Z6	Q8N8Z6	uc003pxr.1	protein_coding	0	2	2	30	6	0	0	0	0	0	0	0	24	2	0	0	0	0	1	0	0	0	1	1
Q8N8Z6	Q8N8Z6	uc003pxt.1	protein_coding	0	2	5	16	0	0	0	0	0	0	0	0	6	5	0	0	0	0	0	0	0	0	2	10
Q8N8Z6-2	Q8N8Z6-2	uc003pxs.3	protein_coding	0	2	2	44	0	0	0	0	0	0	5	0	39	2	0	0	0	0	1	0	0	0	1	1
Q8NAN6	Q8NAN6	uc003dom.3	protein_coding	2	0	3	77	6	0	0	0	0	0	0	0	71	3	0	0	0	0	0	0	2	0	0	0
Q8NBJ9	Q8NBJ9	uc001pqh.1	protein_coding	0	0	0	1	0	0	0	0	0	0	0	0	0	0	0	0	0	0	0	0	0	0	0	1
Q8NBJ9	Q8NBJ9	uc010rxe.1	protein_coding	0	0	0	1	0	0	0	0	0	0	0	0	0	0	0	0	0	0	0	0	0	0	0	1
Q8NBZ0	Q8NBZ0	uc002dvg.1	protein_coding	0	0	0	7	0	0	0	0	0	0	0	0	0	0	0	0	0	0	0	0	0	0	0	7
Q8NDX5	Q8NDX5	uc010hws.1	protein_coding	0	5	4	38	2	0	0	0	0	1	0	0	37	3	0	0	0	0	1	0	0	0	4	0
Q8NDX5-3	Q8NDX5-3	uc003fgm.2	protein_coding	0	1	3	26	0	0	0	0	0	1	0	0	26	2	0	0	0	0	0	0	0	0	1	0
Q8NDX5-4	Q8NDX5-4	uc003fgo.1	protein_coding	0	0	1	24	2	0	0	0	0	1	2	0	20	0	0	0	0	0	0	0	0	0	0	0
Q8NDX5-5	Q8NDX5-5	uc003fgq.3	protein_coding	0	0	1	15	0	0	0	0	0	1	0	0	15	0	0	0	0	0	0	0	0	0	0	0
Q8NDX5-7	Q8NDX5-7	uc003fgl.2	protein_coding	0	5	4	38	2	0	0	0	0	1	0	0	37	3	0	0	0	0	1	0	0	0	4	0
Q8NF33	Q8NF33	uc002orw.1	protein_coding	0	0	0	9	0	0	0	0	0	0	0	0	0	0	0	0	0	0	0	0	0	0	0	9
Q8NF91	Q8NF91	uc003qou.4	protein_coding	18	41	59	294	6	0	1	0	0	0	1	0	299	59	0	0	5	0	13	0	13	0	32	0
Q8NF91-2	Q8NF91-2	uc003qos.4	protein_coding	7	19	25	115	6	0	1	0	0	0	1	0	114	25	0	0	4	0	8	0	3	0	14	2
Q8NF91-6	Q8NF91-6	uc003qow.3	protein_coding	1	1	8	47	0	0	0	0	0	0	0	0	37	8	0	0	0	0	1	0	1	0	1	10
Q8NFD5	Q8NFD5	uc003qqp.3	protein_coding	2	11	23	92	5	0	0	0	0	0	0	0	87	23	0	0	0	0	1	0	2	0	11	0
Q8NFD5-2	Q8NFD5-2	uc003qqo.3	protein_coding	2	11	24	91	5	0	0	0	0	0	0	0	86	24	0	0	0	0	1	0	2	0	11	0
Q8NFD5-3	Q8NFD5-3	uc003qqn.3	protein_coding	2	11	24	91	5	0	0	0	0	0	0	0	86	24	0	0	0	0	1	0	2	0	11	0
Q8NFM4	Q8NFM4	uc001wow.3	protein_coding	2	5	7	53	0	0	0	0	0	0	1	0	54	7	0	0	0	0	4	0	2	0	3	0
Q8NFM4	Q8NFM4	uc001wox.3	protein_coding	2	5	7	53	0	0	0	0	0	0	1	0	54	7	0	0	0	0	4	0	2	0	3	0
Q8NFM4	Q8NFM4	uc001woy.3	protein_coding	2	5	7	53	0	0	0	0	0	0	1	0	54	7	0	0	0	0	4	0	2	0	3	0
Q8NFM4	Q8NFM4	uc010toh.2	protein_coding	2	5	6	55	0	1	2	0	0	0	1	0	54	6	0	0	0	0	4	0	2	0	2	0
Q8NG68	Q8NG68	uc002thu.3	protein_coding	1	2	1	26	10	0	0	0	0	0	0	0	17	1	0	0	0	0	2	0	1	0	1	0
Q8NI99	Q8NI99	uc002mmx.2	protein_coding	0	0	0	7	0	0	0	0	0	0	0	0	0	0	0	0	0	0	0	0	0	0	0	7
Q8NI99	Q8NI99	uc002mmy.1	protein_coding	0	0	0	8	0	0	0	0	0	0	0	0	0	0	0	0	0	0	0	0	0	0	0	8
Q8TB61	Q8TB61	uc003oxd.3	protein_coding	0	0	0	22	0	0	0	0	0	0	22	0	0	0	0	0	0	0	0	0	0	0	0	0
Q8TB61	Q8TB61	uc011dvu.2	protein_coding	0	0	0	22	0	0	0	0	0	0	22	0	0	0	0	0	0	0	0	0	0	0	0	0
Q8TBB1	Q8TBB1	uc003hag.5	protein_coding	1	1	9	53	1	0	0	0	0	0	2	0	49	9	0	0	0	0	1	0	1	0	1	1
Q8TBB1-2	Q8TBB1-2	uc003haf.4	protein_coding	1	2	6	37	1	1	2	0	0	0	2	0	32	6	0	0	0	0	1	0	1	0	1	0
Q8TCU6-2	Q8TCU6-2	uc002xtv.1	protein_coding	2	11	10	89	13	0	0	0	0	0	0	0	65	10	0	0	1	0	2	0	1	0	9	14
Q8TD31	Q8TD31	uc003nsr.4	protein_coding	4	16	13	40	1	0	1	0	0	0	0	1	43	13	0	0	0	0	5	0	3	0	11	0
Q8TD31	Q8TD31	uc010jsk.1	protein_coding	3	14	12	44	1	0	1	0	0	0	14	0	33	12	0	0	0	0	5	0	3	0	9	0
Q8TD31-2	Q8TD31-2	uc003nsp.4	protein_coding	5	17	15	36	1	0	0	0	0	0	0	1	40	15	0	0	0	0	6	0	4	0	11	1
Q8TDB8	Q8TDB8	uc001qtk.3	protein_coding	0	4	1	34	4	3	5	0	0	0	0	0	22	1	0	0	0	0	0	0	0	0	1	3
Q8TDB8	Q8TDB8	uc001qtn.3	protein_coding	0	2	1	34	4	1	2	0	0	0	0	0	25	1	0	0	0	0	0	0	0	0	1	3
Q8TDB8-2	Q8TDB8-2	uc001qtl.3	protein_coding	0	4	1	34	4	3	5	0	0	0	0	0	22	1	0	0	0	0	0	0	0	0	1	3
Q8TDB8-2	Q8TDB8-2	uc001qtm.3	protein_coding	0	2	1	34	4	1	2	0	0	0	0	0	25	1	0	0	0	0	0	0	0	0	1	3
Q8TDV0	Q8TDV0	uc003lod.1	protein_coding	0	0	0	6	0	0	0	0	0	0	6	0	0	0	0	0	0	0	0	0	0	0	0	0
Q8TE02	Q8TE02	uc002gfg.1	protein_coding	0	0	1	9	0	0	1	0	0	0	0	0	0	1	0	0	0	0	0	0	0	0	0	8
Q8TE02	Q8TE02	uc002gfh.1	protein_coding	0	0	1	9	0	0	1	0	0	0	0	0	0	1	0	0	0	0	0	0	0	0	0	8
Q8TE02	Q8TE02	uc002gfi.1	protein_coding	0	0	1	9	0	0	1	0	0	0	0	0	0	1	0	0	0	0	0	0	0	0	0	8
Q8TE02-2	Q8TE02-2	uc002gfj.3	protein_coding	0	0	1	9	0	0	1	0	0	0	0	0	0	1	0	0	0	0	0	0	0	0	0	8
Q8TE02-2	Q8TE02-2	uc010cmb.3	protein_coding	0	0	1	9	0	0	1	0	0	0	0	0	0	1	0	0	0	0	0	0	0	0	0	8
Q8TE02-3	Q8TE02-3	uc002gfk.1	protein_coding	0	0	1	7	0	0	1	0	0	0	0	0	0	1	0	0	0	0	0	0	0	0	0	6
Q8TEA1	Q8TEA1	uc010qcp.1	protein_coding	0	0	0	1	0	0	0	0	0	0	1	0	0	0	0	0	0	0	0	0	0	0	0	0
Q8TEE4	Q8TEE4	uc003qqq.1	protein_coding	1	2	5	34	0	0	0	0	0	0	1	0	31	5	0	0	1	0	0	0	0	0	2	3
Q8TET4	Q8TET4	uc001zpi.3	protein_coding	1	1	0	11	5	0	0	0	0	0	3	0	3	0	0	0	0	0	0	0	1	0	1	0
Q8TF68	Q8TF68	uc010sfh.2	protein_coding	2	2	5	20	5	0	0	1	0	1	0	0	15	3	0	0	0	0	1	0	2	0	2	0
Q8TF68-2	Q8TF68-2	uc001qqa.3	protein_coding	2	2	5	20	5	0	0	1	0	1	0	0	15	3	0	0	0	0	1	0	2	0	2	0
Q8TF68-3	Q8TF68-3	uc001qqd.3	protein_coding	2	2	5	20	5	0	0	1	0	1	0	0	15	3	0	0	0	0	1	0	2	0	2	0
Q8WUA4	Q8WUA4	uc002rju.2	protein_coding	0	5	13	39	2	1	3	1	0	0	0	0	35	12	0	0	0	0	1	0	0	0	3	0
Q8WUA4	Q8WUA4	uc002rjv.2	protein_coding	1	4	12	39	2	0	0	1	0	0	0	0	38	11	0	0	0	0	1	1	0	0	3	0
Q8WUA4	Q8WUA4	uc002rjw.2	protein_coding	1	4	12	39	2	0	0	1	0	0	0	0	38	11	0	0	0	0	1	1	0	0	3	0
Q8WUA4-2	Q8WUA4-2	uc010eyz.3	protein_coding	1	2	8	37	0	0	0	1	0	0	8	0	30	7	0	0	0	0	1	1	0	0	1	0
Q8WV90	Q8WV90	uc002xdx.3	protein_coding	0	0	0	1	0	0	0	0	0	0	0	0	0	0	0	0	0	0	0	0	0	0	0	1
Q8WVM7	Q8WVM7	uc003era.1	protein_coding	0	0	0	12	2	0	0	0	0	0	10	0	0	0	0	0	0	0	0	0	0	0	0	0
Q8WVQ1	Q8WVQ1	uc002jwj.3	protein_coding	2	1	3	4	0	0	0	0	0	0	0	0	4	3	0	0	0	0	0	0	2	0	1	0
Q8WVQ1	Q8WVQ1	uc002jwk.3	protein_coding	2	1	3	4	0	0	0	0	0	0	0	0	4	3	0	0	0	0	0	0	2	0	1	0
Q8WVQ1	Q8WVQ1	uc002jwn.3	protein_coding	2	1	3	4	0	0	0	0	0	0	0	0	4	3	0	0	0	0	0	0	2	0	1	0
Q8WW27	Q8WW27	uc001gqn.3	protein_coding	1	0	4	6	4	0	0	0	0	0	1	0	1	4	0	0	0	0	0	0	1	0	0	0
Q8WW27	Q8WW27	uc021pgc.1	protein_coding	1	0	4	6	0	0	0	0	0	0	5	0	0	4	0	0	0	0	0	0	1	0	0	1
Q8WWX9	Q8WWX9	uc021wnx.1	protein_coding	0	0	0	12	0	0	0	0	0	0	12	0	0	0	0	0	0	0	0	0	0	0	0	0
Q8WWY3	Q8WWY3	uc002qdh.2	protein_coding	0	0	0	9	0	0	2	0	0	0	0	0	0	0	0	0	0	0	0	0	0	0	0	7
Q8WXB1-2	Q8WXB1-2	uc002vce.3	protein_coding	1	0	0	11	2	0	0	0	0	0	3	0	6	0	0	0	0	0	0	0	1	0	0	0
Q8WY36	Q8WY36	uc010hpr.4	protein_coding	1	2	5	37	1	0	0	0	0	1	0	0	36	4	0	0	0	0	0	0	1	0	2	0
Q8WY36	Q8WY36	uc010hps.2	protein_coding	1	1	5	25	0	0	0	0	0	1	5	0	20	4	0	0	0	0	0	0	1	0	1	0
Q8WY36-2	Q8WY36-2	uc003dwk.5	protein_coding	1	2	5	37	1	0	0	0	0	1	0	0	36	4	0	0	0	0	0	0	1	0	2	0
Q8WY36-2	Q8WY36-2	uc003dwm.5	protein_coding	1	2	5	33	1	0	0	0	0	1	0	0	32	4	0	0	0	0	0	0	1	0	2	0
Q92560	Q92560	uc003ddx.4	protein_coding	0	5	5	32	8	0	0	0	0	0	0	0	27	5	0	0	0	0	4	0	0	0	2	0
Q92597	Q92597	uc003yuf.1	protein_coding	0	0	4	45	9	0	3	0	0	0	0	0	25	4	0	0	0	0	0	0	0	0	0	8
Q92597	Q92597	uc003yug.2	protein_coding	0	1	5	63	9	0	0	0	0	0	0	0	53	5	0	0	0	0	1	0	0	0	0	2
Q92597	Q92597	uc003yuh.2	protein_coding	0	1	5	63	9	0	0	0	0	0	0	0	53	5	0	0	0	0	1	0	0	0	0	2
Q92597	Q92597	uc010mef.2	protein_coding	0	0	5	64	9	0	0	0	0	0	0	0	53	5	0	0	0	0	0	0	0	0	0	2
Q92597	Q92597	uc011ljh.1	protein_coding	0	1	4	64	9	0	0	0	0	0	0	0	54	4	0	0	0	0	1	0	0	0	0	2
Q92733	Q92733	uc001fqa.3	protein_coding	1	2	5	17	1	0	0	0	0	0	0	0	18	5	0	0	1	0	1	0	0	0	1	0
Q92734	Q92734	uc003due.3	protein_coding	0	3	0	28	3	0	0	0	0	0	1	0	25	0	0	0	0	0	1	0	0	0	2	0
Q92734	Q92734	uc003duf.3	protein_coding	0	3	0	28	3	0	0	0	0	0	1	0	25	0	0	0	0	0	1	0	0	0	2	0
Q92734	Q92734	uc003dui.3	protein_coding	0	3	0	28	3	0	0	0	0	0	1	0	25	0	0	0	0	0	1	0	0	0	2	0
Q92766	Q92766	uc003mxc.3	protein_coding	4	11	13	52	5	0	1	0	0	0	0	0	45	13	0	0	0	0	2	0	4	0	9	3
Q92766	Q92766	uc021yky.1	protein_coding	4	11	13	52	5	0	2	0	0	0	0	0	47	13	0	0	0	0	2	0	4	0	9	0
Q92766-2	Q92766-2	uc003mxb.3	protein_coding	4	13	15	48	5	0	1	0	0	0	0	0	42	15	0	0	0	0	3	0	4	0	10	3
Q92766-3	Q92766-3	uc010jnx.3	protein_coding	3	11	11	55	5	0	1	0	0	0	0	0	49	11	0	0	0	0	3	0	3	0	8	3
Q92793	Q92793	uc002cvv.3	protein_coding	3	5	22	98	9	1	1	0	0	0	0	0	89	22	0	0	1	0	1	0	2	0	4	0
Q92851	Q92851	uc002uxl.2	protein_coding	0	0	0	1	0	0	0	0	0	0	1	0	0	0	0	0	0	0	0	0	0	0	0	0
Q92851-5	Q92851-5	uc002uxm.2	protein_coding	0	0	0	1	0	0	0	0	0	0	1	0	0	0	0	0	0	0	0	0	0	0	0	0
Q92888	Q92888	uc002orx.3	protein_coding	0	0	0	9	0	0	0	0	0	0	0	0	0	0	0	0	0	0	0	0	0	0	0	9
Q92888	Q92888	uc002orz.3	protein_coding	0	0	0	9	0	0	0	0	0	0	0	0	0	0	0	0	0	0	0	0	0	0	0	9
Q92888-2	Q92888-2	uc002ory.3	protein_coding	0	0	0	9	0	0	0	0	0	0	0	0	0	0	0	0	0	0	0	0	0	0	0	9
Q92888-3	Q92888-3	uc002osa.3	protein_coding	0	0	0	7	0	0	0	0	0	0	0	0	0	0	0	0	0	0	0	0	0	0	0	7
Q92889	Q92889	uc002dce.2	protein_coding	1	2	4	17	2	0	0	0	0	0	0	0	16	4	0	0	1	0	1	0	0	0	1	1
Q92889	Q92889	uc010uyz.1	protein_coding	1	1	1	12	2	0	2	0	0	0	0	0	7	1	0	0	1	0	0	0	0	0	1	2
Q92966	Q92966	uc003zlt.3	protein_coding	0	0	0	6	0	0	0	0	0	0	6	0	0	0	0	0	0	0	0	0	0	0	0	0
Q93052	Q93052	uc003frs.2	protein_coding	0	3	5	91	12	0	0	0	0	0	0	0	79	5	0	0	0	0	0	0	0	0	3	0
Q93052	Q93052	uc011bsi.2	protein_coding	0	3	5	91	12	0	0	0	0	0	0	0	79	5	0	0	0	0	0	0	0	0	3	0
Q93052	Q93052	uc011bsj.2	protein_coding	0	3	3	52	12	0	0	0	0	0	0	0	40	3	0	0	0	0	0	0	0	0	3	0
Q969V6	Q969V6	uc003ayv.1	protein_coding	1	5	20	20	3	0	0	0	0	0	0	0	17	20	0	0	0	0	1	0	1	0	5	0
Q969V6	Q969V6	uc003ayw.1	protein_coding	1	5	20	61	3	0	1	0	0	0	0	0	56	20	0	0	0	0	1	0	1	0	5	1
Q96AE4	Q96AE4	uc001dii.3	protein_coding	0	0	5	23	1	0	0	0	0	0	3	0	19	5	0	0	0	0	1	0	0	0	0	0
Q96AE7	Q96AE7	uc001mxi.3	protein_coding	4	4	6	64	2	0	0	0	0	0	0	0	64	6	0	0	1	0	1	0	3	0	3	0
Q96AE7	Q96AE7	uc010rfj.2	protein_coding	5	5	6	59	2	0	0	0	0	0	0	0	59	6	0	0	1	0	1	0	4	0	4	0
Q96AJ9	Q96AJ9	uc001kzz.3	protein_coding	0	0	1	59	4	0	2	0	0	0	0	0	53	1	0	0	0	0	0	0	0	0	0	0
Q96AJ9-1	Q96AJ9-1	uc001kzy.3	protein_coding	0	0	1	46	0	0	2	0	0	0	1	0	43	1	0	0	0	0	0	0	0	0	0	0
Q96B01	Q96B01	uc001qmw.3	protein_coding	0	0	0	3	0	0	0	0	0	0	3	0	0	0	0	0	0	0	0	0	0	0	0	0
Q96B01-2	Q96B01-2	uc001qmu.3	protein_coding	0	0	0	3	0	0	0	0	0	0	3	0	0	0	0	0	0	0	0	0	0	0	0	0
Q96BA8	Q96BA8	uc021qik.1	protein_coding	2	6	6	37	0	0	0	0	0	0	3	1	37	6	0	0	1	0	3	0	0	0	4	0
Q96BA8	Q96BA8	uc021qil.1	protein_coding	2	5	7	37	3	0	0	0	0	0	0	1	37	7	0	0	1	0	3	0	0	0	3	0
Q96C95	Q96C95	uc003qwf.3	protein_coding	0	2	3	27	1	0	1	0	0	0	9	0	14	3	0	0	0	0	1	0	0	0	1	2
Q96DC7	Q96DC7	uc003lgl.3	protein_coding	0	0	0	8	0	0	0	0	0	0	8	0	0	0	0	0	0	0	0	0	0	0	0	0
Q96DC7	Q96DC7	uc003lgn.3	protein_coding	0	0	0	8	0	0	0	0	0	0	8	0	0	0	0	0	0	0	0	0	0	0	0	0
Q96DC7	Q96DC7	uc003lgo.3	protein_coding	0	0	0	8	0	0	0	0	0	0	8	0	0	0	0	0	0	0	0	0	0	0	0	0
Q96DC7	Q96DC7	uc010jft.3	protein_coding	0	0	0	8	0	0	0	0	0	0	8	0	0	0	0	0	0	0	0	0	0	0	0	0
Q96DC7-2	Q96DC7-2	uc003lgm.3	protein_coding	0	0	0	8	0	0	0	0	0	0	8	0	0	0	0	0	0	0	0	0	0	0	0	0
Q96DN6	Q96DN6	uc001soj.1	protein_coding	0	0	0	6	0	0	0	0	0	0	0	0	0	0	0	0	0	0	0	0	0	0	0	6
Q96DN6	Q96DN6	uc001sok.1	protein_coding	0	0	0	2	0	0	0	0	0	0	0	0	0	0	0	0	0	0	0	0	0	0	0	2
Q96EX3	Q96EX3	uc004bvq.1	protein_coding	0	0	0	21	1	0	0	0	0	0	20	0	0	0	0	0	0	0	0	0	0	0	0	0
Q96FM1	Q96FM1	uc002hsj.3	protein_coding	1	0	0	0	0	0	0	0	0	0	0	0	0	0	0	0	0	0	0	1	0	0	0	0
Q96FM1-2	Q96FM1-2	uc002hsk.3	protein_coding	1	0	0	0	0	0	0	0	0	0	0	0	0	0	0	0	0	0	0	1	0	0	0	0
Q96FS4	Q96FS4	uc001ofb.2	protein_coding	0	0	0	11	0	0	0	0	0	0	11	0	0	0	0	0	0	0	0	0	0	0	0	0
Q96FS4	Q96FS4	uc001ofd.2	protein_coding	0	0	0	11	0	0	0	0	0	0	11	0	0	0	0	0	0	0	0	0	0	0	0	0
Q96G91	Q96G91	uc002mnc.3	protein_coding	0	0	2	29	1	0	2	0	0	0	0	0	3	2	0	0	0	0	0	0	0	0	0	23
Q96GD4	Q96GD4	uc002gkm.4	protein_coding	1	3	2	12	0	0	0	0	0	0	0	0	12	2	0	0	0	0	0	0	1	0	3	0
Q96GD4-2	Q96GD4-2	uc021tpy.1	protein_coding	1	3	1	13	0	0	0	0	0	0	0	0	11	1	0	0	0	0	0	0	1	0	3	2
Q96GE4	Q96GE4	uc002jem.3	protein_coding	0	0	0	16	0	0	0	0	0	0	0	0	2	0	0	0	0	0	0	0	0	0	0	14
Q96GE4	Q96GE4	uc010wqb.2	protein_coding	0	0	0	16	0	0	0	0	0	0	0	0	2	0	0	0	0	0	0	0	0	0	0	14
Q96HU1	Q96HU1	uc003ayu.1	protein_coding	0	0	0	10	0	0	0	0	0	0	10	0	0	0	0	0	0	0	0	0	0	0	0	0
Q96I23	Q96I23	uc003hru.2	protein_coding	0	0	0	1	1	0	0	0	0	0	0	0	0	0	0	0	0	0	0	0	0	0	0	0
Q96IG2	Q96IG2	uc002hrt.3	protein_coding	0	0	0	4	0	0	0	0	0	0	0	0	0	0	0	0	0	0	0	0	0	0	0	4
Q96IG2-2	Q96IG2-2	uc010cvu.3	protein_coding	0	0	0	4	0	0	0	0	0	0	0	0	0	0	0	0	0	0	0	0	0	0	0	4
Q96JF6	Q96JF6	uc010cla.1	protein_coding	2	2	2	8	2	0	0	0	0	0	2	0	4	2	0	0	0	0	0	0	1	1	2	0
Q96JF6	Q96JF6	uc021tol.1	protein_coding	2	2	2	8	0	0	0	0	0	0	4	0	0	2	0	0	0	0	1	0	1	1	2	4
Q96JN2-2	Q96JN2-2	uc003vny.2	protein_coding	2	0	7	37	0	0	1	0	0	0	0	0	35	7	0	0	1	0	0	0	1	0	0	2
Q96JN2-3	Q96JN2-3	uc003vnu.2	protein_coding	0	1	1	58	1	0	0	0	0	0	0	0	51	1	0	0	0	0	0	0	0	0	1	6
Q96JW4	Q96JW4	uc001tla.3	protein_coding	0	1	5	29	2	1	1	0	0	0	0	0	26	5	0	0	0	0	0	0	0	0	0	0
Q96K19	Q96K19	uc003xpm.3	protein_coding	0	0	0	4	0	0	0	0	0	0	0	0	0	0	0	0	0	0	0	0	0	0	0	4
Q96K19	Q96K19	uc003xpo.3	protein_coding	0	0	0	4	0	0	0	0	0	0	0	0	0	0	0	0	0	0	0	0	0	0	0	4
Q96K19-2	Q96K19-2	uc003xpq.4	protein_coding	0	0	0	4	0	0	0	0	0	0	0	0	0	0	0	0	0	0	0	0	0	0	0	4
Q96K19-3	Q96K19-3	uc011lcx.2	protein_coding	0	0	0	4	0	0	0	0	0	0	0	0	0	0	0	0	0	0	0	0	0	0	0	4
Q96K19-4	Q96K19-4	uc003xpn.3	protein_coding	0	0	0	4	0	0	0	0	0	0	0	0	0	0	0	0	0	0	0	0	0	0	0	4
Q96K19-4	Q96K19-4	uc003xpp.3	protein_coding	0	0	0	4	0	0	0	0	0	0	0	0	0	0	0	0	0	0	0	0	0	0	0	4
Q96K83	Q96K83	uc002kvk.2	protein_coding	0	4	10	59	0	0	0	0	0	0	0	0	60	10	0	0	0	0	2	0	0	0	2	1
Q96K83	Q96K83	uc002kvl.2	protein_coding	0	4	8	61	0	0	2	0	0	0	0	0	60	8	0	0	0	0	2	0	0	0	2	1
Q96K83	Q96K83	uc010dly.2	protein_coding	0	4	10	59	0	0	0	0	0	0	0	0	60	10	0	0	0	0	2	0	0	0	2	1
Q96KR6	Q96KR6	uc002xxc.3	protein_coding	0	0	0	6	0	0	0	0	0	0	6	0	0	0	0	0	0	0	0	0	0	0	0	0
Q96LD8	Q96LD8	uc002atp.3	protein_coding	0	0	0	7	0	0	0	0	0	0	0	0	0	0	0	0	0	0	0	0	0	0	0	7
Q96LD8	Q96LD8	uc021spq.1	protein_coding	0	0	0	9	0	0	0	0	0	0	0	0	7	0	0	0	0	0	0	0	0	0	0	2
Q96LD8	Q96LD8	uc021spr.1	protein_coding	0	0	0	7	0	0	0	0	0	0	0	0	7	0	0	0	0	0	0	0	0	0	0	0
Q96LD8	Q96LD8	uc021sps.1	protein_coding	0	0	0	7	0	0	0	0	0	0	0	0	7	0	0	0	0	0	0	0	0	0	0	0
Q96LD8	Q96LD8	uc021spt.1	protein_coding	0	0	0	7	0	0	0	0	0	0	0	0	0	0	0	0	0	0	0	0	0	0	0	7
Q96M91	Q96M91	uc002lee.2	protein_coding	0	0	0	6	0	0	0	0	0	0	0	0	0	0	0	0	0	0	0	0	0	0	0	6
Q96MF4	Q96MF4	uc002vnb.1	protein_coding	0	0	0	22	0	0	0	0	0	0	0	0	6	0	0	0	0	0	0	0	0	0	0	16
Q96MK3	Q96MK3	uc002jho.3	protein_coding	0	2	3	44	3	0	0	0	0	0	16	0	25	3	0	0	0	0	1	0	0	0	2	0
Q96MR7-2	Q96MR7-2	uc031psn.1	protein_coding	0	0	0	36	0	0	0	0	0	0	0	0	12	0	0	0	0	0	0	0	0	0	0	24
Q96MY1	Q96MY1	uc002wxu.5	protein_coding	0	0	0	1	0	0	0	0	0	0	1	0	0	0	0	0	0	0	0	0	0	0	0	0
Q96N66	Q96N66	uc002qdq.3	protein_coding	0	4	3	29	4	0	0	0	0	0	1	0	25	3	0	0	0	0	1	0	0	0	3	0
Q96N66	Q96N66	uc002qdr.3	protein_coding	0	4	3	29	4	0	0	0	0	0	1	0	25	3	0	0	0	0	1	0	0	0	3	0
Q96N66	Q96N66	uc010yem.2	protein_coding	0	4	3	29	4	0	0	0	0	0	1	0	22	3	0	0	0	0	1	0	0	0	3	3
Q96N66-2	Q96N66-2	uc002qds.3	protein_coding	0	3	2	31	4	0	0	0	0	0	1	0	27	2	0	0	0	0	1	0	0	0	2	0
Q96N66-2	Q96N66-2	uc010yen.2	protein_coding	0	3	2	31	4	0	0	0	0	0	1	0	27	2	0	0	0	0	1	0	0	0	2	0
Q96NA2	Q96NA2	uc002ftd.3	protein_coding	0	0	0	8	0	0	0	0	0	0	0	0	0	0	0	0	0	0	0	0	0	0	0	8
Q96NI8	Q96NI8	uc002ogk.1	protein_coding	0	0	0	8	0	0	0	0	0	0	0	0	0	0	0	0	0	0	0	0	0	0	0	8
Q96NI8	Q96NI8	uc010efl.1	protein_coding	0	0	0	9	0	0	1	0	0	0	0	0	1	0	0	0	0	0	0	0	0	0	0	7
Q96NI8	Q96NI8	uc010xtr.1	protein_coding	0	0	0	8	0	0	0	0	0	0	0	0	0	0	0	0	0	0	0	0	0	0	0	8
Q96NL0	Q96NL0	uc003ujb.3	protein_coding	1	1	1	16	0	0	3	0	0	0	0	0	14	1	0	0	1	0	1	0	0	0	0	1
Q96NL0-2	Q96NL0-2	uc003ujd.3	protein_coding	1	0	0	12	0	0	1	0	0	0	0	0	11	0	0	0	1	0	0	0	0	0	0	1
Q96NL0-4	Q96NL0-4	uc003ujc.3	protein_coding	1	0	0	18	0	0	3	0	0	0	0	0	15	0	0	0	1	0	0	0	0	0	0	1
Q96NL8	Q96NL8	uc003yho.2	protein_coding	0	0	2	10	0	0	0	0	0	0	0	0	10	2	0	0	0	0	0	0	0	0	0	0
Q96NN9	Q96NN9	uc002ztj.2	protein_coding	1	2	0	28	3	0	0	0	0	0	15	0	11	0	0	0	1	0	1	0	0	0	2	0
Q96NN9-2	Q96NN9-2	uc002ztl.2	protein_coding	1	2	0	28	3	0	0	0	0	0	15	0	11	0	0	0	1	0	1	0	0	0	2	0
Q96NN9-3	Q96NN9-3	uc002ztk.2	protein_coding	1	2	0	28	3	0	0	0	0	0	15	0	11	0	0	0	1	0	1	0	0	0	2	0
Q96NT1	Q96NT1	uc003hrx.3	protein_coding	0	1	3	11	0	0	0	0	0	0	5	0	0	3	0	0	0	0	0	0	0	0	1	6
Q96P71	Q96P71	uc002wzn.4	protein_coding	0	0	0	11	0	0	0	0	0	0	0	0	0	0	0	0	0	0	0	0	0	0	0	11
Q96P71-2	Q96P71-2	uc002wzm.4	protein_coding	0	0	0	11	0	0	0	0	0	0	0	0	0	0	0	0	0	0	0	0	0	0	0	11
Q96P71-2	Q96P71-2	uc002wzo.5	protein_coding	0	0	0	11	0	0	0	0	0	0	0	0	0	0	0	0	0	0	0	0	0	0	0	11
Q96PE3	Q96PE3	uc002syy.3	protein_coding	1	7	11	58	2	0	1	0	0	0	0	0	56	11	0	0	1	0	3	0	0	0	7	0
Q96PE3-2	Q96PE3-2	uc010yvk.2	protein_coding	1	8	9	59	2	0	1	0	0	0	0	0	58	9	0	0	1	0	4	0	0	0	7	0
Q96PE3-3	Q96PE3-3	uc002syx.3	protein_coding	1	7	11	58	2	0	1	0	0	0	0	0	56	11	0	0	1	0	3	0	0	0	7	0
Q96PE3-4	Q96PE3-4	uc010yvj.1	protein_coding	1	8	7	57	0	0	1	0	0	0	1	0	57	7	0	0	1	0	4	0	0	0	7	0
Q96PU5	Q96PU5	uc002lgy.3	protein_coding	3	6	10	105	2	2	3	0	0	0	0	0	102	10	0	0	1	0	3	0	2	0	3	0
Q96PU5-2	Q96PU5-2	uc002lgz.3	protein_coding	3	6	9	106	2	2	3	0	0	0	0	0	103	9	0	0	1	0	3	0	2	0	3	0
Q96PU5-3	Q96PU5-3	uc002lhh.2	protein_coding	3	3	8	60	2	0	1	0	0	0	0	0	58	8	0	0	1	0	3	0	2	0	1	1
Q96PU5-5	Q96PU5-5	uc002lgx.3	protein_coding	3	6	9	106	2	2	3	0	0	0	0	0	103	9	0	0	1	0	3	0	2	0	3	0
Q96PU5-6	Q96PU5-6	uc002lhe.2	protein_coding	3	4	8	79	2	0	0	0	0	0	0	0	75	8	0	0	1	0	4	0	2	0	3	4
Q96PU5-7	Q96PU5-7	uc002lhc.2	protein_coding	3	4	9	78	2	0	0	0	0	0	0	0	74	9	0	0	1	0	4	0	2	0	3	4
Q96PU5-9	Q96PU5-9	uc002lhb.2	protein_coding	3	3	8	81	2	0	2	0	0	0	0	0	75	8	0	0	1	0	3	0	2	0	1	4
Q96PU5-9	Q96PU5-9	uc002lhf.3	protein_coding	3	4	8	64	2	1	2	0	0	0	0	0	61	8	0	0	1	0	3	0	2	0	1	1
Q96PU8	Q96PU8	uc003qui.3	protein_coding	0	3	1	39	1	1	1	0	0	0	0	0	38	1	0	0	0	0	1	0	0	0	1	0
Q96PU8-3	Q96PU8-3	uc003quj.3	protein_coding	0	2	1	40	1	1	1	0	0	0	0	0	39	1	0	0	0	0	1	0	0	0	0	0
Q96PU8-5	Q96PU8-5	uc003quh.3	protein_coding	0	2	1	40	10	1	1	0	0	0	0	0	30	1	0	0	0	0	1	0	0	0	0	0
Q96PU8-6	Q96PU8-6	uc003quf.3	protein_coding	0	3	1	39	10	1	1	0	0	0	0	0	29	1	0	0	0	0	1	0	0	0	1	0
Q96PU8-8	Q96PU8-8	uc003que.3	protein_coding	0	3	1	39	11	1	1	0	0	0	0	0	28	1	0	0	0	0	1	0	0	0	1	0
Q96PU8-9	Q96PU8-9	uc003qug.3	protein_coding	0	3	1	39	9	1	1	0	0	0	0	0	30	1	0	0	0	0	1	0	0	0	1	0
Q96Q35	Q96Q35	uc010ftg.3	protein_coding	0	0	0	11	0	0	0	0	0	0	11	0	0	0	0	0	0	0	0	0	0	0	0	0
Q96Q80	Q96Q80	uc002zyh.3	protein_coding	0	0	0	8	0	0	0	0	0	0	8	0	0	0	0	0	0	0	0	0	0	0	0	0
Q96Q80-2	Q96Q80-2	uc002zyk.4	protein_coding	0	0	0	8	0	0	0	0	0	0	8	0	0	0	0	0	0	0	0	0	0	0	0	0
Q96Q80-4	Q96Q80-4	uc002zyj.3	protein_coding	0	0	0	8	0	0	0	0	0	0	8	0	0	0	0	0	0	0	0	0	0	0	0	0
Q96RU3	Q96RU3	uc004byw.1	protein_coding	0	4	2	77	10	1	1	0	0	0	0	0	66	2	0	0	0	0	0	0	0	0	3	0
Q96RU3-2	Q96RU3-2	uc004byx.1	protein_coding	0	3	2	60	3	0	0	0	0	0	3	0	48	2	0	0	0	0	0	0	0	0	3	6
Q96RU3-3	Q96RU3-3	uc004byz.1	protein_coding	0	4	2	70	3	1	1	0	0	0	3	0	63	2	0	0	0	0	0	0	0	0	3	0
Q96S37	Q96S37	uc001oam.2	protein_coding	0	0	0	4	0	0	0	0	0	0	4	0	0	0	0	0	0	0	0	0	0	0	0	0
Q96S37-2	Q96S37-2	uc001oan.2	protein_coding	0	0	0	4	0	0	0	0	0	0	4	0	0	0	0	0	0	0	0	0	0	0	0	0
Q96T51	Q96T51	uc003mka.2	protein_coding	1	2	2	68	2	0	0	0	0	0	0	0	66	2	0	0	0	0	0	0	1	0	2	0
Q99081	Q99081	uc002aec.3	protein_coding	1	1	7	87	7	0	0	0	0	0	1	0	79	7	0	0	0	0	0	0	1	0	1	0
Q99081	Q99081	uc002aed.3	protein_coding	1	2	7	86	7	0	0	0	0	0	1	0	79	7	0	0	0	0	1	0	1	0	1	0
Q99081-2	Q99081-2	uc002aee.3	protein_coding	1	2	4	45	7	1	1	0	0	0	1	0	34	4	0	0	0	0	0	0	1	0	1	2
Q99081-3	Q99081-3	uc002aea.3	protein_coding	2	1	7	86	7	0	0	0	0	0	1	0	78	7	0	0	0	0	1	0	2	0	1	0
Q99081-3	Q99081-3	uc002aeb.3	protein_coding	2	2	7	85	7	0	0	0	0	0	1	0	78	7	0	0	0	0	2	0	2	0	1	0
Q99453	Q99453	uc003gwf.4	protein_coding	0	1	1	8	2	0	0	0	0	0	1	0	5	1	0	0	0	0	0	0	0	0	1	0
Q99801	Q99801	uc011kzx.2	protein_coding	0	1	3	4	4	0	0	0	0	0	0	0	0	3	0	0	0	0	0	0	0	0	1	0
Q99801-3	Q99801-3	uc031tao.1	protein_coding	0	1	2	5	4	0	0	0	0	0	0	0	1	2	0	0	0	0	0	0	0	0	1	0
Q99835	Q99835	uc003vor.3	protein_coding	1	5	7	32	1	0	0	0	0	0	1	1	30	7	0	0	0	0	1	0	0	0	5	0
Q99961	Q99961	uc002maj.3	protein_coding	0	5	2	32	1	0	1	0	0	0	0	0	33	2	0	0	0	0	3	0	0	0	2	0
Q9BR81	Q9BR81	uc003lkw.2	protein_coding	0	2	3	94	18	0	1	0	0	0	0	0	76	3	0	0	0	0	1	0	0	0	1	0
Q9BRR6	Q9BRR6	uc002avg.4	protein_coding	2	2	4	29	4	0	1	0	0	0	0	0	20	4	0	0	0	0	1	0	2	0	2	4
Q9BRR6	Q9BRR6	uc002avh.4	protein_coding	0	0	2	35	4	0	1	0	0	0	0	0	26	2	0	0	0	0	1	0	0	0	0	4
Q9BRR6	Q9BRR6	uc010ukw.2	protein_coding	2	2	4	24	4	0	0	0	0	0	0	0	19	4	0	0	0	0	1	0	2	0	2	1
Q9BRR6-2	Q9BRR6-2	uc002avf.4	protein_coding	2	2	4	29	4	0	1	0	0	0	0	0	20	4	0	0	0	0	1	0	2	0	2	4
Q9BRR6-2	Q9BRR6-2	uc002avi.4	protein_coding	1	2	3	32	4	1	4	0	0	0	0	0	20	3	0	0	0	0	1	0	1	0	1	4
Q9BRR6-4	Q9BRR6-4	uc002ave.4	protein_coding	0	0	3	16	4	0	1	0	0	0	0	0	4	3	0	0	0	0	2	0	0	0	0	7
Q9BRT3	Q9BRT3	uc002hsq.3	protein_coding	0	0	3	21	0	0	0	0	0	0	20	0	1	3	0	0	0	0	0	0	0	0	0	0
Q9BSP9	Q9BSP9	uc003pcx.4	protein_coding	0	2	0	22	2	0	0	0	0	0	1	0	13	0	0	0	0	0	0	0	0	0	2	6
Q9BSV6	Q9BSV6	uc002qdu.3	protein_coding	0	0	0	16	0	0	0	0	0	0	0	0	0	0	0	0	0	0	0	0	0	0	0	16
Q9BSV6	Q9BSV6	uc002qdv.3	protein_coding	0	0	0	14	0	0	0	0	0	0	0	0	0	0	0	0	0	0	0	0	0	0	0	14
Q9BSV6	Q9BSV6	uc002qdw.3	protein_coding	0	0	0	14	0	0	0	0	0	0	0	0	0	0	0	0	0	0	0	0	0	0	0	14
Q9BT49	Q9BT49	uc002ztr.1	protein_coding	0	0	0	25	0	0	0	0	0	0	25	0	0	0	0	0	0	0	0	0	0	0	0	0
Q9BT49	Q9BT49	uc002zts.1	protein_coding	0	0	0	25	0	0	0	0	0	0	25	0	0	0	0	0	0	0	0	0	0	0	0	0
Q9BUL5	Q9BUL5	uc002gfa.3	protein_coding	0	0	0	2	0	0	0	0	0	0	0	0	0	0	0	0	0	0	0	0	0	0	0	2
Q9BUL5	Q9BUL5	uc010cma.3	protein_coding	0	0	0	2	0	0	0	0	0	0	0	0	0	0	0	0	0	0	0	0	0	0	0	2
Q9BV44	Q9BV44	uc003brn.4	protein_coding	0	0	0	1	0	0	0	0	0	0	0	0	0	0	0	0	0	0	0	0	0	0	0	1
Q9BV44	Q9BV44	uc003bro.4	protein_coding	0	0	0	1	0	0	0	0	0	0	0	0	0	0	0	0	0	0	0	0	0	0	0	1
Q9BV73	Q9BV73	uc010zve.2	protein_coding	3	11	18	73	1	3	12	0	0	0	0	0	62	18	0	0	1	0	1	0	2	0	7	0
Q9BV73	Q9BV73	uc021wco.1	protein_coding	7	12	22	61	1	0	0	0	0	0	0	0	62	22	0	0	1	0	1	0	6	0	11	0
Q9BVN2	Q9BVN2	uc001fkj.2	protein_coding	0	0	0	1	0	0	0	0	0	0	1	0	0	0	0	0	0	0	0	0	0	0	0	0
Q9BVN2-2	Q9BVN2-2	uc001fkp.3	protein_coding	0	0	0	1	0	0	0	0	0	0	1	0	0	0	0	0	0	0	0	0	0	0	0	0
Q9BVN2-2	Q9BVN2-2	uc001fkr.3	protein_coding	0	0	0	1	0	0	0	0	0	0	1	0	0	0	0	0	0	0	0	0	0	0	0	0
Q9BVN2-2	Q9BVN2-2	uc009wqo.1	protein_coding	0	0	0	1	0	0	0	0	0	0	1	0	0	0	0	0	0	0	0	0	0	0	0	0
Q9BW71	Q9BW71	uc002dve.3	protein_coding	0	0	0	26	0	0	0	0	0	0	26	0	0	0	0	0	0	0	0	0	0	0	0	0
Q9BWH6	Q9BWH6	uc001zod.3	protein_coding	2	10	21	40	1	0	1	0	0	0	0	0	43	21	0	0	1	0	5	0	1	0	6	0
Q9BWX1	Q9BWX1	uc003ddy.3	protein_coding	0	0	0	18	0	0	0	0	0	0	0	0	0	0	0	0	0	0	0	0	0	0	0	18
Q9BXJ9	Q9BXJ9	uc003ihu.1	protein_coding	0	1	4	41	6	0	0	0	0	0	0	0	35	4	0	0	0	0	1	0	0	0	1	0
Q9BY07	Q9BY07	uc002sko.1	protein_coding	2	7	8	82	0	0	0	0	0	0	3	0	78	8	0	0	1	0	2	0	1	0	6	3
Q9BY07-3	Q9BY07-3	uc002skn.3	protein_coding	2	7	8	85	1	0	0	0	0	0	0	0	86	8	0	0	1	0	2	0	1	0	6	0
Q9BY07-4	Q9BY07-4	uc010ffc.1	protein_coding	2	7	8	82	0	0	0	0	0	0	3	0	78	8	0	0	1	0	2	0	1	0	6	3
Q9BY07-7	Q9BY07-7	uc002skp.1	protein_coding	2	7	8	84	0	0	0	0	0	0	3	0	81	8	0	0	1	0	2	0	1	0	6	2
Q9BYW2	Q9BYW2	uc003cqs.3	protein_coding	3	6	14	93	5	0	1	0	0	0	1	0	86	14	0	0	0	0	1	0	3	0	6	0
Q9BYW2	Q9BYW2	uc003cqv.3	protein_coding	3	6	14	93	5	0	1	0	0	0	1	0	86	14	0	0	0	0	1	0	3	0	6	0
Q9BZ95	Q9BZ95	uc003xli.3	protein_coding	3	4	4	45	0	0	0	0	0	0	0	0	46	4	0	0	0	0	2	0	3	0	3	0
Q9BZ95-2	Q9BZ95-2	uc010lwe.3	protein_coding	3	4	4	45	0	0	0	0	0	0	0	0	46	4	0	0	0	0	2	0	3	0	3	0
Q9BZ95-3	Q9BZ95-3	uc003xlj.3	protein_coding	2	1	1	30	5	0	0	0	0	0	8	0	17	1	0	0	0	0	0	0	2	0	1	0
Q9BZK7	Q9BZK7	uc003fiw.4	protein_coding	0	2	3	37	4	0	0	0	0	0	0	0	33	3	0	0	0	0	2	0	0	0	2	0
Q9BZK7	Q9BZK7	uc003fix.4	protein_coding	0	2	3	37	4	0	0	0	0	0	0	0	33	3	0	0	0	0	2	0	0	0	2	0
Q9C093	Q9C093	uc003jjo.3	protein_coding	2	4	10	112	0	0	1	0	0	0	0	0	112	10	0	0	1	0	1	0	1	0	4	0
Q9C093-2	Q9C093-2	uc003jjp.1	protein_coding	2	1	9	87	1	0	0	0	0	0	1	0	86	9	0	0	1	0	1	0	1	0	1	0
Q9C093-3	Q9C093-3	uc003jjn.1	protein_coding	0	3	1	24	0	0	1	0	0	0	0	0	23	1	0	0	0	0	0	0	0	0	3	0
Q9C093-4	Q9C093-4	uc003jjr.3	protein_coding	1	1	3	32	0	0	0	0	0	0	0	0	27	3	0	0	0	0	0	0	1	0	1	5
Q9H000	Q9H000	uc003bxd.4	protein_coding	0	0	0	12	0	0	0	0	0	0	12	0	0	0	0	0	0	0	0	0	0	0	0	0
Q9H0H0	Q9H0H0	uc002izm.3	protein_coding	0	0	0	1	0	0	0	0	0	0	1	0	0	0	0	0	0	0	0	0	0	0	0	0
Q9H1H9	Q9H1H9	uc003ncg.4	protein_coding	4	8	13	98	1	0	0	0	0	0	6	0	95	13	0	0	1	0	5	0	3	0	5	0
Q9H1H9-2	Q9H1H9-2	uc003nch.4	protein_coding	4	8	13	98	1	0	0	0	0	0	6	0	95	13	0	0	1	0	5	0	3	0	5	0
Q9H1H9-3	Q9H1H9-3	uc003ncf.3	protein_coding	4	8	13	98	1	0	0	0	0	0	0	0	101	13	0	0	1	0	5	0	3	0	5	0
Q9H1H9-4	Q9H1H9-4	uc003nci.4	protein_coding	4	8	13	98	1	0	0	0	0	0	6	0	95	13	0	0	1	0	5	0	3	0	5	0
Q9H204	Q9H204	uc003gpi.1	protein_coding	0	1	2	11	2	0	0	0	0	0	0	0	8	2	0	0	0	0	1	0	0	0	1	1
Q9H2U1	Q9H2U1	uc003ezy.4	protein_coding	0	2	3	51	5	0	0	0	0	0	2	0	44	3	0	0	0	0	1	0	0	0	1	1
Q9H2U1-2	Q9H2U1-2	uc010hvq.3	protein_coding	0	2	3	51	5	0	0	0	0	0	2	0	44	3	0	0	0	0	1	0	0	0	1	1
Q9H2U1-3	Q9H2U1-3	uc003ezz.4	protein_coding	0	2	3	51	5	0	0	0	0	0	2	0	44	3	0	0	0	0	1	0	0	0	1	1
Q9H2Y7	Q9H2Y7	uc001zpu.3	protein_coding	0	0	0	18	0	0	0	0	0	0	18	0	0	0	0	0	0	0	0	0	0	0	0	0
Q9H2Y7	Q9H2Y7	uc001zpv.3	protein_coding	0	0	0	18	0	0	0	0	0	0	18	0	0	0	0	0	0	0	0	0	0	0	0	0
Q9H2Y7	Q9H2Y7	uc001zpw.3	protein_coding	0	0	0	18	0	0	0	0	0	0	18	0	0	0	0	0	0	0	0	0	0	0	0	0
Q9H334	Q9H334	uc003dol.3	protein_coding	2	0	3	72	6	0	0	0	0	0	0	0	66	3	0	0	0	0	0	0	2	0	0	0
Q9H334	Q9H334	uc003dop.3	protein_coding	2	1	3	114	6	1	2	0	0	0	0	0	106	3	0	0	0	0	0	0	2	0	0	0
Q9H334	Q9H334	uc021xan.1	protein_coding	2	0	3	106	6	0	0	0	0	0	0	0	100	3	0	0	0	0	0	0	2	0	0	0
Q9H334-5	Q9H334-5	uc003dos.3	protein_coding	0	1	2	51	0	1	2	0	0	0	2	0	47	2	0	0	0	0	0	0	0	0	0	0
Q9H3M7	Q9H3M7	uc001enn.4	protein_coding	0	2	4	12	8	0	2	0	0	0	0	0	3	4	0	0	0	0	2	0	0	0	1	0
Q9H3P2	Q9H3P2	uc003gek.3	protein_coding	0	0	0	3	0	0	0	0	0	0	3	0	0	0	0	0	0	0	0	0	0	0	0	0
Q9H3P2	Q9H3P2	uc003gel.3	protein_coding	0	0	0	3	0	0	0	0	0	0	3	0	0	0	0	0	0	0	0	0	0	0	0	0
Q9H3P2	Q9H3P2	uc003gen.3	protein_coding	0	0	0	3	0	0	0	0	0	0	3	0	0	0	0	0	0	0	0	0	0	0	0	0
Q9H4K7	Q9H4K7	uc002yce.4	protein_coding	0	0	0	6	0	0	0	0	0	0	0	0	0	0	0	0	0	0	0	0	0	0	0	6
Q9H688	Q9H688	uc010lyw.3	protein_coding	0	0	2	27	1	0	0	0	0	0	13	0	13	2	0	0	0	0	0	0	0	0	0	0
Q9H6R6	Q9H6R6	uc001kzv.3	protein_coding	0	0	0	4	0	0	0	0	0	0	0	0	0	0	0	0	0	0	0	0	0	0	0	4
Q9H6R6	Q9H6R6	uc009xya.1	protein_coding	0	0	0	4	0	0	4	0	0	0	0	0	0	0	0	0	0	0	0	0	0	0	0	0
Q9H6R6-2	Q9H6R6-2	uc001kzw.3	protein_coding	0	0	0	4	0	0	0	0	0	0	0	0	0	0	0	0	0	0	0	0	0	0	0	4
Q9H722	Q9H722	uc003pda.4	protein_coding	0	0	0	20	3	0	0	0	0	0	6	0	4	0	0	0	0	0	0	0	0	0	0	7
Q9H777	Q9H777	uc002lez.3	protein_coding	0	1	6	4	0	0	0	0	0	0	1	0	3	6	0	0	0	0	0	0	0	0	1	0
Q9H777	Q9H777	uc010dpe.3	protein_coding	0	2	2	6	0	0	0	0	0	0	4	0	2	2	0	0	0	0	0	0	0	0	2	0
Q9H867	Q9H867	uc001wxo.1	protein_coding	0	0	0	3	0	0	0	0	0	0	0	0	0	0	0	0	0	0	0	0	0	0	0	3
Q9H867-5	Q9H867-5	uc001wxp.1	protein_coding	0	0	0	3	0	0	0	0	0	0	0	0	0	0	0	0	0	0	0	0	0	0	0	3
Q9H8M7	Q9H8M7	uc001iod.1	protein_coding	0	2	0	22	1	1	3	0	0	0	0	0	19	0	0	0	0	0	1	0	0	0	0	0
Q9H8M7	Q9H8M7	uc001ioe.1	protein_coding	0	2	0	22	1	1	3	0	0	0	0	0	19	0	0	0	0	0	1	0	0	0	0	0
Q9H906	Q9H906	uc001mxl.3	protein_coding	0	0	1	40	2	0	2	0	0	0	0	0	23	1	0	0	0	0	0	0	0	0	0	13
Q9HAE7	Q9HAE7	uc001hgy.3	protein_coding	0	1	1	33	18	0	1	0	0	0	1	0	3	1	0	0	0	0	0	0	0	0	1	10
Q9HB96	Q9HB96	uc003oko.1	protein_coding	0	4	8	26	0	0	0	0	0	0	0	0	26	8	0	0	0	0	0	0	0	0	4	0
Q9HB96	Q9HB96	uc010jvw.1	protein_coding	0	4	8	26	0	0	0	0	0	0	0	0	26	8	0	0	0	0	0	0	0	0	4	0
Q9HBD4	Q9HBD4	uc010dxo.3	protein_coding	4	10	17	86	1	0	0	0	0	0	4	0	83	17	0	0	1	1	1	0	2	0	10	0
Q9HBE5	Q9HBE5	uc002doq.2	protein_coding	0	2	10	41	1	0	0	0	0	0	0	0	40	10	0	0	0	0	0	0	0	0	2	0
Q9HBE5	Q9HBE5	uc002dos.2	protein_coding	0	2	10	28	1	0	0	0	0	0	0	0	26	10	0	0	0	0	0	0	0	0	2	1
Q9HBL7	Q9HBL7	uc003zjd.3	protein_coding	0	0	0	17	0	0	0	0	0	0	0	0	17	0	0	0	0	0	0	0	0	0	0	0
Q9HC35	Q9HC35	uc002rsj.3	protein_coding	3	2	5	31	3	0	0	0	0	0	0	0	23	5	0	0	0	0	0	0	3	0	2	5
Q9HCK8	Q9HCK8	uc001war.2	protein_coding	5	12	16	60	2	0	0	0	0	0	0	0	58	16	0	0	1	0	2	0	4	0	12	1
Q9HCK8-2	Q9HCK8-2	uc001was.2	protein_coding	3	10	13	67	2	0	0	0	0	0	0	0	66	13	0	0	1	0	2	0	2	0	10	0
Q9HCM3	Q9HCM3	uc011kql.2	protein_coding	1	11	23	58	3	0	0	0	0	0	0	0	55	23	0	0	0	0	0	0	1	0	11	0
Q9HCM3-2	Q9HCM3-2	uc011kqj.2	protein_coding	1	11	23	58	3	0	0	0	0	0	0	0	55	23	0	0	0	0	0	0	1	0	11	0
Q9HCM3-3	Q9HCM3-3	uc011kqi.2	protein_coding	0	4	11	34	3	0	0	0	0	0	0	0	29	11	0	0	0	0	0	0	0	0	4	2
Q9HCM3-4	Q9HCM3-4	uc011kqk.2	protein_coding	0	4	11	34	3	0	0	0	0	0	0	0	29	11	0	0	0	0	0	0	0	0	4	2
Q9HCS4	Q9HCS4	uc002soy.3	protein_coding	1	5	5	60	3	0	0	0	0	0	2	0	56	5	0	0	0	0	1	0	1	0	4	0
Q9HD15	Q9HD15	uc003lfz.3	protein_coding	0	0	0	5	0	0	0	0	0	0	5	0	0	0	0	0	0	0	0	0	0	0	0	0
Q9HD15	Q9HD15	uc003lga.3	protein_coding	0	0	0	5	0	0	0	0	0	0	5	0	0	0	0	0	0	0	0	0	0	0	0	0
Q9HD15	Q9HD15	uc010jfm.3	protein_coding	0	0	0	5	0	0	0	0	0	0	5	0	0	0	0	0	0	0	0	0	0	0	0	0
Q9HD26	Q9HD26	uc003pxu.3	protein_coding	0	1	2	23	4	0	2	0	0	0	1	0	16	2	0	0	0	0	0	0	0	0	1	0
Q9HD26-2	Q9HD26-2	uc003pxv.3	protein_coding	0	1	2	23	4	0	2	0	0	0	1	0	16	2	0	0	0	0	0	0	0	0	1	0
Q9NNZ3	Q9NNZ3	uc001nys.3	protein_coding	0	0	0	25	0	0	0	0	0	0	25	0	0	0	0	0	0	0	0	0	0	0	0	0
Q9NP31	Q9NP31	uc001fqd.2	protein_coding	0	4	0	11	0	1	1	0	0	0	0	0	10	0	0	0	0	0	1	0	0	0	2	1
Q9NP31	Q9NP31	uc010phs.1	protein_coding	0	4	0	11	0	1	1	0	0	0	0	0	10	0	0	0	0	0	1	0	0	0	2	1
Q9NP31-2	Q9NP31-2	uc009wsh.2	protein_coding	0	4	0	11	0	1	1	0	0	0	0	0	10	0	0	0	0	0	1	0	0	0	2	1
Q9NPA1	Q9NPA1	uc003fjm.3	protein_coding	0	0	0	5	0	0	0	0	0	0	5	0	0	0	0	0	0	0	0	0	0	0	0	0
Q9NPA1-2	Q9NPA1-2	uc003fjp.1	protein_coding	0	0	0	5	0	0	0	0	0	0	5	0	0	0	0	0	0	0	0	0	0	0	0	0
Q9NPA1-3	Q9NPA1-3	uc003fjn.3	protein_coding	0	0	0	5	0	0	0	0	0	0	5	0	0	0	0	0	0	0	0	0	0	0	0	0
Q9NPA1-4	Q9NPA1-4	uc003fjo.3	protein_coding	0	0	0	5	0	0	0	0	0	0	5	0	0	0	0	0	0	0	0	0	0	0	0	0
Q9NQ55	Q9NQ55	uc002mmz.2	protein_coding	1	1	4	28	3	0	1	0	0	0	9	0	15	4	0	0	0	0	0	0	1	0	1	0
Q9NQC7	Q9NQC7	uc002egp.1	protein_coding	1	2	1	31	5	0	0	0	0	0	0	0	26	1	0	0	0	0	0	0	1	0	2	0
Q9NQC7	Q9NQC7	uc021tib.1	protein_coding	1	2	1	31	5	0	0	0	0	0	0	0	26	1	0	0	0	0	0	0	1	0	2	0
Q9NQC7-2	Q9NQC7-2	uc002egq.1	protein_coding	1	2	1	31	5	0	0	0	0	0	0	0	26	1	0	0	0	0	0	0	1	0	2	0
Q9NQC7-2	Q9NQC7-2	uc002egr.1	protein_coding	1	2	1	31	5	0	0	0	0	0	0	0	26	1	0	0	0	0	0	0	1	0	2	0
Q9NQG6	Q9NQG6	uc003axx.3	protein_coding	0	0	0	6	0	0	0	0	0	0	6	0	0	0	0	0	0	0	0	0	0	0	0	0
Q9NQG6	Q9NQG6	uc003axy.3	protein_coding	0	0	0	6	0	0	0	0	0	0	6	0	0	0	0	0	0	0	0	0	0	0	0	0
Q9NQX3	Q9NQX3	uc001xiy.3	protein_coding	1	5	7	109	3	2	7	0	0	0	1	0	99	7	0	0	1	0	0	0	0	0	3	0
Q9NQX3-2	Q9NQX3-2	uc001xix.3	protein_coding	1	5	7	109	3	2	7	0	0	0	1	0	99	7	0	0	1	0	0	0	0	0	3	0
Q9NQX3-2	Q9NQX3-2	uc010tsu.2	protein_coding	1	3	7	65	3	0	0	0	0	0	1	0	61	7	0	0	1	0	0	0	0	0	3	1
Q9NQX6	Q9NQX6	uc002qbx.1	protein_coding	0	2	2	24	0	0	1	0	0	0	0	0	23	2	0	0	0	0	0	0	0	0	2	0
Q9NQX6	Q9NQX6	uc002qby.1	protein_coding	0	2	2	24	0	0	1	0	0	0	0	0	23	2	0	0	0	0	0	0	0	0	2	0
Q9NQX6	Q9NQX6	uc002qbz.1	protein_coding	0	2	2	24	0	0	1	0	0	0	0	0	23	2	0	0	0	0	0	0	0	0	2	0
Q9NQX6	Q9NQX6	uc002qca.1	protein_coding	0	2	2	24	0	0	1	0	0	0	0	0	22	2	0	0	0	0	0	0	0	0	2	1
Q9NQX6	Q9NQX6	uc002qcb.1	protein_coding	0	2	2	24	0	0	1	0	0	0	0	0	22	2	0	0	0	0	0	0	0	0	2	1
Q9NQX6	Q9NQX6	uc002qcc.1	protein_coding	0	2	2	18	0	0	1	0	0	0	0	0	15	2	0	0	0	0	0	0	0	0	2	2
Q9NQX6	Q9NQX6	uc002qcd.1	protein_coding	0	2	2	18	0	0	1	0	0	0	0	0	15	2	0	0	0	0	0	0	0	0	2	2
Q9NQX6	Q9NQX6	uc010eqr.1	protein_coding	0	2	2	24	0	0	1	0	0	0	0	0	22	2	0	0	0	0	0	0	0	0	2	1
Q9NQX6	Q9NQX6	uc021uzg.1	protein_coding	0	2	2	24	0	0	1	0	0	0	0	0	22	2	0	0	0	0	0	0	0	0	2	1
Q9NQX6	Q9NQX6	uc021uzh.1	protein_coding	0	2	2	24	0	0	1	0	0	0	0	0	22	2	0	0	0	0	0	0	0	0	2	1
Q9NR20	Q9NR20	uc001qmx.3	protein_coding	0	4	2	37	0	0	1	0	0	0	1	0	32	2	0	0	0	0	1	0	0	0	3	4
Q9NR20	Q9NR20	uc021qtq.1	protein_coding	0	3	1	39	0	0	3	0	0	0	1	0	30	1	0	0	0	0	1	0	0	0	2	6
Q9NR20-2	Q9NR20-2	uc001qmy.2	protein_coding	0	4	2	37	0	0	1	0	0	0	1	0	30	2	0	0	0	0	1	0	0	0	3	6
Q9NR48	Q9NR48	uc009wqq.3	protein_coding	1	3	14	92	1	1	3	0	0	0	1	0	79	14	0	0	0	0	0	0	1	0	2	8
Q9NR48	Q9NR48	uc009wqr.1	protein_coding	1	0	11	20	0	0	0	0	0	0	0	0	20	11	0	0	0	0	0	0	1	0	0	0
Q9NR48-2	Q9NR48-2	uc001fkt.3	protein_coding	1	3	14	92	1	1	3	0	0	0	1	0	79	14	0	0	0	0	0	0	1	0	2	8
Q9NRS6	Q9NRS6	uc001oci.4	protein_coding	0	0	0	2	0	0	0	0	0	0	2	0	0	0	0	0	0	0	0	0	0	0	0	0
Q9NRY4	Q9NRY4	uc010ekv.3	protein_coding	1	6	11	33	11	0	0	0	0	0	0	0	22	11	0	0	0	0	0	0	1	0	6	0
Q9NRY6	Q9NRY6	uc002ggm.2	protein_coding	0	0	0	10	1	0	0	0	0	0	9	0	0	0	0	0	0	0	0	0	0	0	0	0
Q9NRY6	Q9NRY6	uc002ggn.2	protein_coding	0	0	0	10	1	0	0	0	0	0	9	0	0	0	0	0	0	0	0	0	0	0	0	0
Q9NRY6	Q9NRY6	uc002ggo.2	protein_coding	0	0	0	10	1	0	0	0	0	0	9	0	0	0	0	0	0	0	0	0	0	0	0	0
Q9NRY6	Q9NRY6	uc002ggr.2	protein_coding	0	0	0	10	1	0	0	0	0	0	9	0	0	0	0	0	0	0	0	0	0	0	0	0
Q9NRY6	Q9NRY6	uc010cmg.2	protein_coding	0	0	0	10	1	0	0	0	0	0	9	0	0	0	0	0	0	0	0	0	0	0	0	0
Q9NSN9	Q9NSN9	uc001hzr.3	protein_coding	0	0	0	2	1	0	0	0	0	0	0	0	1	0	0	0	0	0	0	0	0	0	0	0
Q9NTJ3	Q9NTJ3	uc003fdh.3	protein_coding	3	1	4	40	1	0	0	0	0	0	0	1	41	4	0	0	2	0	2	0	0	0	0	1
Q9NTJ3	Q9NTJ3	uc003fdj.3	protein_coding	3	1	4	40	1	0	1	0	0	0	0	1	39	4	0	0	2	0	2	0	0	0	0	2
Q9NTJ3	Q9NTJ3	uc003fdl.3	protein_coding	2	0	2	36	1	0	0	0	0	0	0	0	28	2	0	0	2	0	0	0	0	0	0	9
Q9NTJ3-2	Q9NTJ3-2	uc010hwd.3	protein_coding	3	1	4	40	1	0	1	0	0	0	0	1	39	4	0	0	2	0	2	0	0	0	0	2
Q9NUL3	Q9NUL3	uc003xzm.3	protein_coding	0	2	3	93	1	0	0	0	0	0	1	0	91	3	0	0	0	0	0	0	0	0	2	0
Q9NUL3-5	Q9NUL3-5	uc003xzs.3	protein_coding	0	0	0	18	0	0	0	0	0	0	3	0	15	0	0	0	0	0	0	0	0	0	0	0
Q9NUX5	Q9NUX5	uc003vlm.3	protein_coding	0	1	1	46	2	0	0	0	0	0	1	0	44	1	0	0	0	0	1	0	0	0	0	0
Q9NV66	Q9NV66	uc003tvn.4	protein_coding	0	0	0	6	0	0	0	0	0	0	0	0	0	0	0	0	0	0	0	0	0	0	0	6
Q9NW08	Q9NW08	uc001tlp.3	protein_coding	1	6	7	53	3	1	2	0	0	0	0	0	49	7	0	0	0	0	1	0	1	0	4	0
Q9NWH7	Q9NWH7	uc001crr.2	protein_coding	0	3	3	57	0	0	1	0	0	0	0	0	57	3	0	0	0	0	1	0	0	0	2	0
Q9NWH7-2	Q9NWH7-2	uc001crs.2	protein_coding	0	3	3	57	0	0	1	0	0	0	0	0	57	3	0	0	0	0	1	0	0	0	2	0
Q9NZL6	Q9NZL6	uc001gqo.3	protein_coding	1	5	3	67	12	0	3	0	0	0	0	0	54	3	0	0	0	0	3	0	1	0	3	0
Q9NZL6-2	Q9NZL6-2	uc001gqm.3	protein_coding	1	5	3	97	12	0	0	0	0	0	0	0	87	3	0	0	0	0	3	0	1	0	3	0
Q9NZN5	Q9NZN5	uc001pxl.2	protein_coding	2	3	6	53	4	0	1	0	0	0	0	0	49	6	0	0	0	1	1	0	1	0	3	0
Q9NZN5	Q9NZN5	uc009zau.1	protein_coding	2	3	6	49	4	0	0	0	0	0	0	0	46	6	0	0	0	1	1	0	1	0	3	0
Q9NZN5	Q9NZN5	uc010rzn.1	protein_coding	2	2	4	44	1	0	0	0	0	0	6	0	38	4	0	0	0	1	1	0	1	0	2	0
Q9NZN5-2	Q9NZN5-2	uc009zat.3	protein_coding	2	3	6	53	4	0	1	0	0	0	0	0	49	6	0	0	0	1	1	0	1	0	3	0
Q9NZQ7	Q9NZQ7	uc003zje.3	protein_coding	0	1	3	13	3	0	0	0	0	0	0	0	10	3	0	0	0	0	0	0	0	0	1	0
Q9NZQ7-3	Q9NZQ7-3	uc011lmb.2	protein_coding	0	0	1	16	3	0	0	0	0	0	5	0	8	1	0	0	0	0	0	0	0	0	0	0
Q9NZY1	Q9NZY1	uc003ytc.2	protein_coding	0	0	0	1	0	0	0	0	0	0	1	0	0	0	0	0	0	0	0	0	0	0	0	0
Q9P071	Q9P071	uc003hae.3	protein_coding	0	0	0	20	1	0	0	0	0	0	5	0	13	0	0	0	0	0	0	0	0	0	0	1
Q9P0U4	Q9P0U4	uc002leq.4	protein_coding	0	0	0	1	0	0	0	0	0	0	1	0	0	0	0	0	0	0	0	0	0	0	0	0
Q9P0U4	Q9P0U4	uc010doy.3	protein_coding	0	0	0	1	0	0	0	0	0	0	1	0	0	0	0	0	0	0	0	0	0	0	0	0
Q9P0U4-2	Q9P0U4-2	uc002ler.4	protein_coding	0	0	0	1	0	0	0	0	0	0	1	0	0	0	0	0	0	0	0	0	0	0	0	0
Q9P298	Q9P298	uc002ihm.4	protein_coding	0	0	2	27	0	0	0	0	0	0	24	0	3	2	0	0	0	0	0	0	0	0	0	0
Q9P298	Q9P298	uc031rau.1	protein_coding	0	0	2	27	0	0	0	0	0	0	24	0	3	2	0	0	0	0	0	0	0	0	0	0
Q9P2H3	Q9P2H3	uc003fdd.2	protein_coding	0	0	0	8	0	0	1	0	0	0	0	0	0	0	0	0	0	0	0	0	0	0	0	7
Q9P2H3	Q9P2H3	uc021xgq.1	protein_coding	0	0	0	8	0	0	1	0	0	0	0	0	0	0	0	0	0	0	0	0	0	0	0	7
Q9P2S2	Q9P2S2	uc021qkw.1	protein_coding	0	15	12	78	3	0	0	0	0	0	0	0	77	12	0	0	0	0	2	0	0	0	13	0
Q9P2S2-2	Q9P2S2-2	uc001oas.3	protein_coding	0	14	12	79	3	0	0	0	0	0	0	0	78	12	0	0	0	0	2	0	0	0	12	0
Q9P2S2-2	Q9P2S2-2	uc021qkx.1	protein_coding	0	14	12	79	3	0	0	0	0	0	0	0	78	12	0	0	0	0	2	0	0	0	12	0
Q9UBU9	Q9UBU9	uc001nvf.1	protein_coding	1	4	2	23	1	0	0	0	0	0	0	0	18	2	0	0	0	0	1	0	1	0	3	5
Q9UBU9-2	Q9UBU9-2	uc001nvg.1	protein_coding	1	2	1	26	6	0	0	0	0	0	0	0	16	1	0	0	0	0	1	0	1	0	1	5
Q9UDY4	Q9UDY4	uc010orn.2	protein_coding	0	0	0	1	0	0	0	0	0	0	0	0	0	0	0	0	0	0	0	0	0	0	0	1
Q9UGJ1	Q9UGJ1	uc001zro.3	protein_coding	0	0	0	9	0	0	0	0	0	0	9	0	0	0	0	0	0	0	0	0	0	0	0	0
Q9UGJ1-2	Q9UGJ1-2	uc001zrn.3	protein_coding	0	0	0	9	0	0	0	0	0	0	9	0	0	0	0	0	0	0	0	0	0	0	0	0
Q9UH73	Q9UH73	uc010jip.3	protein_coding	0	1	8	67	5	0	0	0	0	0	0	0	62	8	0	0	0	0	2	0	0	0	1	0
Q9UH73-2	Q9UH73-2	uc003lxl.5	protein_coding	0	1	8	67	5	0	0	0	0	0	0	0	62	8	0	0	0	0	2	0	0	0	1	0
Q9UHN1	Q9UHN1	uc002jei.3	protein_coding	0	0	0	4	0	0	0	0	0	0	0	0	0	0	0	0	0	0	0	0	0	0	0	4
Q9UHN1	Q9UHN1	uc010deg.2	protein_coding	0	0	0	4	0	0	0	0	0	0	0	0	0	0	0	0	0	0	0	0	0	0	0	4
Q9UIG4	Q9UIG4	uc003nso.4	protein_coding	0	0	0	13	0	0	0	0	0	0	0	0	0	0	0	0	0	0	0	0	0	0	0	13
Q9UIG5	Q9UIG5	uc003nsl.2	protein_coding	0	0	0	22	0	0	0	0	0	0	22	0	0	0	0	0	0	0	0	0	0	0	0	0
Q9UIG5-2	Q9UIG5-2	uc010jsj.2	protein_coding	0	0	0	22	0	0	0	0	0	0	22	0	0	0	0	0	0	0	0	0	0	0	0	0
Q9UII8	Q9UII8	uc010cfg.1	protein_coding	0	6	4	46	4	0	1	0	0	0	4	0	37	4	0	0	0	0	1	0	0	0	5	1
Q9UIS9	Q9UIS9	uc002lei.4	protein_coding	0	3	8	26	2	0	0	0	0	0	3	0	21	8	0	0	0	0	0	0	0	0	3	0
Q9UIS9	Q9UIS9	uc010dow.2	protein_coding	0	3	8	26	4	0	0	0	0	0	0	0	22	8	0	0	0	0	0	0	0	0	3	0
Q9UIS9-2	Q9UIS9-2	uc002lel.4	protein_coding	0	3	9	25	0	0	0	0	0	0	3	0	22	9	0	0	0	0	0	0	0	0	3	0
Q9UIS9-4	Q9UIS9-4	uc002lej.4	protein_coding	0	3	6	28	2	0	0	0	0	0	3	0	23	6	0	0	0	0	0	0	0	0	3	0
Q9UIS9-5	Q9UIS9-5	uc002lek.4	protein_coding	0	2	8	27	2	0	0	0	0	0	3	0	22	8	0	0	0	0	0	0	0	0	2	0
Q9UIS9-6	Q9UIS9-6	uc002len.3	protein_coding	0	3	8	26	1	0	0	0	0	0	3	0	22	8	0	0	0	0	0	0	0	0	3	0
Q9UIS9-6	Q9UIS9-6	uc002leo.2	protein_coding	0	3	8	23	0	0	0	0	0	0	4	0	19	8	0	0	0	0	0	0	0	0	3	0
Q9UIS9-7	Q9UIS9-7	uc002leh.4	protein_coding	0	3	6	28	2	0	0	0	0	0	3	0	23	6	0	0	0	0	0	0	0	0	3	0
Q9UIS9-8	Q9UIS9-8	uc010dox.1	protein_coding	0	3	8	26	1	0	0	0	0	0	5	0	19	8	0	0	0	0	0	0	0	0	3	1
Q9UIS9-9	Q9UIS9-9	uc010xdk.2	protein_coding	0	4	8	25	2	0	0	0	0	0	4	0	19	8	0	0	0	0	0	0	0	0	4	0
Q9UJ42	Q9UJ42	uc003fgi.3	protein_coding	0	0	0	1	0	0	0	0	0	0	1	0	0	0	0	0	0	0	0	0	0	0	0	0
Q9UJ42	Q9UJ42	uc010hwq.3	protein_coding	0	0	0	1	0	0	0	0	0	0	1	0	0	0	0	0	0	0	0	0	0	0	0	0
Q9UJ42	Q9UJ42	uc021xhe.1	protein_coding	0	0	0	1	0	0	0	0	0	0	1	0	0	0	0	0	0	0	0	0	0	0	0	0
Q9UK53	Q9UK53	uc001vri.3	protein_coding	0	2	9	9	3	0	0	0	0	0	0	0	0	9	0	0	0	0	0	0	0	0	2	6
Q9UK53-2	Q9UK53-2	uc001vrh.4	protein_coding	0	2	2	16	3	0	3	0	0	0	0	0	9	2	0	0	0	0	0	0	0	0	2	1
Q9UK53-3	Q9UK53-3	uc001vrg.3	protein_coding	0	2	2	16	3	0	0	0	0	0	0	0	12	2	0	0	0	0	0	0	0	0	2	1
Q9UK53-3	Q9UK53-3	uc021rmo.1	protein_coding	0	2	2	12	0	0	0	0	0	0	3	0	0	2	0	0	0	0	0	0	0	0	2	9
Q9UK53-4	Q9UK53-4	uc001vrf.4	protein_coding	0	2	2	16	3	0	1	0	0	0	0	0	12	2	0	0	0	0	0	0	0	0	2	0
Q9UK53-5	Q9UK53-5	uc031qni.1	protein_coding	0	2	2	16	3	0	0	0	0	0	0	0	7	2	0	0	0	0	0	0	0	0	2	6
Q9UK79	Q9UK79	uc002hsn.1	protein_coding	0	2	2	28	0	0	0	0	0	0	18	0	11	2	0	0	0	0	1	0	0	0	1	0
Q9UKA4	Q9UKA4	uc001uys.2	protein_coding	2	2	15	33	11	0	0	0	0	0	0	0	22	15	0	0	0	0	0	0	2	0	2	0
Q9UKJ5	Q9UKJ5	uc003haj.2	protein_coding	0	0	1	16	1	0	0	0	0	0	0	0	14	1	0	0	0	0	0	0	0	0	0	1
Q9UL54	Q9UL54	uc002dva.2	protein_coding	1	15	10	52	1	2	2	0	0	0	21	0	29	10	0	0	0	0	2	0	1	0	12	0
Q9UL54-2	Q9UL54-2	uc002dvc.2	protein_coding	3	11	10	54	4	2	2	0	0	0	0	0	49	10	0	0	0	0	3	0	3	0	8	0
Q9UL54-3	Q9UL54-3	uc002dvd.2	protein_coding	1	12	11	51	1	1	2	0	0	0	21	0	18	11	0	0	0	0	2	0	1	0	10	10
Q9ULE4	Q9ULE4	uc003gpm.4	protein_coding	0	1	1	5	1	0	0	0	0	0	0	0	5	1	0	0	0	0	1	0	0	0	0	0
Q9ULH1	Q9ULH1	uc003yta.2	protein_coding	0	3	11	107	3	0	0	0	0	0	2	0	104	11	0	0	0	0	2	0	0	0	1	0
Q9ULK8	Q9ULK8	uc010fby.1	protein_coding	1	0	4	36	0	0	1	0	0	0	8	0	23	4	0	0	0	0	0	0	1	0	0	4
Q9ULR4	Q9ULR4	uc003brj.1	protein_coding	0	0	1	42	5	0	1	0	0	0	9	0	24	1	0	0	0	0	0	0	0	0	0	3
Q9ULV8	Q9ULV8	uc002ozs.3	protein_coding	2	7	4	27	0	0	0	0	0	0	0	0	30	4	0	0	0	0	3	0	2	0	4	0
Q9ULV8-2	Q9ULV8-2	uc010ejt.3	protein_coding	1	7	3	29	0	0	0	0	0	0	0	0	32	3	0	0	0	0	3	0	1	0	4	0
Q9UN70	Q9UN70	uc003lkv.2	protein_coding	1	8	13	77	18	0	1	0	0	0	0	0	59	13	0	0	0	0	1	0	1	0	7	0
Q9UN70-2	Q9UN70-2	uc003lku.1	protein_coding	1	6	10	3	0	0	1	0	0	0	2	0	0	10	0	0	0	0	0	0	1	0	6	0
Q9UN71	Q9UN71	uc003lkc.2	protein_coding	0	2	3	172	18	0	0	0	0	0	0	0	155	3	0	0	0	0	1	0	0	0	1	0
Q9UNL4	Q9UNL4	uc001qpw.4	protein_coding	0	0	0	8	0	0	0	0	0	0	0	0	0	0	0	0	0	0	0	0	0	0	0	8
Q9UNL4-2	Q9UNL4-2	uc001qpv.4	protein_coding	0	0	0	8	0	0	0	0	0	0	0	0	0	0	0	0	0	0	0	0	0	0	0	8
Q9UNL4-3	Q9UNL4-3	uc009zet.3	protein_coding	0	0	0	8	0	0	0	0	0	0	0	0	0	0	0	0	0	0	0	0	0	0	0	8
Q9UNL4-4	Q9UNL4-4	uc001qpy.4	protein_coding	0	0	0	8	0	0	0	0	0	0	0	0	0	0	0	0	0	0	0	0	0	0	0	8
Q9UNL4-5	Q9UNL4-5	uc001qpx.4	protein_coding	0	0	0	8	0	0	0	0	0	0	0	0	0	0	0	0	0	0	0	0	0	0	0	8
Q9UNL4-8	Q9UNL4-8	uc009zes.3	protein_coding	0	0	0	8	0	0	0	0	0	0	0	0	0	0	0	0	0	0	0	0	0	0	0	8
Q9UPY3	Q9UPY3	uc001ydv.3	protein_coding	0	2	7	53	19	0	1	0	0	0	0	0	32	7	0	0	0	0	0	0	0	0	2	1
Q9UPY3	Q9UPY3	uc001ydw.2	protein_coding	0	2	7	54	19	0	1	0	0	0	0	0	33	7	0	0	0	0	0	0	0	0	2	1
Q9UPY3	Q9UPY3	uc001ydx.2	protein_coding	0	2	7	54	19	0	1	0	0	0	0	0	34	7	0	0	0	0	0	0	0	0	2	0
Q9UPY3-2	Q9UPY3-2	uc021sbc.1	protein_coding	0	2	7	53	19	0	1	0	0	0	0	0	28	7	0	0	0	0	0	0	0	0	2	5
Q9UQD0	Q9UQD0	uc001ryw.4	protein_coding	1	10	7	82	9	0	0	0	0	0	0	0	75	7	0	0	0	0	2	0	1	0	8	0
Q9UQD0-5	Q9UQD0-5	uc010snl.3	protein_coding	1	10	7	82	9	0	0	0	0	0	0	0	75	7	0	0	0	0	2	0	1	0	8	0
Q9UQQ1	Q9UQQ1	uc001ocn.3	protein_coding	0	9	12	26	1	0	0	0	0	0	0	0	29	12	0	0	0	0	5	0	0	0	5	0
Q9Y224	Q9Y224	uc010aod.3	protein_coding	0	0	0	5	0	0	0	0	0	0	5	0	0	0	0	0	0	0	0	0	0	0	0	0
Q9Y242	Q9Y242	uc003nss.3	protein_coding	0	0	0	43	0	0	0	0	0	0	22	0	0	0	0	0	0	0	0	0	0	0	0	21
Q9Y242	Q9Y242	uc003nst.3	protein_coding	0	0	0	43	0	0	0	0	0	0	22	0	0	0	0	0	0	0	0	0	0	0	0	21
Q9Y261	Q9Y261	uc002wsn.3	protein_coding	0	4	7	10	5	0	0	0	0	0	0	0	5	7	0	0	0	0	0	0	0	0	4	0
Q9Y2A7	Q9Y2A7	uc002upc.4	protein_coding	5	2	1	44	0	0	2	0	0	0	0	0	47	1	0	0	5	0	2	0	0	0	2	0
Q9Y2A7-2	Q9Y2A7-2	uc002upb.4	protein_coding	5	2	1	44	0	0	2	0	0	0	0	0	47	1	0	0	5	0	2	0	0	0	2	0
Q9Y2H6	Q9Y2H6	uc001vcm.3	protein_coding	3	0	5	58	3	0	0	0	0	0	0	0	55	5	0	0	0	0	1	0	3	0	0	0
Q9Y2H6	Q9Y2H6	uc001vcn.3	protein_coding	3	0	5	58	3	0	0	0	0	0	0	0	55	5	0	0	0	0	1	0	3	0	0	0
Q9Y2H6-2	Q9Y2H6-2	uc001vcp.1	protein_coding	2	0	1	36	0	0	0	0	0	0	3	0	32	1	0	0	0	0	0	0	2	0	0	1
Q9Y2H6-2	Q9Y2H6-2	uc001vcq.3	protein_coding	3	0	4	45	3	0	0	0	0	0	0	0	41	4	0	0	0	0	1	0	3	0	0	1
Q9Y2H8	Q9Y2H8	uc004awn.1	protein_coding	0	1	6	4	1	0	0	0	0	0	0	0	3	6	0	0	0	0	0	0	0	0	1	0
Q9Y2H8	Q9Y2H8	uc004awo.1	protein_coding	0	1	6	4	1	0	0	0	0	0	0	0	3	6	0	0	0	0	0	0	0	0	1	0
Q9Y3A5	Q9Y3A5	uc003tvm.1	protein_coding	0	2	0	6	0	0	1	0	0	0	0	0	3	0	0	0	0	0	0	0	0	0	2	2
Q9Y3D3	Q9Y3D3	uc001jts.1	protein_coding	0	0	0	5	0	0	0	0	0	0	0	0	0	0	0	0	0	0	0	0	0	0	0	5
Q9Y4A5	Q9Y4A5	uc003upp.3	protein_coding	0	14	34	156	1	0	0	0	0	0	0	0	160	34	0	0	0	0	6	0	0	0	9	0
Q9Y4A5-2	Q9Y4A5-2	uc011kis.2	protein_coding	0	14	34	156	1	0	0	0	0	0	0	0	160	34	0	0	0	0	6	0	0	0	9	0
Q9Y4A8	Q9Y4A8	uc003sxq.3	protein_coding	0	0	0	5	0	0	0	0	0	0	5	0	0	0	0	0	0	0	0	0	0	0	0	0
Q9Y572	Q9Y572	uc001wpa.3	protein_coding	0	0	0	12	0	0	0	0	0	0	12	0	0	0	0	0	0	0	0	0	0	0	0	0
Q9Y572	Q9Y572	uc001wpb.3	protein_coding	0	0	0	12	0	0	0	0	0	0	12	0	0	0	0	0	0	0	0	0	0	0	0	0
Q9Y572	Q9Y572	uc010toi.2	protein_coding	0	0	0	12	0	0	0	0	0	0	12	0	0	0	0	0	0	0	0	0	0	0	0	0
Q9Y5B9	Q9Y5B9	uc001wao.2	protein_coding	0	0	0	8	0	0	0	0	0	0	0	0	0	0	0	0	0	0	0	0	0	0	0	8
Q9Y5F6	Q9Y5F6	uc003lla.2	protein_coding	0	7	13	59	18	0	0	0	0	0	0	0	21	13	0	0	0	0	1	0	0	0	6	21
Q9Y5F6-2	Q9Y5F6-2	uc011dbc.2	protein_coding	0	5	14	33	0	0	0	0	0	0	12	0	0	14	0	0	0	0	0	0	0	0	5	21
Q9Y5F7	Q9Y5F7	uc003lky.2	protein_coding	0	10	12	59	18	0	0	0	0	0	0	0	39	12	0	0	0	0	1	0	0	0	9	3
Q9Y5F7-2	Q9Y5F7-2	uc011dbb.2	protein_coding	0	8	9	29	0	0	0	0	0	0	26	0	0	9	0	0	0	0	0	0	0	0	8	3
Q9Y5F8	Q9Y5F8	uc003lkn.2	protein_coding	1	4	6	154	18	0	0	0	0	0	0	0	129	6	0	0	0	0	1	0	1	0	3	8
Q9Y5F8-2	Q9Y5F8-2	uc003lkm.3	protein_coding	1	2	3	23	0	0	0	0	0	0	15	0	0	3	0	0	0	0	0	0	1	0	2	8
Q9Y5F9	Q9Y5F9	uc003lkj.2	protein_coding	1	7	9	160	18	0	0	0	0	0	0	0	143	9	0	0	0	0	1	0	1	0	6	0
Q9Y5F9-2	Q9Y5F9-2	uc003lki.1	protein_coding	1	5	6	8	0	0	0	0	0	0	8	0	0	6	0	0	0	0	0	0	1	0	5	0
Q9Y5G0	Q9Y5G0	uc003lkf.2	protein_coding	0	2	3	172	18	0	0	0	0	0	0	0	155	3	0	0	0	0	1	0	0	0	1	0
Q9Y5G2	Q9Y5G2	uc003ljs.2	protein_coding	0	2	3	172	18	0	0	0	0	0	0	0	155	3	0	0	0	0	1	0	0	0	1	0
Q9Y5G3	Q9Y5G3	uc003ljo.2	protein_coding	0	2	3	172	18	0	0	0	0	0	0	0	155	3	0	0	0	0	1	0	0	0	1	0
Q9Y5G4	Q9Y5G4	uc003lkh.2	protein_coding	0	2	3	172	18	0	0	0	0	0	0	0	155	3	0	0	0	0	1	0	0	0	1	0
Q9Y5G4-2	Q9Y5G4-2	uc011dax.2	protein_coding	0	0	0	11	0	0	0	0	0	0	11	0	0	0	0	0	0	0	0	0	0	0	0	0
Q9Y5G5	Q9Y5G5	uc003lkd.2	protein_coding	0	2	3	172	18	0	0	0	0	0	0	0	155	3	0	0	0	0	1	0	0	0	1	0
Q9Y5G6	Q9Y5G6	uc003lka.2	protein_coding	0	2	3	172	18	0	0	0	0	0	0	0	155	3	0	0	0	0	1	0	0	0	1	0
Q9Y5G7	Q9Y5G7	uc003ljy.2	protein_coding	0	2	3	172	18	0	0	0	0	0	0	0	155	3	0	0	0	0	1	0	0	0	1	0
Q9Y5G8	Q9Y5G8	uc003lju.2	protein_coding	0	2	3	172	18	0	0	0	0	0	0	0	155	3	0	0	0	0	1	0	0	0	1	0
Q9Y5G9	Q9Y5G9	uc003ljq.2	protein_coding	0	2	3	172	18	0	0	0	0	0	0	0	155	3	0	0	0	0	1	0	0	0	1	0
Q9Y5H0	Q9Y5H0	uc003ljm.2	protein_coding	0	2	3	172	18	0	0	0	0	0	0	0	155	3	0	0	0	0	1	0	0	0	1	0
Q9Y5H1	Q9Y5H1	uc003ljk.2	protein_coding	0	2	3	172	18	0	0	0	0	0	0	0	155	3	0	0	0	0	1	0	0	0	1	0
Q9Y5H2	Q9Y5H2	uc003lkq.2	protein_coding	1	4	10	143	18	1	3	0	0	0	0	0	117	10	0	0	0	0	1	0	1	0	2	6
Q9Y5H2-2	Q9Y5H2-2	uc003lko.1	protein_coding	1	2	9	22	1	1	3	0	0	0	12	0	0	9	0	0	0	0	0	0	1	0	1	6
Q9Y5H2-3	Q9Y5H2-3	uc003lkp.2	protein_coding	1	3	9	145	18	1	3	0	0	0	0	0	119	9	0	0	0	0	1	0	1	0	1	6
Q9Y5H3	Q9Y5H3	uc003lkl.2	protein_coding	0	2	9	166	18	0	0	0	0	0	0	0	136	9	0	0	0	0	1	0	0	0	1	13
Q9Y5H3-2	Q9Y5H3-2	uc011day.2	protein_coding	1	0	6	19	0	0	0	0	0	0	6	1	0	6	0	0	0	0	0	0	0	0	0	13
Q9Y5H4	Q9Y5H4	uc003lji.2	protein_coding	0	2	3	172	18	0	0	0	0	0	0	0	155	3	0	0	0	0	1	0	0	0	1	0
Q9Y5Q3	Q9Y5Q3	uc002xji.3	protein_coding	0	2	5	8	8	0	0	0	0	0	0	0	0	5	0	0	0	0	0	0	0	0	2	0
Q9Y608	Q9Y608	uc003cgp.2	protein_coding	1	0	0	27	5	0	0	0	0	0	11	0	11	0	0	0	0	0	0	0	1	0	0	0
Q9Y608-2	Q9Y608-2	uc003cgt.3	protein_coding	1	0	0	27	5	0	0	0	0	0	11	0	11	0	0	0	0	0	0	0	1	0	0	0
Q9Y608-4	Q9Y608-4	uc003cgs.3	protein_coding	1	0	0	27	5	0	0	0	0	0	11	0	11	0	0	0	0	0	0	0	1	0	0	0
Q9Y618	Q9Y618	uc001ugj.1	protein_coding	1	12	17	191	0	0	2	0	1	0	16	0	176	16	0	0	0	0	5	0	1	0	9	0
Q9Y618	Q9Y618	uc010tba.2	protein_coding	4	18	22	179	0	0	2	0	1	0	8	2	172	21	0	0	1	0	5	0	1	0	15	1
Q9Y618-2	Q9Y618-2	uc010tax.2	protein_coding	1	6	8	60	10	0	2	0	0	0	0	0	28	8	0	0	1	0	2	0	0	0	4	23
Q9Y697	Q9Y697	uc002xdt.2	protein_coding	0	0	0	1	0	0	0	0	0	0	0	0	0	0	0	0	0	0	0	0	0	0	0	1
Q9Y697	Q9Y697	uc002xdw.2	protein_coding	0	0	0	1	0	0	0	0	0	0	0	0	0	0	0	0	0	0	0	0	0	0	0	1
Q9Y697	Q9Y697	uc010zvk.2	protein_coding	0	0	0	1	0	0	0	0	0	0	0	0	0	0	0	0	0	0	0	0	0	0	0	1
Q9Y6D6	Q9Y6D6	uc003xxo.2	protein_coding	2	2	13	64	2	0	0	0	0	0	7	0	55	13	0	0	0	0	0	0	2	0	2	0
Q9Y6K1	Q9Y6K1	uc002rgc.4	protein_coding	1	7	12	69	2	0	0	0	0	0	0	0	71	12	0	0	0	0	5	0	1	0	3	0
Q9Y6K1	Q9Y6K1	uc002rgd.4	protein_coding	1	7	12	69	2	0	0	0	0	0	0	0	71	12	0	0	0	0	5	0	1	0	3	0
Q9Y6K1-3	Q9Y6K1-3	uc002rgf.3	protein_coding	0	0	2	25	0	0	0	0	0	0	3	0	22	2	0	0	0	0	0	0	0	0	0	0
Q9Y6R1	Q9Y6R1	uc003hfy.3	protein_coding	2	7	5	110	14	1	1	0	0	0	1	0	95	5	0	0	1	0	2	0	1	0	6	0
Q9Y6R1	Q9Y6R1	uc003hfz.3	protein_coding	2	6	5	107	14	0	0	0	0	0	1	0	93	5	0	0	1	0	2	0	1	0	6	0
Q9Y6R1-2	Q9Y6R1-2	uc003hgc.4	protein_coding	2	6	5	86	14	0	0	0	0	0	1	0	72	5	0	0	1	0	2	0	1	0	6	0
Q9Y6R1-3	Q9Y6R1-3	uc003hga.2	protein_coding	2	3	2	45	1	0	0	0	0	0	1	0	43	2	0	0	1	0	1	0	1	0	3	1
Q9Y6R1-3	Q9Y6R1-3	uc003hgb.3	protein_coding	2	3	2	26	1	0	0	0	0	0	1	0	25	2	0	0	1	0	1	0	1	0	3	0
Q9Y6R1-4	Q9Y6R1-4	uc010iib.3	protein_coding	2	7	4	111	14	1	1	0	0	0	1	0	96	4	0	0	1	0	2	0	1	0	6	0
Q9Y6X0	Q9Y6X0	uc010dni.3	protein_coding	3	7	11	107	6	0	1	0	0	0	0	0	100	11	0	0	0	0	0	0	3	0	7	0
Q9Y6X0-2	Q9Y6X0-2	uc002lay.3	protein_coding	0	0	1	81	1	0	1	0	0	0	0	0	79	1	0	0	0	0	0	0	0	0	0	0
